2025-04-24 07:41:32,091 Worker rq:worker:8144cfb388c64d0bb550200ca05502de started with PID 6056, version 2.3.2
2025-04-24 07:41:32,091 Subscribing to channel rq:pubsub:8144cfb388c64d0bb550200ca05502de
2025-04-24 07:41:32,092 *** Listening on home-fy-Documents-GitHub-erpnext-frappe-bench:short, home-fy-Documents-GitHub-erpnext-frappe-bench:default, home-fy-Documents-GitHub-erpnext-frappe-bench:long...
2025-04-24 07:41:32,093 Cleaning registries for queue: home-fy-Documents-GitHub-erpnext-frappe-bench:short
2025-04-24 07:41:32,094 Cleaning registries for queue: home-fy-Documents-GitHub-erpnext-frappe-bench:default
2025-04-24 07:41:32,095 Cleaning registries for queue: home-fy-Documents-GitHub-erpnext-frappe-bench:long
2025-04-24 07:51:28,932 home-fy-Documents-GitHub-erpnext-frappe-bench:default: frappe.utils.background_jobs.execute_job(event=None, is_async=True, job_name='frappe.model.delete_doc.delete_dynamic_links', kwargs={'doctype': 'Property Setter', 'name': 'Sales Order-tax_id-hidden'}, method='frappe.model.delete_doc.delete_dynamic_links', site='erpnext.localhost', user='Administrator') (erpnext.localhost||3e60a124-21a3-40cf-9ee4-8b08b4a7aa3b)
2025-04-24 07:51:28,970 home-fy-Documents-GitHub-erpnext-frappe-bench:default: frappe.utils.background_jobs.execute_job(event=None, is_async=True, job_name='frappe.model.delete_doc.delete_dynamic_links', kwargs={'doctype': 'Property Setter', 'name': 'Sales Order-tax_id-print_hide'}, method='frappe.model.delete_doc.delete_dynamic_links', site='erpnext.localhost', user='Administrator') (erpnext.localhost||f6c1508b-ff05-497c-a3bc-c1afcc3ac9b2)
2025-04-24 07:51:28,987 home-fy-Documents-GitHub-erpnext-frappe-bench:default: frappe.utils.background_jobs.execute_job(event=None, is_async=True, job_name='frappe.model.delete_doc.delete_dynamic_links', kwargs={'doctype': 'Property Setter', 'name': 'Sales Invoice-tax_id-hidden'}, method='frappe.model.delete_doc.delete_dynamic_links', site='erpnext.localhost', user='Administrator') (erpnext.localhost||c8bfef78-5af1-44c2-a3b9-ad99b52fe7f1)
2025-04-24 07:51:29,004 home-fy-Documents-GitHub-erpnext-frappe-bench:default: frappe.utils.background_jobs.execute_job(event=None, is_async=True, job_name='frappe.model.delete_doc.delete_dynamic_links', kwargs={'doctype': 'Property Setter', 'name': 'Sales Invoice-tax_id-print_hide'}, method='frappe.model.delete_doc.delete_dynamic_links', site='erpnext.localhost', user='Administrator') (erpnext.localhost||b2e7a755-8625-40d1-ba82-c1541cae37fa)
2025-04-24 07:51:29,022 home-fy-Documents-GitHub-erpnext-frappe-bench:default: frappe.utils.background_jobs.execute_job(event=None, is_async=True, job_name='frappe.model.delete_doc.delete_dynamic_links', kwargs={'doctype': 'Property Setter', 'name': 'Delivery Note-tax_id-hidden'}, method='frappe.model.delete_doc.delete_dynamic_links', site='erpnext.localhost', user='Administrator') (erpnext.localhost||e6ee7fc5-35af-4c42-82d6-b8e6c79f548f)
2025-04-24 07:51:29,039 home-fy-Documents-GitHub-erpnext-frappe-bench:default: frappe.utils.background_jobs.execute_job(event=None, is_async=True, job_name='frappe.model.delete_doc.delete_dynamic_links', kwargs={'doctype': 'Property Setter', 'name': 'Delivery Note-tax_id-print_hide'}, method='frappe.model.delete_doc.delete_dynamic_links', site='erpnext.localhost', user='Administrator') (erpnext.localhost||6a1c4d36-7d72-4990-ae28-8298988635d9)
2025-04-24 07:51:29,057 home-fy-Documents-GitHub-erpnext-frappe-bench:default: frappe.utils.background_jobs.execute_job(event=None, is_async=True, job_name='frappe.model.delete_doc.delete_dynamic_links', kwargs={'doctype': 'Property Setter', 'name': 'Packed Item-rate-read_only'}, method='frappe.model.delete_doc.delete_dynamic_links', site='erpnext.localhost', user='Administrator') (erpnext.localhost||b7813e7b-2d60-4262-871a-bde61508770d)
2025-04-24 07:51:29,079 home-fy-Documents-GitHub-erpnext-frappe-bench:default: frappe.utils.background_jobs.execute_job(event=None, is_async=True, job_name='frappe.model.delete_doc.delete_dynamic_links', kwargs={'doctype': 'Property Setter', 'name': 'Sales Invoice Item-discount_account..., method='frappe.model.delete_doc.delete_dynamic_links', site='erpnext.localhost', user='Administrator') (erpnext.localhost||dfc6fdbb-444a-46f4-a5d2-d4768af2bab7)
2025-04-24 07:51:29,095 home-fy-Documents-GitHub-erpnext-frappe-bench:default: frappe.utils.background_jobs.execute_job(event=None, is_async=True, job_name='frappe.model.delete_doc.delete_dynamic_links', kwargs={'doctype': 'Property Setter', 'name': 'Sales Invoice Item-discount_account..., method='frappe.model.delete_doc.delete_dynamic_links', site='erpnext.localhost', user='Administrator') (erpnext.localhost||0e901b09-e55f-4e2b-8872-ac1a6adcf76e)
2025-04-24 07:51:29,113 home-fy-Documents-GitHub-erpnext-frappe-bench:default: frappe.utils.background_jobs.execute_job(event=None, is_async=True, job_name='frappe.model.delete_doc.delete_dynamic_links', kwargs={'doctype': 'Property Setter', 'name': 'Sales Invoice-additional_discount_a..., method='frappe.model.delete_doc.delete_dynamic_links', site='erpnext.localhost', user='Administrator') (erpnext.localhost||6765dceb-b946-4920-91eb-37870d5b3d0e)
2025-04-24 07:51:29,130 home-fy-Documents-GitHub-erpnext-frappe-bench:default: frappe.utils.background_jobs.execute_job(event=None, is_async=True, job_name='frappe.model.delete_doc.delete_dynamic_links', kwargs={'doctype': 'Property Setter', 'name': 'Sales Invoice-additional_discount_a..., method='frappe.model.delete_doc.delete_dynamic_links', site='erpnext.localhost', user='Administrator') (erpnext.localhost||c13cb2df-a056-49b7-9ac3-824ee6e897a2)
2025-04-24 07:52:00,867 Worker 8144cfb388c64d0bb550200ca05502de [PID 6056]: warm shut down requested
2025-04-24 07:52:00,870 Unsubscribing from channel rq:pubsub:8144cfb388c64d0bb550200ca05502de
2025-04-24 07:53:07,990 Worker rq:worker:986ad4f7e5a44c7e8447a1cebd2c4e1a started with PID 7543, version 2.3.2
2025-04-24 07:53:07,990 Subscribing to channel rq:pubsub:986ad4f7e5a44c7e8447a1cebd2c4e1a
2025-04-24 07:53:07,991 *** Listening on home-fy-Documents-GitHub-erpnext-frappe-bench:short, home-fy-Documents-GitHub-erpnext-frappe-bench:default, home-fy-Documents-GitHub-erpnext-frappe-bench:long...
2025-04-24 07:53:07,991 Cleaning registries for queue: home-fy-Documents-GitHub-erpnext-frappe-bench:short
2025-04-24 07:53:07,992 Cleaning registries for queue: home-fy-Documents-GitHub-erpnext-frappe-bench:default
2025-04-24 07:53:07,993 Cleaning registries for queue: home-fy-Documents-GitHub-erpnext-frappe-bench:long
2025-04-24 07:54:36,736 Worker 986ad4f7e5a44c7e8447a1cebd2c4e1a [PID 7543]: warm shut down requested
2025-04-24 07:54:36,754 Unsubscribing from channel rq:pubsub:986ad4f7e5a44c7e8447a1cebd2c4e1a
2025-04-24 09:50:43,159 Worker rq:worker:c05d8575d7dd4a11a1343cfe04f297f8 started with PID 2842, version 2.3.2
2025-04-24 09:50:43,159 Subscribing to channel rq:pubsub:c05d8575d7dd4a11a1343cfe04f297f8
2025-04-24 09:50:43,162 *** Listening on home-fy-Documents-GitHub-erpnext-frappe-bench:short, home-fy-Documents-GitHub-erpnext-frappe-bench:default, home-fy-Documents-GitHub-erpnext-frappe-bench:long...
2025-04-24 09:50:43,163 Cleaning registries for queue: home-fy-Documents-GitHub-erpnext-frappe-bench:short
2025-04-24 09:50:43,166 Cleaning registries for queue: home-fy-Documents-GitHub-erpnext-frappe-bench:default
2025-04-24 09:50:43,169 Cleaning registries for queue: home-fy-Documents-GitHub-erpnext-frappe-bench:long
2025-04-24 09:59:08,794 home-fy-Documents-GitHub-erpnext-frappe-bench:default: frappe.utils.background_jobs.execute_job(event=None, is_async=True, job_name='frappe.core.doctype.user.user.create_contact', kwargs={'user': <User: doctype=User fyrakotojaona@gmail.com>, 'ignore_mandatory': ..., method='frappe.core.doctype.user.user.create_contact', site='erpnext.localhost', user='Administrator') (erpnext.localhost||bce8dc7e-aa01-496f-a5b0-9ede21c76b86)
2025-04-24 09:59:10,681 Successfully completed frappe.utils.background_jobs.execute_job(event=None, is_async=True, job_name='frappe.core.doctype.user.user.create_contact', kwargs={'user': <User: doctype=User fyrakotojaona@gmail.com>, 'ignore_mandatory': ..., method='frappe.core.doctype.user.user.create_contact', site='erpnext.localhost', user='Administrator') job in 0:00:01.794341s on worker c05d8575d7dd4a11a1343cfe04f297f8
2025-04-24 09:59:10,681 home-fy-Documents-GitHub-erpnext-frappe-bench:default: Job OK (erpnext.localhost||bce8dc7e-aa01-496f-a5b0-9ede21c76b86)
2025-04-24 09:59:10,681 Result is kept for 600 seconds
2025-04-24 09:59:10,688 home-fy-Documents-GitHub-erpnext-frappe-bench:default: frappe.utils.background_jobs.execute_job(event=None, is_async=True, job_name='erpnext.setup.demo.setup_demo_data', kwargs={}, method=<function setup_demo_data at 0x7257b71ea7a0>, site='erpnext.localhost', user='fyrakotojaona@gmail.com') (erpnext.localhost||3cb3ac2c-5c1c-4a62-9eb8-6f64a1f1b4ca)
Document Insert Error
Traceback (most recent call last):
  File "apps/frappe/frappe/desk/page/setup_wizard/setup_wizard.py", line 453, in make_records
    doc.insert(ignore_permissions=True, ignore_if_duplicate=True)
  File "apps/frappe/frappe/model/document.py", line 405, in insert
    self._validate_links()
  File "apps/frappe/frappe/model/document.py", line 1095, in _validate_links
    frappe.throw(_("Could not find {0}").format(msg), frappe.LinkValidationError)
  File "apps/frappe/frappe/utils/messages.py", line 145, in throw
    msgprint(
  File "apps/frappe/frappe/utils/messages.py", line 106, in msgprint
    _raise_exception()
  File "apps/frappe/frappe/utils/messages.py", line 57, in _raise_exception
    raise exc
frappe.exceptions.LinkValidationError: Could not find Parent Department: All Departments

Document Insert Error
Traceback (most recent call last):
  File "apps/frappe/frappe/desk/page/setup_wizard/setup_wizard.py", line 453, in make_records
    doc.insert(ignore_permissions=True, ignore_if_duplicate=True)
  File "apps/frappe/frappe/model/document.py", line 405, in insert
    self._validate_links()
  File "apps/frappe/frappe/model/document.py", line 1095, in _validate_links
    frappe.throw(_("Could not find {0}").format(msg), frappe.LinkValidationError)
  File "apps/frappe/frappe/utils/messages.py", line 145, in throw
    msgprint(
  File "apps/frappe/frappe/utils/messages.py", line 106, in msgprint
    _raise_exception()
  File "apps/frappe/frappe/utils/messages.py", line 57, in _raise_exception
    raise exc
frappe.exceptions.LinkValidationError: Could not find Parent Department: All Departments

Document Insert Error
Traceback (most recent call last):
  File "apps/frappe/frappe/desk/page/setup_wizard/setup_wizard.py", line 453, in make_records
    doc.insert(ignore_permissions=True, ignore_if_duplicate=True)
  File "apps/frappe/frappe/model/document.py", line 405, in insert
    self._validate_links()
  File "apps/frappe/frappe/model/document.py", line 1095, in _validate_links
    frappe.throw(_("Could not find {0}").format(msg), frappe.LinkValidationError)
  File "apps/frappe/frappe/utils/messages.py", line 145, in throw
    msgprint(
  File "apps/frappe/frappe/utils/messages.py", line 106, in msgprint
    _raise_exception()
  File "apps/frappe/frappe/utils/messages.py", line 57, in _raise_exception
    raise exc
frappe.exceptions.LinkValidationError: Could not find Parent Department: All Departments

Document Insert Error
Traceback (most recent call last):
  File "apps/frappe/frappe/desk/page/setup_wizard/setup_wizard.py", line 453, in make_records
    doc.insert(ignore_permissions=True, ignore_if_duplicate=True)
  File "apps/frappe/frappe/model/document.py", line 405, in insert
    self._validate_links()
  File "apps/frappe/frappe/model/document.py", line 1095, in _validate_links
    frappe.throw(_("Could not find {0}").format(msg), frappe.LinkValidationError)
  File "apps/frappe/frappe/utils/messages.py", line 145, in throw
    msgprint(
  File "apps/frappe/frappe/utils/messages.py", line 106, in msgprint
    _raise_exception()
  File "apps/frappe/frappe/utils/messages.py", line 57, in _raise_exception
    raise exc
frappe.exceptions.LinkValidationError: Could not find Parent Department: All Departments

Document Insert Error
Traceback (most recent call last):
  File "apps/frappe/frappe/desk/page/setup_wizard/setup_wizard.py", line 453, in make_records
    doc.insert(ignore_permissions=True, ignore_if_duplicate=True)
  File "apps/frappe/frappe/model/document.py", line 405, in insert
    self._validate_links()
  File "apps/frappe/frappe/model/document.py", line 1095, in _validate_links
    frappe.throw(_("Could not find {0}").format(msg), frappe.LinkValidationError)
  File "apps/frappe/frappe/utils/messages.py", line 145, in throw
    msgprint(
  File "apps/frappe/frappe/utils/messages.py", line 106, in msgprint
    _raise_exception()
  File "apps/frappe/frappe/utils/messages.py", line 57, in _raise_exception
    raise exc
frappe.exceptions.LinkValidationError: Could not find Parent Department: All Departments

Document Insert Error
Traceback (most recent call last):
  File "apps/frappe/frappe/desk/page/setup_wizard/setup_wizard.py", line 453, in make_records
    doc.insert(ignore_permissions=True, ignore_if_duplicate=True)
  File "apps/frappe/frappe/model/document.py", line 405, in insert
    self._validate_links()
  File "apps/frappe/frappe/model/document.py", line 1095, in _validate_links
    frappe.throw(_("Could not find {0}").format(msg), frappe.LinkValidationError)
  File "apps/frappe/frappe/utils/messages.py", line 145, in throw
    msgprint(
  File "apps/frappe/frappe/utils/messages.py", line 106, in msgprint
    _raise_exception()
  File "apps/frappe/frappe/utils/messages.py", line 57, in _raise_exception
    raise exc
frappe.exceptions.LinkValidationError: Could not find Parent Department: All Departments

Document Insert Error
Traceback (most recent call last):
  File "apps/frappe/frappe/desk/page/setup_wizard/setup_wizard.py", line 453, in make_records
    doc.insert(ignore_permissions=True, ignore_if_duplicate=True)
  File "apps/frappe/frappe/model/document.py", line 405, in insert
    self._validate_links()
  File "apps/frappe/frappe/model/document.py", line 1095, in _validate_links
    frappe.throw(_("Could not find {0}").format(msg), frappe.LinkValidationError)
  File "apps/frappe/frappe/utils/messages.py", line 145, in throw
    msgprint(
  File "apps/frappe/frappe/utils/messages.py", line 106, in msgprint
    _raise_exception()
  File "apps/frappe/frappe/utils/messages.py", line 57, in _raise_exception
    raise exc
frappe.exceptions.LinkValidationError: Could not find Parent Department: All Departments

Document Insert Error
Traceback (most recent call last):
  File "apps/frappe/frappe/desk/page/setup_wizard/setup_wizard.py", line 453, in make_records
    doc.insert(ignore_permissions=True, ignore_if_duplicate=True)
  File "apps/frappe/frappe/model/document.py", line 405, in insert
    self._validate_links()
  File "apps/frappe/frappe/model/document.py", line 1095, in _validate_links
    frappe.throw(_("Could not find {0}").format(msg), frappe.LinkValidationError)
  File "apps/frappe/frappe/utils/messages.py", line 145, in throw
    msgprint(
  File "apps/frappe/frappe/utils/messages.py", line 106, in msgprint
    _raise_exception()
  File "apps/frappe/frappe/utils/messages.py", line 57, in _raise_exception
    raise exc
frappe.exceptions.LinkValidationError: Could not find Parent Department: All Departments

Document Insert Error
Traceback (most recent call last):
  File "apps/frappe/frappe/desk/page/setup_wizard/setup_wizard.py", line 453, in make_records
    doc.insert(ignore_permissions=True, ignore_if_duplicate=True)
  File "apps/frappe/frappe/model/document.py", line 405, in insert
    self._validate_links()
  File "apps/frappe/frappe/model/document.py", line 1095, in _validate_links
    frappe.throw(_("Could not find {0}").format(msg), frappe.LinkValidationError)
  File "apps/frappe/frappe/utils/messages.py", line 145, in throw
    msgprint(
  File "apps/frappe/frappe/utils/messages.py", line 106, in msgprint
    _raise_exception()
  File "apps/frappe/frappe/utils/messages.py", line 57, in _raise_exception
    raise exc
frappe.exceptions.LinkValidationError: Could not find Parent Department: All Departments

Document Insert Error
Traceback (most recent call last):
  File "apps/frappe/frappe/desk/page/setup_wizard/setup_wizard.py", line 453, in make_records
    doc.insert(ignore_permissions=True, ignore_if_duplicate=True)
  File "apps/frappe/frappe/model/document.py", line 405, in insert
    self._validate_links()
  File "apps/frappe/frappe/model/document.py", line 1095, in _validate_links
    frappe.throw(_("Could not find {0}").format(msg), frappe.LinkValidationError)
  File "apps/frappe/frappe/utils/messages.py", line 145, in throw
    msgprint(
  File "apps/frappe/frappe/utils/messages.py", line 106, in msgprint
    _raise_exception()
  File "apps/frappe/frappe/utils/messages.py", line 57, in _raise_exception
    raise exc
frappe.exceptions.LinkValidationError: Could not find Parent Department: All Departments

Document Insert Error
Traceback (most recent call last):
  File "apps/frappe/frappe/desk/page/setup_wizard/setup_wizard.py", line 453, in make_records
    doc.insert(ignore_permissions=True, ignore_if_duplicate=True)
  File "apps/frappe/frappe/model/document.py", line 405, in insert
    self._validate_links()
  File "apps/frappe/frappe/model/document.py", line 1095, in _validate_links
    frappe.throw(_("Could not find {0}").format(msg), frappe.LinkValidationError)
  File "apps/frappe/frappe/utils/messages.py", line 145, in throw
    msgprint(
  File "apps/frappe/frappe/utils/messages.py", line 106, in msgprint
    _raise_exception()
  File "apps/frappe/frappe/utils/messages.py", line 57, in _raise_exception
    raise exc
frappe.exceptions.LinkValidationError: Could not find Parent Department: All Departments

Document Insert Error
Traceback (most recent call last):
  File "apps/frappe/frappe/desk/page/setup_wizard/setup_wizard.py", line 453, in make_records
    doc.insert(ignore_permissions=True, ignore_if_duplicate=True)
  File "apps/frappe/frappe/model/document.py", line 405, in insert
    self._validate_links()
  File "apps/frappe/frappe/model/document.py", line 1095, in _validate_links
    frappe.throw(_("Could not find {0}").format(msg), frappe.LinkValidationError)
  File "apps/frappe/frappe/utils/messages.py", line 145, in throw
    msgprint(
  File "apps/frappe/frappe/utils/messages.py", line 106, in msgprint
    _raise_exception()
  File "apps/frappe/frappe/utils/messages.py", line 57, in _raise_exception
    raise exc
frappe.exceptions.LinkValidationError: Could not find Parent Department: All Departments

Document Insert Error
Traceback (most recent call last):
  File "apps/frappe/frappe/desk/page/setup_wizard/setup_wizard.py", line 453, in make_records
    doc.insert(ignore_permissions=True, ignore_if_duplicate=True)
  File "apps/frappe/frappe/model/document.py", line 405, in insert
    self._validate_links()
  File "apps/frappe/frappe/model/document.py", line 1095, in _validate_links
    frappe.throw(_("Could not find {0}").format(msg), frappe.LinkValidationError)
  File "apps/frappe/frappe/utils/messages.py", line 145, in throw
    msgprint(
  File "apps/frappe/frappe/utils/messages.py", line 106, in msgprint
    _raise_exception()
  File "apps/frappe/frappe/utils/messages.py", line 57, in _raise_exception
    raise exc
frappe.exceptions.LinkValidationError: Could not find Parent Department: All Departments

2025-04-24 09:59:32,376 Successfully completed frappe.utils.background_jobs.execute_job(event=None, is_async=True, job_name='erpnext.setup.demo.setup_demo_data', kwargs={}, method=<function setup_demo_data at 0x7257b71ea7a0>, site='erpnext.localhost', user='fyrakotojaona@gmail.com') job in 0:00:21.475884s on worker c05d8575d7dd4a11a1343cfe04f297f8
2025-04-24 09:59:32,376 home-fy-Documents-GitHub-erpnext-frappe-bench:default: Job OK (erpnext.localhost||3cb3ac2c-5c1c-4a62-9eb8-6f64a1f1b4ca)
2025-04-24 09:59:32,376 Result is kept for 600 seconds
2025-04-24 09:59:32,386 home-fy-Documents-GitHub-erpnext-frappe-bench:default: frappe.utils.background_jobs.execute_job(event=None, is_async=True, job_name='frappe.core.doctype.user.user.update_gravatar', kwargs={'name': 'fyrakotojaona@gmail.com'}, method='frappe.core.doctype.user.user.update_gravatar', site='erpnext.localhost', user='Administrator') (erpnext.localhost||d6a803e2-9570-4da6-b2ca-9722eb3effcb)
2025-04-24 09:59:33,392 Successfully completed frappe.utils.background_jobs.execute_job(event=None, is_async=True, job_name='frappe.core.doctype.user.user.update_gravatar', kwargs={'name': 'fyrakotojaona@gmail.com'}, method='frappe.core.doctype.user.user.update_gravatar', site='erpnext.localhost', user='Administrator') job in 0:00:00.996272s on worker c05d8575d7dd4a11a1343cfe04f297f8
2025-04-24 09:59:33,392 home-fy-Documents-GitHub-erpnext-frappe-bench:default: Job OK (erpnext.localhost||d6a803e2-9570-4da6-b2ca-9722eb3effcb)
2025-04-24 09:59:33,392 Result is kept for 600 seconds
2025-04-24 09:59:33,408 home-fy-Documents-GitHub-erpnext-frappe-bench:default: frappe.utils.background_jobs.execute_job(event=None, is_async=True, job_name='frappe.model.delete_doc.delete_dynamic_links', kwargs={'doctype': 'Property Setter', 'name': 'Customer-naming_series-reqd'}, method='frappe.model.delete_doc.delete_dynamic_links', site='erpnext.localhost', user='Administrator') (erpnext.localhost||9b7d5f2f-d59c-46e9-ae3a-355c80be0f12)
2025-04-24 09:59:33,472 Successfully completed frappe.utils.background_jobs.execute_job(event=None, is_async=True, job_name='frappe.model.delete_doc.delete_dynamic_links', kwargs={'doctype': 'Property Setter', 'name': 'Customer-naming_series-reqd'}, method='frappe.model.delete_doc.delete_dynamic_links', site='erpnext.localhost', user='Administrator') job in 0:00:00.047625s on worker c05d8575d7dd4a11a1343cfe04f297f8
2025-04-24 09:59:33,472 home-fy-Documents-GitHub-erpnext-frappe-bench:default: Job OK (erpnext.localhost||9b7d5f2f-d59c-46e9-ae3a-355c80be0f12)
2025-04-24 09:59:33,472 Result is kept for 600 seconds
2025-04-24 09:59:33,476 home-fy-Documents-GitHub-erpnext-frappe-bench:default: frappe.utils.background_jobs.execute_job(event=None, is_async=True, job_name='frappe.model.delete_doc.delete_dynamic_links', kwargs={'doctype': 'Property Setter', 'name': 'Customer-naming_series-hidden'}, method='frappe.model.delete_doc.delete_dynamic_links', site='erpnext.localhost', user='Administrator') (erpnext.localhost||20fee69d-cac5-42be-8045-07e104bed24e)
2025-04-24 09:59:33,514 Successfully completed frappe.utils.background_jobs.execute_job(event=None, is_async=True, job_name='frappe.model.delete_doc.delete_dynamic_links', kwargs={'doctype': 'Property Setter', 'name': 'Customer-naming_series-hidden'}, method='frappe.model.delete_doc.delete_dynamic_links', site='erpnext.localhost', user='Administrator') job in 0:00:00.031915s on worker c05d8575d7dd4a11a1343cfe04f297f8
2025-04-24 09:59:33,514 home-fy-Documents-GitHub-erpnext-frappe-bench:default: Job OK (erpnext.localhost||20fee69d-cac5-42be-8045-07e104bed24e)
2025-04-24 09:59:33,514 Result is kept for 600 seconds
2025-04-24 09:59:33,518 home-fy-Documents-GitHub-erpnext-frappe-bench:default: frappe.utils.background_jobs.execute_job(event=None, is_async=True, job_name='frappe.model.delete_doc.delete_dynamic_links', kwargs={'doctype': 'Property Setter', 'name': 'Sales Order-tax_id-hidden'}, method='frappe.model.delete_doc.delete_dynamic_links', site='erpnext.localhost', user='Administrator') (erpnext.localhost||71b64083-8800-4202-84c6-c13b2aa1fe84)
2025-04-24 09:59:33,555 Successfully completed frappe.utils.background_jobs.execute_job(event=None, is_async=True, job_name='frappe.model.delete_doc.delete_dynamic_links', kwargs={'doctype': 'Property Setter', 'name': 'Sales Order-tax_id-hidden'}, method='frappe.model.delete_doc.delete_dynamic_links', site='erpnext.localhost', user='Administrator') job in 0:00:00.031752s on worker c05d8575d7dd4a11a1343cfe04f297f8
2025-04-24 09:59:33,555 home-fy-Documents-GitHub-erpnext-frappe-bench:default: Job OK (erpnext.localhost||71b64083-8800-4202-84c6-c13b2aa1fe84)
2025-04-24 09:59:33,555 Result is kept for 600 seconds
2025-04-24 09:59:33,560 home-fy-Documents-GitHub-erpnext-frappe-bench:default: frappe.utils.background_jobs.execute_job(event=None, is_async=True, job_name='frappe.model.delete_doc.delete_dynamic_links', kwargs={'doctype': 'Property Setter', 'name': 'Sales Order-tax_id-print_hide'}, method='frappe.model.delete_doc.delete_dynamic_links', site='erpnext.localhost', user='Administrator') (erpnext.localhost||b4de4a1d-b97c-4e61-b169-87e7841857bd)
2025-04-24 09:59:33,597 Successfully completed frappe.utils.background_jobs.execute_job(event=None, is_async=True, job_name='frappe.model.delete_doc.delete_dynamic_links', kwargs={'doctype': 'Property Setter', 'name': 'Sales Order-tax_id-print_hide'}, method='frappe.model.delete_doc.delete_dynamic_links', site='erpnext.localhost', user='Administrator') job in 0:00:00.031654s on worker c05d8575d7dd4a11a1343cfe04f297f8
2025-04-24 09:59:33,597 home-fy-Documents-GitHub-erpnext-frappe-bench:default: Job OK (erpnext.localhost||b4de4a1d-b97c-4e61-b169-87e7841857bd)
2025-04-24 09:59:33,597 Result is kept for 600 seconds
2025-04-24 09:59:33,601 home-fy-Documents-GitHub-erpnext-frappe-bench:default: frappe.utils.background_jobs.execute_job(event=None, is_async=True, job_name='frappe.model.delete_doc.delete_dynamic_links', kwargs={'doctype': 'Property Setter', 'name': 'Sales Invoice-tax_id-hidden'}, method='frappe.model.delete_doc.delete_dynamic_links', site='erpnext.localhost', user='Administrator') (erpnext.localhost||121c5f70-df2d-4de5-8013-198122bb9ea9)
2025-04-24 09:59:33,638 Successfully completed frappe.utils.background_jobs.execute_job(event=None, is_async=True, job_name='frappe.model.delete_doc.delete_dynamic_links', kwargs={'doctype': 'Property Setter', 'name': 'Sales Invoice-tax_id-hidden'}, method='frappe.model.delete_doc.delete_dynamic_links', site='erpnext.localhost', user='Administrator') job in 0:00:00.031876s on worker c05d8575d7dd4a11a1343cfe04f297f8
2025-04-24 09:59:33,638 home-fy-Documents-GitHub-erpnext-frappe-bench:default: Job OK (erpnext.localhost||121c5f70-df2d-4de5-8013-198122bb9ea9)
2025-04-24 09:59:33,638 Result is kept for 600 seconds
2025-04-24 09:59:33,642 home-fy-Documents-GitHub-erpnext-frappe-bench:default: frappe.utils.background_jobs.execute_job(event=None, is_async=True, job_name='frappe.model.delete_doc.delete_dynamic_links', kwargs={'doctype': 'Property Setter', 'name': 'Sales Invoice-tax_id-print_hide'}, method='frappe.model.delete_doc.delete_dynamic_links', site='erpnext.localhost', user='Administrator') (erpnext.localhost||1e304500-333d-4ad0-8c4d-83b75d00a8aa)
2025-04-24 09:59:33,681 Successfully completed frappe.utils.background_jobs.execute_job(event=None, is_async=True, job_name='frappe.model.delete_doc.delete_dynamic_links', kwargs={'doctype': 'Property Setter', 'name': 'Sales Invoice-tax_id-print_hide'}, method='frappe.model.delete_doc.delete_dynamic_links', site='erpnext.localhost', user='Administrator') job in 0:00:00.033074s on worker c05d8575d7dd4a11a1343cfe04f297f8
2025-04-24 09:59:33,682 home-fy-Documents-GitHub-erpnext-frappe-bench:default: Job OK (erpnext.localhost||1e304500-333d-4ad0-8c4d-83b75d00a8aa)
2025-04-24 09:59:33,682 Result is kept for 600 seconds
2025-04-24 09:59:33,686 home-fy-Documents-GitHub-erpnext-frappe-bench:default: frappe.utils.background_jobs.execute_job(event=None, is_async=True, job_name='frappe.model.delete_doc.delete_dynamic_links', kwargs={'doctype': 'Property Setter', 'name': 'Delivery Note-tax_id-hidden'}, method='frappe.model.delete_doc.delete_dynamic_links', site='erpnext.localhost', user='Administrator') (erpnext.localhost||d34d40e6-cfa5-431f-af7e-6b63d6a27369)
2025-04-24 09:59:33,724 Successfully completed frappe.utils.background_jobs.execute_job(event=None, is_async=True, job_name='frappe.model.delete_doc.delete_dynamic_links', kwargs={'doctype': 'Property Setter', 'name': 'Delivery Note-tax_id-hidden'}, method='frappe.model.delete_doc.delete_dynamic_links', site='erpnext.localhost', user='Administrator') job in 0:00:00.032048s on worker c05d8575d7dd4a11a1343cfe04f297f8
2025-04-24 09:59:33,724 home-fy-Documents-GitHub-erpnext-frappe-bench:default: Job OK (erpnext.localhost||d34d40e6-cfa5-431f-af7e-6b63d6a27369)
2025-04-24 09:59:33,724 Result is kept for 600 seconds
2025-04-24 09:59:33,728 home-fy-Documents-GitHub-erpnext-frappe-bench:default: frappe.utils.background_jobs.execute_job(event=None, is_async=True, job_name='frappe.model.delete_doc.delete_dynamic_links', kwargs={'doctype': 'Property Setter', 'name': 'Delivery Note-tax_id-print_hide'}, method='frappe.model.delete_doc.delete_dynamic_links', site='erpnext.localhost', user='Administrator') (erpnext.localhost||4ec21126-2363-4e7f-8e69-1b31d1d87345)
2025-04-24 09:59:33,766 Successfully completed frappe.utils.background_jobs.execute_job(event=None, is_async=True, job_name='frappe.model.delete_doc.delete_dynamic_links', kwargs={'doctype': 'Property Setter', 'name': 'Delivery Note-tax_id-print_hide'}, method='frappe.model.delete_doc.delete_dynamic_links', site='erpnext.localhost', user='Administrator') job in 0:00:00.032867s on worker c05d8575d7dd4a11a1343cfe04f297f8
2025-04-24 09:59:33,766 home-fy-Documents-GitHub-erpnext-frappe-bench:default: Job OK (erpnext.localhost||4ec21126-2363-4e7f-8e69-1b31d1d87345)
2025-04-24 09:59:33,767 Result is kept for 600 seconds
2025-04-24 09:59:33,771 home-fy-Documents-GitHub-erpnext-frappe-bench:default: frappe.utils.background_jobs.execute_job(event=None, is_async=True, job_name='frappe.model.delete_doc.delete_dynamic_links', kwargs={'doctype': 'Property Setter', 'name': 'Packed Item-rate-read_only'}, method='frappe.model.delete_doc.delete_dynamic_links', site='erpnext.localhost', user='Administrator') (erpnext.localhost||9aac0472-5892-4933-ad30-fbb71087088f)
2025-04-24 09:59:33,808 Successfully completed frappe.utils.background_jobs.execute_job(event=None, is_async=True, job_name='frappe.model.delete_doc.delete_dynamic_links', kwargs={'doctype': 'Property Setter', 'name': 'Packed Item-rate-read_only'}, method='frappe.model.delete_doc.delete_dynamic_links', site='erpnext.localhost', user='Administrator') job in 0:00:00.031519s on worker c05d8575d7dd4a11a1343cfe04f297f8
2025-04-24 09:59:33,808 home-fy-Documents-GitHub-erpnext-frappe-bench:default: Job OK (erpnext.localhost||9aac0472-5892-4933-ad30-fbb71087088f)
2025-04-24 09:59:33,808 Result is kept for 600 seconds
2025-04-24 09:59:33,812 home-fy-Documents-GitHub-erpnext-frappe-bench:default: frappe.utils.background_jobs.execute_job(event=None, is_async=True, job_name='frappe.model.delete_doc.delete_dynamic_links', kwargs={'doctype': 'Property Setter', 'name': 'Sales Invoice Item-discount_account..., method='frappe.model.delete_doc.delete_dynamic_links', site='erpnext.localhost', user='Administrator') (erpnext.localhost||49a84aff-5148-4020-8236-087f7a03c691)
2025-04-24 09:59:33,849 Successfully completed frappe.utils.background_jobs.execute_job(event=None, is_async=True, job_name='frappe.model.delete_doc.delete_dynamic_links', kwargs={'doctype': 'Property Setter', 'name': 'Sales Invoice Item-discount_account..., method='frappe.model.delete_doc.delete_dynamic_links', site='erpnext.localhost', user='Administrator') job in 0:00:00.031857s on worker c05d8575d7dd4a11a1343cfe04f297f8
2025-04-24 09:59:33,849 home-fy-Documents-GitHub-erpnext-frappe-bench:default: Job OK (erpnext.localhost||49a84aff-5148-4020-8236-087f7a03c691)
2025-04-24 09:59:33,849 Result is kept for 600 seconds
2025-04-24 09:59:33,853 home-fy-Documents-GitHub-erpnext-frappe-bench:default: frappe.utils.background_jobs.execute_job(event=None, is_async=True, job_name='frappe.model.delete_doc.delete_dynamic_links', kwargs={'doctype': 'Property Setter', 'name': 'Sales Invoice Item-discount_account..., method='frappe.model.delete_doc.delete_dynamic_links', site='erpnext.localhost', user='Administrator') (erpnext.localhost||043a0926-8240-4b08-a611-8852d176fb7f)
2025-04-24 09:59:33,891 Successfully completed frappe.utils.background_jobs.execute_job(event=None, is_async=True, job_name='frappe.model.delete_doc.delete_dynamic_links', kwargs={'doctype': 'Property Setter', 'name': 'Sales Invoice Item-discount_account..., method='frappe.model.delete_doc.delete_dynamic_links', site='erpnext.localhost', user='Administrator') job in 0:00:00.032653s on worker c05d8575d7dd4a11a1343cfe04f297f8
2025-04-24 09:59:33,891 home-fy-Documents-GitHub-erpnext-frappe-bench:default: Job OK (erpnext.localhost||043a0926-8240-4b08-a611-8852d176fb7f)
2025-04-24 09:59:33,892 Result is kept for 600 seconds
2025-04-24 09:59:33,896 home-fy-Documents-GitHub-erpnext-frappe-bench:default: frappe.utils.background_jobs.execute_job(event=None, is_async=True, job_name='frappe.model.delete_doc.delete_dynamic_links', kwargs={'doctype': 'Property Setter', 'name': 'Sales Invoice-additional_discount_a..., method='frappe.model.delete_doc.delete_dynamic_links', site='erpnext.localhost', user='Administrator') (erpnext.localhost||cac578f8-3648-455f-8b23-375ac9c69641)
2025-04-24 09:59:33,934 Successfully completed frappe.utils.background_jobs.execute_job(event=None, is_async=True, job_name='frappe.model.delete_doc.delete_dynamic_links', kwargs={'doctype': 'Property Setter', 'name': 'Sales Invoice-additional_discount_a..., method='frappe.model.delete_doc.delete_dynamic_links', site='erpnext.localhost', user='Administrator') job in 0:00:00.032289s on worker c05d8575d7dd4a11a1343cfe04f297f8
2025-04-24 09:59:33,934 home-fy-Documents-GitHub-erpnext-frappe-bench:default: Job OK (erpnext.localhost||cac578f8-3648-455f-8b23-375ac9c69641)
2025-04-24 09:59:33,934 Result is kept for 600 seconds
2025-04-24 09:59:33,938 home-fy-Documents-GitHub-erpnext-frappe-bench:default: frappe.utils.background_jobs.execute_job(event=None, is_async=True, job_name='frappe.model.delete_doc.delete_dynamic_links', kwargs={'doctype': 'Property Setter', 'name': 'Sales Invoice-additional_discount_a..., method='frappe.model.delete_doc.delete_dynamic_links', site='erpnext.localhost', user='Administrator') (erpnext.localhost||3ddbad9c-daf6-41af-95a5-b0a880a99cc9)
2025-04-24 09:59:33,975 Successfully completed frappe.utils.background_jobs.execute_job(event=None, is_async=True, job_name='frappe.model.delete_doc.delete_dynamic_links', kwargs={'doctype': 'Property Setter', 'name': 'Sales Invoice-additional_discount_a..., method='frappe.model.delete_doc.delete_dynamic_links', site='erpnext.localhost', user='Administrator') job in 0:00:00.031817s on worker c05d8575d7dd4a11a1343cfe04f297f8
2025-04-24 09:59:33,976 home-fy-Documents-GitHub-erpnext-frappe-bench:default: Job OK (erpnext.localhost||3ddbad9c-daf6-41af-95a5-b0a880a99cc9)
2025-04-24 09:59:33,976 Result is kept for 600 seconds
2025-04-24 09:59:33,980 home-fy-Documents-GitHub-erpnext-frappe-bench:default: frappe.utils.background_jobs.execute_job(event=None, is_async=True, job_name='frappe.model.delete_doc.delete_dynamic_links', kwargs={'doctype': 'Property Setter', 'name': 'Supplier-naming_series-reqd'}, method='frappe.model.delete_doc.delete_dynamic_links', site='erpnext.localhost', user='Administrator') (erpnext.localhost||7f97ddf3-49b4-446d-86df-050ba62fabf6)
2025-04-24 09:59:34,018 Successfully completed frappe.utils.background_jobs.execute_job(event=None, is_async=True, job_name='frappe.model.delete_doc.delete_dynamic_links', kwargs={'doctype': 'Property Setter', 'name': 'Supplier-naming_series-reqd'}, method='frappe.model.delete_doc.delete_dynamic_links', site='erpnext.localhost', user='Administrator') job in 0:00:00.031972s on worker c05d8575d7dd4a11a1343cfe04f297f8
2025-04-24 09:59:34,018 home-fy-Documents-GitHub-erpnext-frappe-bench:default: Job OK (erpnext.localhost||7f97ddf3-49b4-446d-86df-050ba62fabf6)
2025-04-24 09:59:34,018 Result is kept for 600 seconds
2025-04-24 09:59:34,022 home-fy-Documents-GitHub-erpnext-frappe-bench:default: frappe.utils.background_jobs.execute_job(event=None, is_async=True, job_name='frappe.model.delete_doc.delete_dynamic_links', kwargs={'doctype': 'Property Setter', 'name': 'Supplier-naming_series-hidden'}, method='frappe.model.delete_doc.delete_dynamic_links', site='erpnext.localhost', user='Administrator') (erpnext.localhost||9c09b47b-0bab-4363-8def-1d0640d4e516)
2025-04-24 09:59:34,060 Successfully completed frappe.utils.background_jobs.execute_job(event=None, is_async=True, job_name='frappe.model.delete_doc.delete_dynamic_links', kwargs={'doctype': 'Property Setter', 'name': 'Supplier-naming_series-hidden'}, method='frappe.model.delete_doc.delete_dynamic_links', site='erpnext.localhost', user='Administrator') job in 0:00:00.032932s on worker c05d8575d7dd4a11a1343cfe04f297f8
2025-04-24 09:59:34,060 home-fy-Documents-GitHub-erpnext-frappe-bench:default: Job OK (erpnext.localhost||9c09b47b-0bab-4363-8def-1d0640d4e516)
2025-04-24 09:59:34,060 Result is kept for 600 seconds
2025-04-24 09:59:34,064 home-fy-Documents-GitHub-erpnext-frappe-bench:default: frappe.utils.background_jobs.execute_job(event=None, is_async=True, job_name='frappe.model.delete_doc.delete_dynamic_links', kwargs={'doctype': 'Property Setter', 'name': 'Supplier-naming_series-reqd'}, method='frappe.model.delete_doc.delete_dynamic_links', site='erpnext.localhost', user='Administrator') (erpnext.localhost||0f3cd9dd-3ca7-4efa-b622-58f9ab7aeadf)
2025-04-24 09:59:34,102 Successfully completed frappe.utils.background_jobs.execute_job(event=None, is_async=True, job_name='frappe.model.delete_doc.delete_dynamic_links', kwargs={'doctype': 'Property Setter', 'name': 'Supplier-naming_series-reqd'}, method='frappe.model.delete_doc.delete_dynamic_links', site='erpnext.localhost', user='Administrator') job in 0:00:00.032401s on worker c05d8575d7dd4a11a1343cfe04f297f8
2025-04-24 09:59:34,102 home-fy-Documents-GitHub-erpnext-frappe-bench:default: Job OK (erpnext.localhost||0f3cd9dd-3ca7-4efa-b622-58f9ab7aeadf)
2025-04-24 09:59:34,102 Result is kept for 600 seconds
2025-04-24 09:59:34,107 home-fy-Documents-GitHub-erpnext-frappe-bench:default: frappe.utils.background_jobs.execute_job(event=None, is_async=True, job_name='frappe.model.delete_doc.delete_dynamic_links', kwargs={'doctype': 'Property Setter', 'name': 'Supplier-naming_series-hidden'}, method='frappe.model.delete_doc.delete_dynamic_links', site='erpnext.localhost', user='Administrator') (erpnext.localhost||6209757a-008a-44ac-bc1f-b1a592b30e79)
2025-04-24 09:59:34,144 Successfully completed frappe.utils.background_jobs.execute_job(event=None, is_async=True, job_name='frappe.model.delete_doc.delete_dynamic_links', kwargs={'doctype': 'Property Setter', 'name': 'Supplier-naming_series-hidden'}, method='frappe.model.delete_doc.delete_dynamic_links', site='erpnext.localhost', user='Administrator') job in 0:00:00.031804s on worker c05d8575d7dd4a11a1343cfe04f297f8
2025-04-24 09:59:34,144 home-fy-Documents-GitHub-erpnext-frappe-bench:default: Job OK (erpnext.localhost||6209757a-008a-44ac-bc1f-b1a592b30e79)
2025-04-24 09:59:34,144 Result is kept for 600 seconds
2025-04-24 09:59:34,148 home-fy-Documents-GitHub-erpnext-frappe-bench:default: frappe.utils.background_jobs.execute_job(event=None, is_async=True, job_name='frappe.model.delete_doc.delete_dynamic_links', kwargs={'doctype': 'Property Setter', 'name': 'Customer-naming_series-reqd'}, method='frappe.model.delete_doc.delete_dynamic_links', site='erpnext.localhost', user='Administrator') (erpnext.localhost||81bc2640-beb5-4eef-8335-7531f44e9d63)
2025-04-24 09:59:34,187 Successfully completed frappe.utils.background_jobs.execute_job(event=None, is_async=True, job_name='frappe.model.delete_doc.delete_dynamic_links', kwargs={'doctype': 'Property Setter', 'name': 'Customer-naming_series-reqd'}, method='frappe.model.delete_doc.delete_dynamic_links', site='erpnext.localhost', user='Administrator') job in 0:00:00.033059s on worker c05d8575d7dd4a11a1343cfe04f297f8
2025-04-24 09:59:34,187 home-fy-Documents-GitHub-erpnext-frappe-bench:default: Job OK (erpnext.localhost||81bc2640-beb5-4eef-8335-7531f44e9d63)
2025-04-24 09:59:34,187 Result is kept for 600 seconds
2025-04-24 09:59:34,191 home-fy-Documents-GitHub-erpnext-frappe-bench:default: frappe.utils.background_jobs.execute_job(event=None, is_async=True, job_name='frappe.model.delete_doc.delete_dynamic_links', kwargs={'doctype': 'Property Setter', 'name': 'Customer-naming_series-hidden'}, method='frappe.model.delete_doc.delete_dynamic_links', site='erpnext.localhost', user='Administrator') (erpnext.localhost||a52b1307-7751-4367-aeb0-e8d3af215a4b)
2025-04-24 09:59:34,229 Successfully completed frappe.utils.background_jobs.execute_job(event=None, is_async=True, job_name='frappe.model.delete_doc.delete_dynamic_links', kwargs={'doctype': 'Property Setter', 'name': 'Customer-naming_series-hidden'}, method='frappe.model.delete_doc.delete_dynamic_links', site='erpnext.localhost', user='Administrator') job in 0:00:00.032788s on worker c05d8575d7dd4a11a1343cfe04f297f8
2025-04-24 09:59:34,229 home-fy-Documents-GitHub-erpnext-frappe-bench:default: Job OK (erpnext.localhost||a52b1307-7751-4367-aeb0-e8d3af215a4b)
2025-04-24 09:59:34,229 Result is kept for 600 seconds
2025-04-24 09:59:34,233 home-fy-Documents-GitHub-erpnext-frappe-bench:default: frappe.utils.background_jobs.execute_job(event=None, is_async=True, job_name='frappe.model.delete_doc.delete_dynamic_links', kwargs={'doctype': 'Property Setter', 'name': 'Sales Order-tax_id-hidden'}, method='frappe.model.delete_doc.delete_dynamic_links', site='erpnext.localhost', user='Administrator') (erpnext.localhost||3a81bc9e-64f1-4a11-843d-c19dd16d55df)
2025-04-24 09:59:34,271 Successfully completed frappe.utils.background_jobs.execute_job(event=None, is_async=True, job_name='frappe.model.delete_doc.delete_dynamic_links', kwargs={'doctype': 'Property Setter', 'name': 'Sales Order-tax_id-hidden'}, method='frappe.model.delete_doc.delete_dynamic_links', site='erpnext.localhost', user='Administrator') job in 0:00:00.032492s on worker c05d8575d7dd4a11a1343cfe04f297f8
2025-04-24 09:59:34,271 home-fy-Documents-GitHub-erpnext-frappe-bench:default: Job OK (erpnext.localhost||3a81bc9e-64f1-4a11-843d-c19dd16d55df)
2025-04-24 09:59:34,271 Result is kept for 600 seconds
2025-04-24 09:59:34,275 home-fy-Documents-GitHub-erpnext-frappe-bench:default: frappe.utils.background_jobs.execute_job(event=None, is_async=True, job_name='frappe.model.delete_doc.delete_dynamic_links', kwargs={'doctype': 'Property Setter', 'name': 'Sales Order-tax_id-print_hide'}, method='frappe.model.delete_doc.delete_dynamic_links', site='erpnext.localhost', user='Administrator') (erpnext.localhost||67584990-3db6-473f-bd49-57d3998e0f21)
2025-04-24 09:59:34,312 Successfully completed frappe.utils.background_jobs.execute_job(event=None, is_async=True, job_name='frappe.model.delete_doc.delete_dynamic_links', kwargs={'doctype': 'Property Setter', 'name': 'Sales Order-tax_id-print_hide'}, method='frappe.model.delete_doc.delete_dynamic_links', site='erpnext.localhost', user='Administrator') job in 0:00:00.031737s on worker c05d8575d7dd4a11a1343cfe04f297f8
2025-04-24 09:59:34,312 home-fy-Documents-GitHub-erpnext-frappe-bench:default: Job OK (erpnext.localhost||67584990-3db6-473f-bd49-57d3998e0f21)
2025-04-24 09:59:34,312 Result is kept for 600 seconds
2025-04-24 09:59:34,316 home-fy-Documents-GitHub-erpnext-frappe-bench:default: frappe.utils.background_jobs.execute_job(event=None, is_async=True, job_name='frappe.model.delete_doc.delete_dynamic_links', kwargs={'doctype': 'Property Setter', 'name': 'Sales Invoice-tax_id-hidden'}, method='frappe.model.delete_doc.delete_dynamic_links', site='erpnext.localhost', user='Administrator') (erpnext.localhost||5f03a997-6628-4f8b-ac9a-c8c8647a7b6b)
2025-04-24 09:59:34,354 Successfully completed frappe.utils.background_jobs.execute_job(event=None, is_async=True, job_name='frappe.model.delete_doc.delete_dynamic_links', kwargs={'doctype': 'Property Setter', 'name': 'Sales Invoice-tax_id-hidden'}, method='frappe.model.delete_doc.delete_dynamic_links', site='erpnext.localhost', user='Administrator') job in 0:00:00.032088s on worker c05d8575d7dd4a11a1343cfe04f297f8
2025-04-24 09:59:34,354 home-fy-Documents-GitHub-erpnext-frappe-bench:default: Job OK (erpnext.localhost||5f03a997-6628-4f8b-ac9a-c8c8647a7b6b)
2025-04-24 09:59:34,354 Result is kept for 600 seconds
2025-04-24 09:59:34,358 home-fy-Documents-GitHub-erpnext-frappe-bench:default: frappe.utils.background_jobs.execute_job(event=None, is_async=True, job_name='frappe.model.delete_doc.delete_dynamic_links', kwargs={'doctype': 'Property Setter', 'name': 'Sales Invoice-tax_id-print_hide'}, method='frappe.model.delete_doc.delete_dynamic_links', site='erpnext.localhost', user='Administrator') (erpnext.localhost||89c55ef6-3886-48c5-a315-aa1a2abb2a7a)
2025-04-24 09:59:34,397 Successfully completed frappe.utils.background_jobs.execute_job(event=None, is_async=True, job_name='frappe.model.delete_doc.delete_dynamic_links', kwargs={'doctype': 'Property Setter', 'name': 'Sales Invoice-tax_id-print_hide'}, method='frappe.model.delete_doc.delete_dynamic_links', site='erpnext.localhost', user='Administrator') job in 0:00:00.032648s on worker c05d8575d7dd4a11a1343cfe04f297f8
2025-04-24 09:59:34,397 home-fy-Documents-GitHub-erpnext-frappe-bench:default: Job OK (erpnext.localhost||89c55ef6-3886-48c5-a315-aa1a2abb2a7a)
2025-04-24 09:59:34,397 Result is kept for 600 seconds
2025-04-24 09:59:34,401 home-fy-Documents-GitHub-erpnext-frappe-bench:default: frappe.utils.background_jobs.execute_job(event=None, is_async=True, job_name='frappe.model.delete_doc.delete_dynamic_links', kwargs={'doctype': 'Property Setter', 'name': 'Delivery Note-tax_id-hidden'}, method='frappe.model.delete_doc.delete_dynamic_links', site='erpnext.localhost', user='Administrator') (erpnext.localhost||66541688-86ed-465a-b8c9-199f3bffb108)
2025-04-24 09:59:34,440 Successfully completed frappe.utils.background_jobs.execute_job(event=None, is_async=True, job_name='frappe.model.delete_doc.delete_dynamic_links', kwargs={'doctype': 'Property Setter', 'name': 'Delivery Note-tax_id-hidden'}, method='frappe.model.delete_doc.delete_dynamic_links', site='erpnext.localhost', user='Administrator') job in 0:00:00.033305s on worker c05d8575d7dd4a11a1343cfe04f297f8
2025-04-24 09:59:34,440 home-fy-Documents-GitHub-erpnext-frappe-bench:default: Job OK (erpnext.localhost||66541688-86ed-465a-b8c9-199f3bffb108)
2025-04-24 09:59:34,440 Result is kept for 600 seconds
2025-04-24 09:59:34,444 home-fy-Documents-GitHub-erpnext-frappe-bench:default: frappe.utils.background_jobs.execute_job(event=None, is_async=True, job_name='frappe.model.delete_doc.delete_dynamic_links', kwargs={'doctype': 'Property Setter', 'name': 'Delivery Note-tax_id-print_hide'}, method='frappe.model.delete_doc.delete_dynamic_links', site='erpnext.localhost', user='Administrator') (erpnext.localhost||949a5f51-e32a-47e2-8c85-fb0a003cedbe)
2025-04-24 09:59:34,482 Successfully completed frappe.utils.background_jobs.execute_job(event=None, is_async=True, job_name='frappe.model.delete_doc.delete_dynamic_links', kwargs={'doctype': 'Property Setter', 'name': 'Delivery Note-tax_id-print_hide'}, method='frappe.model.delete_doc.delete_dynamic_links', site='erpnext.localhost', user='Administrator') job in 0:00:00.031980s on worker c05d8575d7dd4a11a1343cfe04f297f8
2025-04-24 09:59:34,482 home-fy-Documents-GitHub-erpnext-frappe-bench:default: Job OK (erpnext.localhost||949a5f51-e32a-47e2-8c85-fb0a003cedbe)
2025-04-24 09:59:34,482 Result is kept for 600 seconds
2025-04-24 09:59:34,486 home-fy-Documents-GitHub-erpnext-frappe-bench:default: frappe.utils.background_jobs.execute_job(event=None, is_async=True, job_name='frappe.model.delete_doc.delete_dynamic_links', kwargs={'doctype': 'Property Setter', 'name': 'Packed Item-rate-read_only'}, method='frappe.model.delete_doc.delete_dynamic_links', site='erpnext.localhost', user='Administrator') (erpnext.localhost||65935131-9f9a-4391-9480-583c64c3cb9b)
2025-04-24 09:59:34,524 Successfully completed frappe.utils.background_jobs.execute_job(event=None, is_async=True, job_name='frappe.model.delete_doc.delete_dynamic_links', kwargs={'doctype': 'Property Setter', 'name': 'Packed Item-rate-read_only'}, method='frappe.model.delete_doc.delete_dynamic_links', site='erpnext.localhost', user='Administrator') job in 0:00:00.031999s on worker c05d8575d7dd4a11a1343cfe04f297f8
2025-04-24 09:59:34,524 home-fy-Documents-GitHub-erpnext-frappe-bench:default: Job OK (erpnext.localhost||65935131-9f9a-4391-9480-583c64c3cb9b)
2025-04-24 09:59:34,524 Result is kept for 600 seconds
2025-04-24 09:59:34,528 home-fy-Documents-GitHub-erpnext-frappe-bench:default: frappe.utils.background_jobs.execute_job(event=None, is_async=True, job_name='frappe.model.delete_doc.delete_dynamic_links', kwargs={'doctype': 'Property Setter', 'name': 'Sales Invoice Item-discount_account..., method='frappe.model.delete_doc.delete_dynamic_links', site='erpnext.localhost', user='Administrator') (erpnext.localhost||eb7e6b99-f666-4945-9692-45f205321882)
2025-04-24 09:59:34,567 Successfully completed frappe.utils.background_jobs.execute_job(event=None, is_async=True, job_name='frappe.model.delete_doc.delete_dynamic_links', kwargs={'doctype': 'Property Setter', 'name': 'Sales Invoice Item-discount_account..., method='frappe.model.delete_doc.delete_dynamic_links', site='erpnext.localhost', user='Administrator') job in 0:00:00.033209s on worker c05d8575d7dd4a11a1343cfe04f297f8
2025-04-24 09:59:34,567 home-fy-Documents-GitHub-erpnext-frappe-bench:default: Job OK (erpnext.localhost||eb7e6b99-f666-4945-9692-45f205321882)
2025-04-24 09:59:34,567 Result is kept for 600 seconds
2025-04-24 09:59:34,571 home-fy-Documents-GitHub-erpnext-frappe-bench:default: frappe.utils.background_jobs.execute_job(event=None, is_async=True, job_name='frappe.model.delete_doc.delete_dynamic_links', kwargs={'doctype': 'Property Setter', 'name': 'Sales Invoice Item-discount_account..., method='frappe.model.delete_doc.delete_dynamic_links', site='erpnext.localhost', user='Administrator') (erpnext.localhost||8fc034b6-fdf6-4c89-9ce3-ac26257b9573)
2025-04-24 09:59:34,609 Successfully completed frappe.utils.background_jobs.execute_job(event=None, is_async=True, job_name='frappe.model.delete_doc.delete_dynamic_links', kwargs={'doctype': 'Property Setter', 'name': 'Sales Invoice Item-discount_account..., method='frappe.model.delete_doc.delete_dynamic_links', site='erpnext.localhost', user='Administrator') job in 0:00:00.032083s on worker c05d8575d7dd4a11a1343cfe04f297f8
2025-04-24 09:59:34,610 home-fy-Documents-GitHub-erpnext-frappe-bench:default: Job OK (erpnext.localhost||8fc034b6-fdf6-4c89-9ce3-ac26257b9573)
2025-04-24 09:59:34,610 Result is kept for 600 seconds
2025-04-24 09:59:34,614 home-fy-Documents-GitHub-erpnext-frappe-bench:default: frappe.utils.background_jobs.execute_job(event=None, is_async=True, job_name='frappe.model.delete_doc.delete_dynamic_links', kwargs={'doctype': 'Property Setter', 'name': 'Sales Invoice-additional_discount_a..., method='frappe.model.delete_doc.delete_dynamic_links', site='erpnext.localhost', user='Administrator') (erpnext.localhost||576857a7-1c09-458d-80ae-da3a449d69df)
2025-04-24 09:59:34,651 Successfully completed frappe.utils.background_jobs.execute_job(event=None, is_async=True, job_name='frappe.model.delete_doc.delete_dynamic_links', kwargs={'doctype': 'Property Setter', 'name': 'Sales Invoice-additional_discount_a..., method='frappe.model.delete_doc.delete_dynamic_links', site='erpnext.localhost', user='Administrator') job in 0:00:00.031904s on worker c05d8575d7dd4a11a1343cfe04f297f8
2025-04-24 09:59:34,651 home-fy-Documents-GitHub-erpnext-frappe-bench:default: Job OK (erpnext.localhost||576857a7-1c09-458d-80ae-da3a449d69df)
2025-04-24 09:59:34,651 Result is kept for 600 seconds
2025-04-24 09:59:34,655 home-fy-Documents-GitHub-erpnext-frappe-bench:default: frappe.utils.background_jobs.execute_job(event=None, is_async=True, job_name='frappe.model.delete_doc.delete_dynamic_links', kwargs={'doctype': 'Property Setter', 'name': 'Sales Invoice-additional_discount_a..., method='frappe.model.delete_doc.delete_dynamic_links', site='erpnext.localhost', user='Administrator') (erpnext.localhost||c6b95e06-1860-4c83-af38-58a4447cfd80)
2025-04-24 09:59:34,693 Successfully completed frappe.utils.background_jobs.execute_job(event=None, is_async=True, job_name='frappe.model.delete_doc.delete_dynamic_links', kwargs={'doctype': 'Property Setter', 'name': 'Sales Invoice-additional_discount_a..., method='frappe.model.delete_doc.delete_dynamic_links', site='erpnext.localhost', user='Administrator') job in 0:00:00.032400s on worker c05d8575d7dd4a11a1343cfe04f297f8
2025-04-24 09:59:34,694 home-fy-Documents-GitHub-erpnext-frappe-bench:default: Job OK (erpnext.localhost||c6b95e06-1860-4c83-af38-58a4447cfd80)
2025-04-24 09:59:34,694 Result is kept for 600 seconds
2025-04-24 09:59:34,698 home-fy-Documents-GitHub-erpnext-frappe-bench:default: frappe.utils.background_jobs.execute_job(event=None, is_async=True, job_name='frappe.model.delete_doc.delete_dynamic_links', kwargs={'doctype': 'Property Setter', 'name': 'Quotation-base_rounded_total-hidden..., method='frappe.model.delete_doc.delete_dynamic_links', site='erpnext.localhost', user='Administrator') (erpnext.localhost||0b39e2b4-69ec-46b1-b4d0-417d050c310b)
2025-04-24 09:59:34,744 Successfully completed frappe.utils.background_jobs.execute_job(event=None, is_async=True, job_name='frappe.model.delete_doc.delete_dynamic_links', kwargs={'doctype': 'Property Setter', 'name': 'Quotation-base_rounded_total-hidden..., method='frappe.model.delete_doc.delete_dynamic_links', site='erpnext.localhost', user='Administrator') job in 0:00:00.040771s on worker c05d8575d7dd4a11a1343cfe04f297f8
2025-04-24 09:59:34,745 home-fy-Documents-GitHub-erpnext-frappe-bench:default: Job OK (erpnext.localhost||0b39e2b4-69ec-46b1-b4d0-417d050c310b)
2025-04-24 09:59:34,745 Result is kept for 600 seconds
2025-04-24 09:59:34,750 home-fy-Documents-GitHub-erpnext-frappe-bench:default: frappe.utils.background_jobs.execute_job(event=None, is_async=True, job_name='frappe.model.delete_doc.delete_dynamic_links', kwargs={'doctype': 'Property Setter', 'name': 'Quotation-base_rounded_total-print_..., method='frappe.model.delete_doc.delete_dynamic_links', site='erpnext.localhost', user='Administrator') (erpnext.localhost||34623391-35a8-4567-a5b8-300b71609e48)
2025-04-24 09:59:34,787 Successfully completed frappe.utils.background_jobs.execute_job(event=None, is_async=True, job_name='frappe.model.delete_doc.delete_dynamic_links', kwargs={'doctype': 'Property Setter', 'name': 'Quotation-base_rounded_total-print_..., method='frappe.model.delete_doc.delete_dynamic_links', site='erpnext.localhost', user='Administrator') job in 0:00:00.032118s on worker c05d8575d7dd4a11a1343cfe04f297f8
2025-04-24 09:59:34,787 home-fy-Documents-GitHub-erpnext-frappe-bench:default: Job OK (erpnext.localhost||34623391-35a8-4567-a5b8-300b71609e48)
2025-04-24 09:59:34,788 Result is kept for 600 seconds
2025-04-24 09:59:34,791 home-fy-Documents-GitHub-erpnext-frappe-bench:default: frappe.utils.background_jobs.execute_job(event=None, is_async=True, job_name='frappe.model.delete_doc.delete_dynamic_links', kwargs={'doctype': 'Property Setter', 'name': 'Quotation-rounded_total-hidden'}, method='frappe.model.delete_doc.delete_dynamic_links', site='erpnext.localhost', user='Administrator') (erpnext.localhost||960bba93-2771-43e4-b830-02ecd5c4240c)
2025-04-24 09:59:34,830 Successfully completed frappe.utils.background_jobs.execute_job(event=None, is_async=True, job_name='frappe.model.delete_doc.delete_dynamic_links', kwargs={'doctype': 'Property Setter', 'name': 'Quotation-rounded_total-hidden'}, method='frappe.model.delete_doc.delete_dynamic_links', site='erpnext.localhost', user='Administrator') job in 0:00:00.033094s on worker c05d8575d7dd4a11a1343cfe04f297f8
2025-04-24 09:59:34,830 home-fy-Documents-GitHub-erpnext-frappe-bench:default: Job OK (erpnext.localhost||960bba93-2771-43e4-b830-02ecd5c4240c)
2025-04-24 09:59:34,830 Result is kept for 600 seconds
2025-04-24 09:59:34,834 home-fy-Documents-GitHub-erpnext-frappe-bench:default: frappe.utils.background_jobs.execute_job(event=None, is_async=True, job_name='frappe.model.delete_doc.delete_dynamic_links', kwargs={'doctype': 'Property Setter', 'name': 'Quotation-rounded_total-print_hide'..., method='frappe.model.delete_doc.delete_dynamic_links', site='erpnext.localhost', user='Administrator') (erpnext.localhost||2e72559b-16e3-478b-8c8b-c163a87ce196)
2025-04-24 09:59:34,872 Successfully completed frappe.utils.background_jobs.execute_job(event=None, is_async=True, job_name='frappe.model.delete_doc.delete_dynamic_links', kwargs={'doctype': 'Property Setter', 'name': 'Quotation-rounded_total-print_hide'..., method='frappe.model.delete_doc.delete_dynamic_links', site='erpnext.localhost', user='Administrator') job in 0:00:00.032967s on worker c05d8575d7dd4a11a1343cfe04f297f8
2025-04-24 09:59:34,873 home-fy-Documents-GitHub-erpnext-frappe-bench:default: Job OK (erpnext.localhost||2e72559b-16e3-478b-8c8b-c163a87ce196)
2025-04-24 09:59:34,873 Result is kept for 600 seconds
2025-04-24 09:59:34,877 home-fy-Documents-GitHub-erpnext-frappe-bench:default: frappe.utils.background_jobs.execute_job(event=None, is_async=True, job_name='frappe.model.delete_doc.delete_dynamic_links', kwargs={'doctype': 'Property Setter', 'name': 'Quotation-disable_rounded_total-def..., method='frappe.model.delete_doc.delete_dynamic_links', site='erpnext.localhost', user='Administrator') (erpnext.localhost||bc9ba773-3d6c-4ab7-9b51-b40e62d1e2bd)
2025-04-24 09:59:34,916 Successfully completed frappe.utils.background_jobs.execute_job(event=None, is_async=True, job_name='frappe.model.delete_doc.delete_dynamic_links', kwargs={'doctype': 'Property Setter', 'name': 'Quotation-disable_rounded_total-def..., method='frappe.model.delete_doc.delete_dynamic_links', site='erpnext.localhost', user='Administrator') job in 0:00:00.033382s on worker c05d8575d7dd4a11a1343cfe04f297f8
2025-04-24 09:59:34,916 home-fy-Documents-GitHub-erpnext-frappe-bench:default: Job OK (erpnext.localhost||bc9ba773-3d6c-4ab7-9b51-b40e62d1e2bd)
2025-04-24 09:59:34,916 Result is kept for 600 seconds
2025-04-24 09:59:34,920 home-fy-Documents-GitHub-erpnext-frappe-bench:default: frappe.utils.background_jobs.execute_job(event=None, is_async=True, job_name='frappe.model.delete_doc.delete_dynamic_links', kwargs={'doctype': 'Property Setter', 'name': 'Sales Order-base_rounded_total-hidd..., method='frappe.model.delete_doc.delete_dynamic_links', site='erpnext.localhost', user='Administrator') (erpnext.localhost||24cb921b-7f49-41fd-9bab-7e20d2c90e96)
2025-04-24 09:59:34,957 Successfully completed frappe.utils.background_jobs.execute_job(event=None, is_async=True, job_name='frappe.model.delete_doc.delete_dynamic_links', kwargs={'doctype': 'Property Setter', 'name': 'Sales Order-base_rounded_total-hidd..., method='frappe.model.delete_doc.delete_dynamic_links', site='erpnext.localhost', user='Administrator') job in 0:00:00.031544s on worker c05d8575d7dd4a11a1343cfe04f297f8
2025-04-24 09:59:34,957 home-fy-Documents-GitHub-erpnext-frappe-bench:default: Job OK (erpnext.localhost||24cb921b-7f49-41fd-9bab-7e20d2c90e96)
2025-04-24 09:59:34,957 Result is kept for 600 seconds
2025-04-24 09:59:34,961 home-fy-Documents-GitHub-erpnext-frappe-bench:default: frappe.utils.background_jobs.execute_job(event=None, is_async=True, job_name='frappe.model.delete_doc.delete_dynamic_links', kwargs={'doctype': 'Property Setter', 'name': 'Sales Order-base_rounded_total-prin..., method='frappe.model.delete_doc.delete_dynamic_links', site='erpnext.localhost', user='Administrator') (erpnext.localhost||b3d58c05-5b33-4d63-a739-66e55e6bb6cf)
2025-04-24 09:59:34,999 Successfully completed frappe.utils.background_jobs.execute_job(event=None, is_async=True, job_name='frappe.model.delete_doc.delete_dynamic_links', kwargs={'doctype': 'Property Setter', 'name': 'Sales Order-base_rounded_total-prin..., method='frappe.model.delete_doc.delete_dynamic_links', site='erpnext.localhost', user='Administrator') job in 0:00:00.032288s on worker c05d8575d7dd4a11a1343cfe04f297f8
2025-04-24 09:59:34,999 home-fy-Documents-GitHub-erpnext-frappe-bench:default: Job OK (erpnext.localhost||b3d58c05-5b33-4d63-a739-66e55e6bb6cf)
2025-04-24 09:59:34,999 Result is kept for 600 seconds
2025-04-24 09:59:35,003 home-fy-Documents-GitHub-erpnext-frappe-bench:default: frappe.utils.background_jobs.execute_job(event=None, is_async=True, job_name='frappe.model.delete_doc.delete_dynamic_links', kwargs={'doctype': 'Property Setter', 'name': 'Sales Order-rounded_total-hidden'}, method='frappe.model.delete_doc.delete_dynamic_links', site='erpnext.localhost', user='Administrator') (erpnext.localhost||7d011cc3-2afc-4d14-b463-e308e35911cb)
2025-04-24 09:59:35,041 Successfully completed frappe.utils.background_jobs.execute_job(event=None, is_async=True, job_name='frappe.model.delete_doc.delete_dynamic_links', kwargs={'doctype': 'Property Setter', 'name': 'Sales Order-rounded_total-hidden'}, method='frappe.model.delete_doc.delete_dynamic_links', site='erpnext.localhost', user='Administrator') job in 0:00:00.032435s on worker c05d8575d7dd4a11a1343cfe04f297f8
2025-04-24 09:59:35,041 home-fy-Documents-GitHub-erpnext-frappe-bench:default: Job OK (erpnext.localhost||7d011cc3-2afc-4d14-b463-e308e35911cb)
2025-04-24 09:59:35,042 Result is kept for 600 seconds
2025-04-24 09:59:35,046 home-fy-Documents-GitHub-erpnext-frappe-bench:default: frappe.utils.background_jobs.execute_job(event=None, is_async=True, job_name='frappe.model.delete_doc.delete_dynamic_links', kwargs={'doctype': 'Property Setter', 'name': 'Sales Order-rounded_total-print_hid..., method='frappe.model.delete_doc.delete_dynamic_links', site='erpnext.localhost', user='Administrator') (erpnext.localhost||502a10e7-53f5-4989-9926-6d4613c79e65)
2025-04-24 09:59:35,084 Successfully completed frappe.utils.background_jobs.execute_job(event=None, is_async=True, job_name='frappe.model.delete_doc.delete_dynamic_links', kwargs={'doctype': 'Property Setter', 'name': 'Sales Order-rounded_total-print_hid..., method='frappe.model.delete_doc.delete_dynamic_links', site='erpnext.localhost', user='Administrator') job in 0:00:00.033238s on worker c05d8575d7dd4a11a1343cfe04f297f8
2025-04-24 09:59:35,085 home-fy-Documents-GitHub-erpnext-frappe-bench:default: Job OK (erpnext.localhost||502a10e7-53f5-4989-9926-6d4613c79e65)
2025-04-24 09:59:35,085 Result is kept for 600 seconds
2025-04-24 09:59:35,089 home-fy-Documents-GitHub-erpnext-frappe-bench:default: frappe.utils.background_jobs.execute_job(event=None, is_async=True, job_name='frappe.model.delete_doc.delete_dynamic_links', kwargs={'doctype': 'Property Setter', 'name': 'Sales Order-disable_rounded_total-d..., method='frappe.model.delete_doc.delete_dynamic_links', site='erpnext.localhost', user='Administrator') (erpnext.localhost||55b84309-ca60-4c96-b68b-9cbf676e53b2)
2025-04-24 09:59:35,127 Successfully completed frappe.utils.background_jobs.execute_job(event=None, is_async=True, job_name='frappe.model.delete_doc.delete_dynamic_links', kwargs={'doctype': 'Property Setter', 'name': 'Sales Order-disable_rounded_total-d..., method='frappe.model.delete_doc.delete_dynamic_links', site='erpnext.localhost', user='Administrator') job in 0:00:00.032335s on worker c05d8575d7dd4a11a1343cfe04f297f8
2025-04-24 09:59:35,127 home-fy-Documents-GitHub-erpnext-frappe-bench:default: Job OK (erpnext.localhost||55b84309-ca60-4c96-b68b-9cbf676e53b2)
2025-04-24 09:59:35,127 Result is kept for 600 seconds
2025-04-24 09:59:35,131 home-fy-Documents-GitHub-erpnext-frappe-bench:default: frappe.utils.background_jobs.execute_job(event=None, is_async=True, job_name='frappe.model.delete_doc.delete_dynamic_links', kwargs={'doctype': 'Property Setter', 'name': 'Sales Invoice-base_rounded_total-hi..., method='frappe.model.delete_doc.delete_dynamic_links', site='erpnext.localhost', user='Administrator') (erpnext.localhost||feeb890a-25bf-4138-a38d-687430d5035c)
2025-04-24 09:59:35,169 Successfully completed frappe.utils.background_jobs.execute_job(event=None, is_async=True, job_name='frappe.model.delete_doc.delete_dynamic_links', kwargs={'doctype': 'Property Setter', 'name': 'Sales Invoice-base_rounded_total-hi..., method='frappe.model.delete_doc.delete_dynamic_links', site='erpnext.localhost', user='Administrator') job in 0:00:00.033141s on worker c05d8575d7dd4a11a1343cfe04f297f8
2025-04-24 09:59:35,170 home-fy-Documents-GitHub-erpnext-frappe-bench:default: Job OK (erpnext.localhost||feeb890a-25bf-4138-a38d-687430d5035c)
2025-04-24 09:59:35,170 Result is kept for 600 seconds
2025-04-24 09:59:35,174 home-fy-Documents-GitHub-erpnext-frappe-bench:default: frappe.utils.background_jobs.execute_job(event=None, is_async=True, job_name='frappe.model.delete_doc.delete_dynamic_links', kwargs={'doctype': 'Property Setter', 'name': 'Sales Invoice-base_rounded_total-pr..., method='frappe.model.delete_doc.delete_dynamic_links', site='erpnext.localhost', user='Administrator') (erpnext.localhost||34622844-ef6d-47ad-babb-37bb612adc63)
2025-04-24 09:59:35,212 Successfully completed frappe.utils.background_jobs.execute_job(event=None, is_async=True, job_name='frappe.model.delete_doc.delete_dynamic_links', kwargs={'doctype': 'Property Setter', 'name': 'Sales Invoice-base_rounded_total-pr..., method='frappe.model.delete_doc.delete_dynamic_links', site='erpnext.localhost', user='Administrator') job in 0:00:00.032834s on worker c05d8575d7dd4a11a1343cfe04f297f8
2025-04-24 09:59:35,212 home-fy-Documents-GitHub-erpnext-frappe-bench:default: Job OK (erpnext.localhost||34622844-ef6d-47ad-babb-37bb612adc63)
2025-04-24 09:59:35,212 Result is kept for 600 seconds
2025-04-24 09:59:35,216 home-fy-Documents-GitHub-erpnext-frappe-bench:default: frappe.utils.background_jobs.execute_job(event=None, is_async=True, job_name='frappe.model.delete_doc.delete_dynamic_links', kwargs={'doctype': 'Property Setter', 'name': 'Sales Invoice-rounded_total-hidden'..., method='frappe.model.delete_doc.delete_dynamic_links', site='erpnext.localhost', user='Administrator') (erpnext.localhost||d7cc0895-52a6-4079-aef6-b12b7e7525e3)
2025-04-24 09:59:35,254 Successfully completed frappe.utils.background_jobs.execute_job(event=None, is_async=True, job_name='frappe.model.delete_doc.delete_dynamic_links', kwargs={'doctype': 'Property Setter', 'name': 'Sales Invoice-rounded_total-hidden'..., method='frappe.model.delete_doc.delete_dynamic_links', site='erpnext.localhost', user='Administrator') job in 0:00:00.031763s on worker c05d8575d7dd4a11a1343cfe04f297f8
2025-04-24 09:59:35,254 home-fy-Documents-GitHub-erpnext-frappe-bench:default: Job OK (erpnext.localhost||d7cc0895-52a6-4079-aef6-b12b7e7525e3)
2025-04-24 09:59:35,254 Result is kept for 600 seconds
2025-04-24 09:59:35,258 home-fy-Documents-GitHub-erpnext-frappe-bench:default: frappe.utils.background_jobs.execute_job(event=None, is_async=True, job_name='frappe.model.delete_doc.delete_dynamic_links', kwargs={'doctype': 'Property Setter', 'name': 'Sales Invoice-rounded_total-print_h..., method='frappe.model.delete_doc.delete_dynamic_links', site='erpnext.localhost', user='Administrator') (erpnext.localhost||72d162d7-52a8-4b66-beda-0fdd7e2aa856)
2025-04-24 09:59:35,295 Successfully completed frappe.utils.background_jobs.execute_job(event=None, is_async=True, job_name='frappe.model.delete_doc.delete_dynamic_links', kwargs={'doctype': 'Property Setter', 'name': 'Sales Invoice-rounded_total-print_h..., method='frappe.model.delete_doc.delete_dynamic_links', site='erpnext.localhost', user='Administrator') job in 0:00:00.031497s on worker c05d8575d7dd4a11a1343cfe04f297f8
2025-04-24 09:59:35,295 home-fy-Documents-GitHub-erpnext-frappe-bench:default: Job OK (erpnext.localhost||72d162d7-52a8-4b66-beda-0fdd7e2aa856)
2025-04-24 09:59:35,295 Result is kept for 600 seconds
2025-04-24 09:59:35,299 home-fy-Documents-GitHub-erpnext-frappe-bench:default: frappe.utils.background_jobs.execute_job(event=None, is_async=True, job_name='frappe.model.delete_doc.delete_dynamic_links', kwargs={'doctype': 'Property Setter', 'name': 'Sales Invoice-disable_rounded_total..., method='frappe.model.delete_doc.delete_dynamic_links', site='erpnext.localhost', user='Administrator') (erpnext.localhost||5fd8a3a4-3d1a-4981-9cbb-881f0db675ac)
2025-04-24 09:59:35,336 Successfully completed frappe.utils.background_jobs.execute_job(event=None, is_async=True, job_name='frappe.model.delete_doc.delete_dynamic_links', kwargs={'doctype': 'Property Setter', 'name': 'Sales Invoice-disable_rounded_total..., method='frappe.model.delete_doc.delete_dynamic_links', site='erpnext.localhost', user='Administrator') job in 0:00:00.031490s on worker c05d8575d7dd4a11a1343cfe04f297f8
2025-04-24 09:59:35,336 home-fy-Documents-GitHub-erpnext-frappe-bench:default: Job OK (erpnext.localhost||5fd8a3a4-3d1a-4981-9cbb-881f0db675ac)
2025-04-24 09:59:35,336 Result is kept for 600 seconds
2025-04-24 09:59:35,340 home-fy-Documents-GitHub-erpnext-frappe-bench:default: frappe.utils.background_jobs.execute_job(event=None, is_async=True, job_name='frappe.model.delete_doc.delete_dynamic_links', kwargs={'doctype': 'Property Setter', 'name': 'Delivery Note-base_rounded_total-hi..., method='frappe.model.delete_doc.delete_dynamic_links', site='erpnext.localhost', user='Administrator') (erpnext.localhost||26f5186b-f305-429c-b1f8-08cf8b649aa6)
2025-04-24 09:59:35,377 Successfully completed frappe.utils.background_jobs.execute_job(event=None, is_async=True, job_name='frappe.model.delete_doc.delete_dynamic_links', kwargs={'doctype': 'Property Setter', 'name': 'Delivery Note-base_rounded_total-hi..., method='frappe.model.delete_doc.delete_dynamic_links', site='erpnext.localhost', user='Administrator') job in 0:00:00.031906s on worker c05d8575d7dd4a11a1343cfe04f297f8
2025-04-24 09:59:35,378 home-fy-Documents-GitHub-erpnext-frappe-bench:default: Job OK (erpnext.localhost||26f5186b-f305-429c-b1f8-08cf8b649aa6)
2025-04-24 09:59:35,378 Result is kept for 600 seconds
2025-04-24 09:59:35,382 home-fy-Documents-GitHub-erpnext-frappe-bench:default: frappe.utils.background_jobs.execute_job(event=None, is_async=True, job_name='frappe.model.delete_doc.delete_dynamic_links', kwargs={'doctype': 'Property Setter', 'name': 'Delivery Note-base_rounded_total-pr..., method='frappe.model.delete_doc.delete_dynamic_links', site='erpnext.localhost', user='Administrator') (erpnext.localhost||744f995e-a832-484b-a18c-67dbeef3ac8b)
2025-04-24 09:59:35,420 Successfully completed frappe.utils.background_jobs.execute_job(event=None, is_async=True, job_name='frappe.model.delete_doc.delete_dynamic_links', kwargs={'doctype': 'Property Setter', 'name': 'Delivery Note-base_rounded_total-pr..., method='frappe.model.delete_doc.delete_dynamic_links', site='erpnext.localhost', user='Administrator') job in 0:00:00.032642s on worker c05d8575d7dd4a11a1343cfe04f297f8
2025-04-24 09:59:35,420 home-fy-Documents-GitHub-erpnext-frappe-bench:default: Job OK (erpnext.localhost||744f995e-a832-484b-a18c-67dbeef3ac8b)
2025-04-24 09:59:35,420 Result is kept for 600 seconds
2025-04-24 09:59:35,424 home-fy-Documents-GitHub-erpnext-frappe-bench:default: frappe.utils.background_jobs.execute_job(event=None, is_async=True, job_name='frappe.model.delete_doc.delete_dynamic_links', kwargs={'doctype': 'Property Setter', 'name': 'Delivery Note-rounded_total-hidden'..., method='frappe.model.delete_doc.delete_dynamic_links', site='erpnext.localhost', user='Administrator') (erpnext.localhost||1087070e-e006-491a-a1db-64def042b441)
2025-04-24 09:59:35,462 Successfully completed frappe.utils.background_jobs.execute_job(event=None, is_async=True, job_name='frappe.model.delete_doc.delete_dynamic_links', kwargs={'doctype': 'Property Setter', 'name': 'Delivery Note-rounded_total-hidden'..., method='frappe.model.delete_doc.delete_dynamic_links', site='erpnext.localhost', user='Administrator') job in 0:00:00.032000s on worker c05d8575d7dd4a11a1343cfe04f297f8
2025-04-24 09:59:35,462 home-fy-Documents-GitHub-erpnext-frappe-bench:default: Job OK (erpnext.localhost||1087070e-e006-491a-a1db-64def042b441)
2025-04-24 09:59:35,462 Result is kept for 600 seconds
2025-04-24 09:59:35,466 home-fy-Documents-GitHub-erpnext-frappe-bench:default: frappe.utils.background_jobs.execute_job(event=None, is_async=True, job_name='frappe.model.delete_doc.delete_dynamic_links', kwargs={'doctype': 'Property Setter', 'name': 'Delivery Note-rounded_total-print_h..., method='frappe.model.delete_doc.delete_dynamic_links', site='erpnext.localhost', user='Administrator') (erpnext.localhost||f21eb0e4-707b-4f9d-b0e6-718a69aef802)
2025-04-24 09:59:35,503 Successfully completed frappe.utils.background_jobs.execute_job(event=None, is_async=True, job_name='frappe.model.delete_doc.delete_dynamic_links', kwargs={'doctype': 'Property Setter', 'name': 'Delivery Note-rounded_total-print_h..., method='frappe.model.delete_doc.delete_dynamic_links', site='erpnext.localhost', user='Administrator') job in 0:00:00.032155s on worker c05d8575d7dd4a11a1343cfe04f297f8
2025-04-24 09:59:35,504 home-fy-Documents-GitHub-erpnext-frappe-bench:default: Job OK (erpnext.localhost||f21eb0e4-707b-4f9d-b0e6-718a69aef802)
2025-04-24 09:59:35,504 Result is kept for 600 seconds
2025-04-24 09:59:35,508 home-fy-Documents-GitHub-erpnext-frappe-bench:default: frappe.utils.background_jobs.execute_job(event=None, is_async=True, job_name='frappe.model.delete_doc.delete_dynamic_links', kwargs={'doctype': 'Property Setter', 'name': 'Delivery Note-disable_rounded_total..., method='frappe.model.delete_doc.delete_dynamic_links', site='erpnext.localhost', user='Administrator') (erpnext.localhost||cf10b8e2-b054-48de-8211-8bc5ce32799f)
2025-04-24 09:59:35,545 Successfully completed frappe.utils.background_jobs.execute_job(event=None, is_async=True, job_name='frappe.model.delete_doc.delete_dynamic_links', kwargs={'doctype': 'Property Setter', 'name': 'Delivery Note-disable_rounded_total..., method='frappe.model.delete_doc.delete_dynamic_links', site='erpnext.localhost', user='Administrator') job in 0:00:00.031588s on worker c05d8575d7dd4a11a1343cfe04f297f8
2025-04-24 09:59:35,545 home-fy-Documents-GitHub-erpnext-frappe-bench:default: Job OK (erpnext.localhost||cf10b8e2-b054-48de-8211-8bc5ce32799f)
2025-04-24 09:59:35,545 Result is kept for 600 seconds
2025-04-24 09:59:35,549 home-fy-Documents-GitHub-erpnext-frappe-bench:default: frappe.utils.background_jobs.execute_job(event=None, is_async=True, job_name='frappe.model.delete_doc.delete_dynamic_links', kwargs={'doctype': 'Property Setter', 'name': 'Supplier Quotation-base_rounded_tot..., method='frappe.model.delete_doc.delete_dynamic_links', site='erpnext.localhost', user='Administrator') (erpnext.localhost||4a6a2d26-d327-4dbd-b710-51284629f664)
2025-04-24 09:59:35,587 Successfully completed frappe.utils.background_jobs.execute_job(event=None, is_async=True, job_name='frappe.model.delete_doc.delete_dynamic_links', kwargs={'doctype': 'Property Setter', 'name': 'Supplier Quotation-base_rounded_tot..., method='frappe.model.delete_doc.delete_dynamic_links', site='erpnext.localhost', user='Administrator') job in 0:00:00.033119s on worker c05d8575d7dd4a11a1343cfe04f297f8
2025-04-24 09:59:35,588 home-fy-Documents-GitHub-erpnext-frappe-bench:default: Job OK (erpnext.localhost||4a6a2d26-d327-4dbd-b710-51284629f664)
2025-04-24 09:59:35,588 Result is kept for 600 seconds
2025-04-24 09:59:35,592 home-fy-Documents-GitHub-erpnext-frappe-bench:default: frappe.utils.background_jobs.execute_job(event=None, is_async=True, job_name='frappe.model.delete_doc.delete_dynamic_links', kwargs={'doctype': 'Property Setter', 'name': 'Supplier Quotation-base_rounded_tot..., method='frappe.model.delete_doc.delete_dynamic_links', site='erpnext.localhost', user='Administrator') (erpnext.localhost||d70fbb01-e8a5-4e2a-b087-6c18b8dd6288)
2025-04-24 09:59:35,630 Successfully completed frappe.utils.background_jobs.execute_job(event=None, is_async=True, job_name='frappe.model.delete_doc.delete_dynamic_links', kwargs={'doctype': 'Property Setter', 'name': 'Supplier Quotation-base_rounded_tot..., method='frappe.model.delete_doc.delete_dynamic_links', site='erpnext.localhost', user='Administrator') job in 0:00:00.032556s on worker c05d8575d7dd4a11a1343cfe04f297f8
2025-04-24 09:59:35,630 home-fy-Documents-GitHub-erpnext-frappe-bench:default: Job OK (erpnext.localhost||d70fbb01-e8a5-4e2a-b087-6c18b8dd6288)
2025-04-24 09:59:35,630 Result is kept for 600 seconds
2025-04-24 09:59:35,634 home-fy-Documents-GitHub-erpnext-frappe-bench:default: frappe.utils.background_jobs.execute_job(event=None, is_async=True, job_name='frappe.model.delete_doc.delete_dynamic_links', kwargs={'doctype': 'Property Setter', 'name': 'Supplier Quotation-rounded_total-hi..., method='frappe.model.delete_doc.delete_dynamic_links', site='erpnext.localhost', user='Administrator') (erpnext.localhost||8bd02781-9591-4c83-b76c-aecb38270d06)
2025-04-24 09:59:35,671 Successfully completed frappe.utils.background_jobs.execute_job(event=None, is_async=True, job_name='frappe.model.delete_doc.delete_dynamic_links', kwargs={'doctype': 'Property Setter', 'name': 'Supplier Quotation-rounded_total-hi..., method='frappe.model.delete_doc.delete_dynamic_links', site='erpnext.localhost', user='Administrator') job in 0:00:00.031698s on worker c05d8575d7dd4a11a1343cfe04f297f8
2025-04-24 09:59:35,671 home-fy-Documents-GitHub-erpnext-frappe-bench:default: Job OK (erpnext.localhost||8bd02781-9591-4c83-b76c-aecb38270d06)
2025-04-24 09:59:35,671 Result is kept for 600 seconds
2025-04-24 09:59:35,675 home-fy-Documents-GitHub-erpnext-frappe-bench:default: frappe.utils.background_jobs.execute_job(event=None, is_async=True, job_name='frappe.model.delete_doc.delete_dynamic_links', kwargs={'doctype': 'Property Setter', 'name': 'Supplier Quotation-rounded_total-pr..., method='frappe.model.delete_doc.delete_dynamic_links', site='erpnext.localhost', user='Administrator') (erpnext.localhost||a69d30ad-2a1c-448e-86b9-bab6efde7c1a)
2025-04-24 09:59:35,715 Successfully completed frappe.utils.background_jobs.execute_job(event=None, is_async=True, job_name='frappe.model.delete_doc.delete_dynamic_links', kwargs={'doctype': 'Property Setter', 'name': 'Supplier Quotation-rounded_total-pr..., method='frappe.model.delete_doc.delete_dynamic_links', site='erpnext.localhost', user='Administrator') job in 0:00:00.033719s on worker c05d8575d7dd4a11a1343cfe04f297f8
2025-04-24 09:59:35,715 home-fy-Documents-GitHub-erpnext-frappe-bench:default: Job OK (erpnext.localhost||a69d30ad-2a1c-448e-86b9-bab6efde7c1a)
2025-04-24 09:59:35,715 Result is kept for 600 seconds
2025-04-24 09:59:35,719 home-fy-Documents-GitHub-erpnext-frappe-bench:default: frappe.utils.background_jobs.execute_job(event=None, is_async=True, job_name='frappe.model.delete_doc.delete_dynamic_links', kwargs={'doctype': 'Property Setter', 'name': 'Supplier Quotation-disable_rounded_..., method='frappe.model.delete_doc.delete_dynamic_links', site='erpnext.localhost', user='Administrator') (erpnext.localhost||b793b22c-527a-41aa-8c15-213cc51d9a6a)
2025-04-24 09:59:35,757 Successfully completed frappe.utils.background_jobs.execute_job(event=None, is_async=True, job_name='frappe.model.delete_doc.delete_dynamic_links', kwargs={'doctype': 'Property Setter', 'name': 'Supplier Quotation-disable_rounded_..., method='frappe.model.delete_doc.delete_dynamic_links', site='erpnext.localhost', user='Administrator') job in 0:00:00.032038s on worker c05d8575d7dd4a11a1343cfe04f297f8
2025-04-24 09:59:35,757 home-fy-Documents-GitHub-erpnext-frappe-bench:default: Job OK (erpnext.localhost||b793b22c-527a-41aa-8c15-213cc51d9a6a)
2025-04-24 09:59:35,757 Result is kept for 600 seconds
2025-04-24 09:59:35,761 home-fy-Documents-GitHub-erpnext-frappe-bench:default: frappe.utils.background_jobs.execute_job(event=None, is_async=True, job_name='frappe.model.delete_doc.delete_dynamic_links', kwargs={'doctype': 'Property Setter', 'name': 'Purchase Order-base_rounded_total-h..., method='frappe.model.delete_doc.delete_dynamic_links', site='erpnext.localhost', user='Administrator') (erpnext.localhost||69ac08da-c1e1-4ce2-a22a-1935a3308001)
2025-04-24 09:59:35,800 Successfully completed frappe.utils.background_jobs.execute_job(event=None, is_async=True, job_name='frappe.model.delete_doc.delete_dynamic_links', kwargs={'doctype': 'Property Setter', 'name': 'Purchase Order-base_rounded_total-h..., method='frappe.model.delete_doc.delete_dynamic_links', site='erpnext.localhost', user='Administrator') job in 0:00:00.033334s on worker c05d8575d7dd4a11a1343cfe04f297f8
2025-04-24 09:59:35,800 home-fy-Documents-GitHub-erpnext-frappe-bench:default: Job OK (erpnext.localhost||69ac08da-c1e1-4ce2-a22a-1935a3308001)
2025-04-24 09:59:35,800 Result is kept for 600 seconds
2025-04-24 09:59:35,805 home-fy-Documents-GitHub-erpnext-frappe-bench:default: frappe.utils.background_jobs.execute_job(event=None, is_async=True, job_name='frappe.model.delete_doc.delete_dynamic_links', kwargs={'doctype': 'Property Setter', 'name': 'Purchase Order-base_rounded_total-p..., method='frappe.model.delete_doc.delete_dynamic_links', site='erpnext.localhost', user='Administrator') (erpnext.localhost||664d33d5-91ec-4990-a682-ac0f25c6695c)
2025-04-24 09:59:35,844 Successfully completed frappe.utils.background_jobs.execute_job(event=None, is_async=True, job_name='frappe.model.delete_doc.delete_dynamic_links', kwargs={'doctype': 'Property Setter', 'name': 'Purchase Order-base_rounded_total-p..., method='frappe.model.delete_doc.delete_dynamic_links', site='erpnext.localhost', user='Administrator') job in 0:00:00.032809s on worker c05d8575d7dd4a11a1343cfe04f297f8
2025-04-24 09:59:35,844 home-fy-Documents-GitHub-erpnext-frappe-bench:default: Job OK (erpnext.localhost||664d33d5-91ec-4990-a682-ac0f25c6695c)
2025-04-24 09:59:35,844 Result is kept for 600 seconds
2025-04-24 09:59:35,848 home-fy-Documents-GitHub-erpnext-frappe-bench:default: frappe.utils.background_jobs.execute_job(event=None, is_async=True, job_name='frappe.model.delete_doc.delete_dynamic_links', kwargs={'doctype': 'Property Setter', 'name': 'Purchase Order-rounded_total-hidden..., method='frappe.model.delete_doc.delete_dynamic_links', site='erpnext.localhost', user='Administrator') (erpnext.localhost||6261d645-e04d-4312-b144-14f272f1bdcc)
2025-04-24 09:59:35,886 Successfully completed frappe.utils.background_jobs.execute_job(event=None, is_async=True, job_name='frappe.model.delete_doc.delete_dynamic_links', kwargs={'doctype': 'Property Setter', 'name': 'Purchase Order-rounded_total-hidden..., method='frappe.model.delete_doc.delete_dynamic_links', site='erpnext.localhost', user='Administrator') job in 0:00:00.031885s on worker c05d8575d7dd4a11a1343cfe04f297f8
2025-04-24 09:59:35,886 home-fy-Documents-GitHub-erpnext-frappe-bench:default: Job OK (erpnext.localhost||6261d645-e04d-4312-b144-14f272f1bdcc)
2025-04-24 09:59:35,886 Result is kept for 600 seconds
2025-04-24 09:59:35,890 home-fy-Documents-GitHub-erpnext-frappe-bench:default: frappe.utils.background_jobs.execute_job(event=None, is_async=True, job_name='frappe.model.delete_doc.delete_dynamic_links', kwargs={'doctype': 'Property Setter', 'name': 'Purchase Order-rounded_total-print_..., method='frappe.model.delete_doc.delete_dynamic_links', site='erpnext.localhost', user='Administrator') (erpnext.localhost||d2679575-d53b-48e8-a413-c30fc31ffb4f)
2025-04-24 09:59:35,929 Successfully completed frappe.utils.background_jobs.execute_job(event=None, is_async=True, job_name='frappe.model.delete_doc.delete_dynamic_links', kwargs={'doctype': 'Property Setter', 'name': 'Purchase Order-rounded_total-print_..., method='frappe.model.delete_doc.delete_dynamic_links', site='erpnext.localhost', user='Administrator') job in 0:00:00.032891s on worker c05d8575d7dd4a11a1343cfe04f297f8
2025-04-24 09:59:35,929 home-fy-Documents-GitHub-erpnext-frappe-bench:default: Job OK (erpnext.localhost||d2679575-d53b-48e8-a413-c30fc31ffb4f)
2025-04-24 09:59:35,929 Result is kept for 600 seconds
2025-04-24 09:59:35,933 home-fy-Documents-GitHub-erpnext-frappe-bench:default: frappe.utils.background_jobs.execute_job(event=None, is_async=True, job_name='frappe.model.delete_doc.delete_dynamic_links', kwargs={'doctype': 'Property Setter', 'name': 'Purchase Order-disable_rounded_tota..., method='frappe.model.delete_doc.delete_dynamic_links', site='erpnext.localhost', user='Administrator') (erpnext.localhost||353639f8-0964-4d57-8274-cb662c1981ec)
2025-04-24 09:59:35,972 Successfully completed frappe.utils.background_jobs.execute_job(event=None, is_async=True, job_name='frappe.model.delete_doc.delete_dynamic_links', kwargs={'doctype': 'Property Setter', 'name': 'Purchase Order-disable_rounded_tota..., method='frappe.model.delete_doc.delete_dynamic_links', site='erpnext.localhost', user='Administrator') job in 0:00:00.032924s on worker c05d8575d7dd4a11a1343cfe04f297f8
2025-04-24 09:59:35,972 home-fy-Documents-GitHub-erpnext-frappe-bench:default: Job OK (erpnext.localhost||353639f8-0964-4d57-8274-cb662c1981ec)
2025-04-24 09:59:35,972 Result is kept for 600 seconds
2025-04-24 09:59:35,976 home-fy-Documents-GitHub-erpnext-frappe-bench:default: frappe.utils.background_jobs.execute_job(event=None, is_async=True, job_name='frappe.model.delete_doc.delete_dynamic_links', kwargs={'doctype': 'Property Setter', 'name': 'Purchase Invoice-base_rounded_total..., method='frappe.model.delete_doc.delete_dynamic_links', site='erpnext.localhost', user='Administrator') (erpnext.localhost||0199852e-e310-4d73-a28f-175e5f09e453)
2025-04-24 09:59:36,014 Successfully completed frappe.utils.background_jobs.execute_job(event=None, is_async=True, job_name='frappe.model.delete_doc.delete_dynamic_links', kwargs={'doctype': 'Property Setter', 'name': 'Purchase Invoice-base_rounded_total..., method='frappe.model.delete_doc.delete_dynamic_links', site='erpnext.localhost', user='Administrator') job in 0:00:00.032197s on worker c05d8575d7dd4a11a1343cfe04f297f8
2025-04-24 09:59:36,014 home-fy-Documents-GitHub-erpnext-frappe-bench:default: Job OK (erpnext.localhost||0199852e-e310-4d73-a28f-175e5f09e453)
2025-04-24 09:59:36,014 Result is kept for 600 seconds
2025-04-24 09:59:36,018 home-fy-Documents-GitHub-erpnext-frappe-bench:default: frappe.utils.background_jobs.execute_job(event=None, is_async=True, job_name='frappe.model.delete_doc.delete_dynamic_links', kwargs={'doctype': 'Property Setter', 'name': 'Purchase Invoice-base_rounded_total..., method='frappe.model.delete_doc.delete_dynamic_links', site='erpnext.localhost', user='Administrator') (erpnext.localhost||bace3b9d-e278-4e9a-8376-ed5996a9b6ad)
2025-04-24 09:59:36,057 Successfully completed frappe.utils.background_jobs.execute_job(event=None, is_async=True, job_name='frappe.model.delete_doc.delete_dynamic_links', kwargs={'doctype': 'Property Setter', 'name': 'Purchase Invoice-base_rounded_total..., method='frappe.model.delete_doc.delete_dynamic_links', site='erpnext.localhost', user='Administrator') job in 0:00:00.032900s on worker c05d8575d7dd4a11a1343cfe04f297f8
2025-04-24 09:59:36,057 home-fy-Documents-GitHub-erpnext-frappe-bench:default: Job OK (erpnext.localhost||bace3b9d-e278-4e9a-8376-ed5996a9b6ad)
2025-04-24 09:59:36,057 Result is kept for 600 seconds
2025-04-24 09:59:36,061 home-fy-Documents-GitHub-erpnext-frappe-bench:default: frappe.utils.background_jobs.execute_job(event=None, is_async=True, job_name='frappe.model.delete_doc.delete_dynamic_links', kwargs={'doctype': 'Property Setter', 'name': 'Purchase Invoice-rounded_total-hidd..., method='frappe.model.delete_doc.delete_dynamic_links', site='erpnext.localhost', user='Administrator') (erpnext.localhost||8cdb719b-11d8-4d2b-a1f5-c87a292d9150)
2025-04-24 09:59:36,099 Successfully completed frappe.utils.background_jobs.execute_job(event=None, is_async=True, job_name='frappe.model.delete_doc.delete_dynamic_links', kwargs={'doctype': 'Property Setter', 'name': 'Purchase Invoice-rounded_total-hidd..., method='frappe.model.delete_doc.delete_dynamic_links', site='erpnext.localhost', user='Administrator') job in 0:00:00.032943s on worker c05d8575d7dd4a11a1343cfe04f297f8
2025-04-24 09:59:36,099 home-fy-Documents-GitHub-erpnext-frappe-bench:default: Job OK (erpnext.localhost||8cdb719b-11d8-4d2b-a1f5-c87a292d9150)
2025-04-24 09:59:36,099 Result is kept for 600 seconds
2025-04-24 09:59:36,104 home-fy-Documents-GitHub-erpnext-frappe-bench:default: frappe.utils.background_jobs.execute_job(event=None, is_async=True, job_name='frappe.model.delete_doc.delete_dynamic_links', kwargs={'doctype': 'Property Setter', 'name': 'Purchase Invoice-rounded_total-prin..., method='frappe.model.delete_doc.delete_dynamic_links', site='erpnext.localhost', user='Administrator') (erpnext.localhost||a882bf0f-ad99-4e0d-a669-640d6bfc6ecc)
2025-04-24 09:59:36,141 Successfully completed frappe.utils.background_jobs.execute_job(event=None, is_async=True, job_name='frappe.model.delete_doc.delete_dynamic_links', kwargs={'doctype': 'Property Setter', 'name': 'Purchase Invoice-rounded_total-prin..., method='frappe.model.delete_doc.delete_dynamic_links', site='erpnext.localhost', user='Administrator') job in 0:00:00.031814s on worker c05d8575d7dd4a11a1343cfe04f297f8
2025-04-24 09:59:36,141 home-fy-Documents-GitHub-erpnext-frappe-bench:default: Job OK (erpnext.localhost||a882bf0f-ad99-4e0d-a669-640d6bfc6ecc)
2025-04-24 09:59:36,141 Result is kept for 600 seconds
2025-04-24 09:59:36,145 home-fy-Documents-GitHub-erpnext-frappe-bench:default: frappe.utils.background_jobs.execute_job(event=None, is_async=True, job_name='frappe.model.delete_doc.delete_dynamic_links', kwargs={'doctype': 'Property Setter', 'name': 'Purchase Invoice-disable_rounded_to..., method='frappe.model.delete_doc.delete_dynamic_links', site='erpnext.localhost', user='Administrator') (erpnext.localhost||96ae57ca-0e7e-43ba-b396-c45cda7d8594)
2025-04-24 09:59:36,183 Successfully completed frappe.utils.background_jobs.execute_job(event=None, is_async=True, job_name='frappe.model.delete_doc.delete_dynamic_links', kwargs={'doctype': 'Property Setter', 'name': 'Purchase Invoice-disable_rounded_to..., method='frappe.model.delete_doc.delete_dynamic_links', site='erpnext.localhost', user='Administrator') job in 0:00:00.031780s on worker c05d8575d7dd4a11a1343cfe04f297f8
2025-04-24 09:59:36,183 home-fy-Documents-GitHub-erpnext-frappe-bench:default: Job OK (erpnext.localhost||96ae57ca-0e7e-43ba-b396-c45cda7d8594)
2025-04-24 09:59:36,183 Result is kept for 600 seconds
2025-04-24 09:59:36,187 home-fy-Documents-GitHub-erpnext-frappe-bench:default: frappe.utils.background_jobs.execute_job(event=None, is_async=True, job_name='frappe.model.delete_doc.delete_dynamic_links', kwargs={'doctype': 'Property Setter', 'name': 'Purchase Receipt-base_rounded_total..., method='frappe.model.delete_doc.delete_dynamic_links', site='erpnext.localhost', user='Administrator') (erpnext.localhost||d9d38f8b-a140-41ec-8fde-4d24bd23e01d)
2025-04-24 09:59:36,226 Successfully completed frappe.utils.background_jobs.execute_job(event=None, is_async=True, job_name='frappe.model.delete_doc.delete_dynamic_links', kwargs={'doctype': 'Property Setter', 'name': 'Purchase Receipt-base_rounded_total..., method='frappe.model.delete_doc.delete_dynamic_links', site='erpnext.localhost', user='Administrator') job in 0:00:00.032746s on worker c05d8575d7dd4a11a1343cfe04f297f8
2025-04-24 09:59:36,226 home-fy-Documents-GitHub-erpnext-frappe-bench:default: Job OK (erpnext.localhost||d9d38f8b-a140-41ec-8fde-4d24bd23e01d)
2025-04-24 09:59:36,226 Result is kept for 600 seconds
2025-04-24 09:59:36,230 home-fy-Documents-GitHub-erpnext-frappe-bench:default: frappe.utils.background_jobs.execute_job(event=None, is_async=True, job_name='frappe.model.delete_doc.delete_dynamic_links', kwargs={'doctype': 'Property Setter', 'name': 'Purchase Receipt-base_rounded_total..., method='frappe.model.delete_doc.delete_dynamic_links', site='erpnext.localhost', user='Administrator') (erpnext.localhost||3b8f07af-2802-4ff4-91fd-c751f23e790b)
2025-04-24 09:59:36,268 Successfully completed frappe.utils.background_jobs.execute_job(event=None, is_async=True, job_name='frappe.model.delete_doc.delete_dynamic_links', kwargs={'doctype': 'Property Setter', 'name': 'Purchase Receipt-base_rounded_total..., method='frappe.model.delete_doc.delete_dynamic_links', site='erpnext.localhost', user='Administrator') job in 0:00:00.032353s on worker c05d8575d7dd4a11a1343cfe04f297f8
2025-04-24 09:59:36,268 home-fy-Documents-GitHub-erpnext-frappe-bench:default: Job OK (erpnext.localhost||3b8f07af-2802-4ff4-91fd-c751f23e790b)
2025-04-24 09:59:36,268 Result is kept for 600 seconds
2025-04-24 09:59:36,272 home-fy-Documents-GitHub-erpnext-frappe-bench:default: frappe.utils.background_jobs.execute_job(event=None, is_async=True, job_name='frappe.model.delete_doc.delete_dynamic_links', kwargs={'doctype': 'Property Setter', 'name': 'Purchase Receipt-rounded_total-hidd..., method='frappe.model.delete_doc.delete_dynamic_links', site='erpnext.localhost', user='Administrator') (erpnext.localhost||382aa615-73d8-4aa2-9b89-55476c0e44fd)
2025-04-24 09:59:36,310 Successfully completed frappe.utils.background_jobs.execute_job(event=None, is_async=True, job_name='frappe.model.delete_doc.delete_dynamic_links', kwargs={'doctype': 'Property Setter', 'name': 'Purchase Receipt-rounded_total-hidd..., method='frappe.model.delete_doc.delete_dynamic_links', site='erpnext.localhost', user='Administrator') job in 0:00:00.032765s on worker c05d8575d7dd4a11a1343cfe04f297f8
2025-04-24 09:59:36,310 home-fy-Documents-GitHub-erpnext-frappe-bench:default: Job OK (erpnext.localhost||382aa615-73d8-4aa2-9b89-55476c0e44fd)
2025-04-24 09:59:36,310 Result is kept for 600 seconds
2025-04-24 09:59:36,314 home-fy-Documents-GitHub-erpnext-frappe-bench:default: frappe.utils.background_jobs.execute_job(event=None, is_async=True, job_name='frappe.model.delete_doc.delete_dynamic_links', kwargs={'doctype': 'Property Setter', 'name': 'Purchase Receipt-rounded_total-prin..., method='frappe.model.delete_doc.delete_dynamic_links', site='erpnext.localhost', user='Administrator') (erpnext.localhost||66fd4f05-6fe5-4d18-bbd7-6bdbf2805783)
2025-04-24 09:59:36,352 Successfully completed frappe.utils.background_jobs.execute_job(event=None, is_async=True, job_name='frappe.model.delete_doc.delete_dynamic_links', kwargs={'doctype': 'Property Setter', 'name': 'Purchase Receipt-rounded_total-prin..., method='frappe.model.delete_doc.delete_dynamic_links', site='erpnext.localhost', user='Administrator') job in 0:00:00.032155s on worker c05d8575d7dd4a11a1343cfe04f297f8
2025-04-24 09:59:36,352 home-fy-Documents-GitHub-erpnext-frappe-bench:default: Job OK (erpnext.localhost||66fd4f05-6fe5-4d18-bbd7-6bdbf2805783)
2025-04-24 09:59:36,352 Result is kept for 600 seconds
2025-04-24 09:59:36,356 home-fy-Documents-GitHub-erpnext-frappe-bench:default: frappe.utils.background_jobs.execute_job(event=None, is_async=True, job_name='frappe.model.delete_doc.delete_dynamic_links', kwargs={'doctype': 'Property Setter', 'name': 'Purchase Receipt-disable_rounded_to..., method='frappe.model.delete_doc.delete_dynamic_links', site='erpnext.localhost', user='Administrator') (erpnext.localhost||cd6e93ce-6f59-48fe-9d8f-91020dbc86da)
2025-04-24 09:59:36,394 Successfully completed frappe.utils.background_jobs.execute_job(event=None, is_async=True, job_name='frappe.model.delete_doc.delete_dynamic_links', kwargs={'doctype': 'Property Setter', 'name': 'Purchase Receipt-disable_rounded_to..., method='frappe.model.delete_doc.delete_dynamic_links', site='erpnext.localhost', user='Administrator') job in 0:00:00.032336s on worker c05d8575d7dd4a11a1343cfe04f297f8
2025-04-24 09:59:36,394 home-fy-Documents-GitHub-erpnext-frappe-bench:default: Job OK (erpnext.localhost||cd6e93ce-6f59-48fe-9d8f-91020dbc86da)
2025-04-24 09:59:36,394 Result is kept for 600 seconds
2025-04-24 09:59:36,399 home-fy-Documents-GitHub-erpnext-frappe-bench:default: frappe.utils.background_jobs.execute_job(event=None, is_async=True, job_name='frappe.model.delete_doc.delete_dynamic_links', kwargs={'doctype': 'Property Setter', 'name': 'Quotation-in_words-hidden'}, method='frappe.model.delete_doc.delete_dynamic_links', site='erpnext.localhost', user='Administrator') (erpnext.localhost||051e2126-af48-4cd9-922c-3f5309f5e42b)
2025-04-24 09:59:36,436 Successfully completed frappe.utils.background_jobs.execute_job(event=None, is_async=True, job_name='frappe.model.delete_doc.delete_dynamic_links', kwargs={'doctype': 'Property Setter', 'name': 'Quotation-in_words-hidden'}, method='frappe.model.delete_doc.delete_dynamic_links', site='erpnext.localhost', user='Administrator') job in 0:00:00.032047s on worker c05d8575d7dd4a11a1343cfe04f297f8
2025-04-24 09:59:36,436 home-fy-Documents-GitHub-erpnext-frappe-bench:default: Job OK (erpnext.localhost||051e2126-af48-4cd9-922c-3f5309f5e42b)
2025-04-24 09:59:36,436 Result is kept for 600 seconds
2025-04-24 09:59:36,440 home-fy-Documents-GitHub-erpnext-frappe-bench:default: frappe.utils.background_jobs.execute_job(event=None, is_async=True, job_name='frappe.model.delete_doc.delete_dynamic_links', kwargs={'doctype': 'Property Setter', 'name': 'Quotation-in_words-print_hide'}, method='frappe.model.delete_doc.delete_dynamic_links', site='erpnext.localhost', user='Administrator') (erpnext.localhost||0f76e482-b8e0-4b74-aede-13e9fd8f3076)
2025-04-24 09:59:36,477 Successfully completed frappe.utils.background_jobs.execute_job(event=None, is_async=True, job_name='frappe.model.delete_doc.delete_dynamic_links', kwargs={'doctype': 'Property Setter', 'name': 'Quotation-in_words-print_hide'}, method='frappe.model.delete_doc.delete_dynamic_links', site='erpnext.localhost', user='Administrator') job in 0:00:00.031867s on worker c05d8575d7dd4a11a1343cfe04f297f8
2025-04-24 09:59:36,478 home-fy-Documents-GitHub-erpnext-frappe-bench:default: Job OK (erpnext.localhost||0f76e482-b8e0-4b74-aede-13e9fd8f3076)
2025-04-24 09:59:36,478 Result is kept for 600 seconds
2025-04-24 09:59:36,482 home-fy-Documents-GitHub-erpnext-frappe-bench:default: frappe.utils.background_jobs.execute_job(event=None, is_async=True, job_name='frappe.model.delete_doc.delete_dynamic_links', kwargs={'doctype': 'Property Setter', 'name': 'Sales Order-in_words-hidden'}, method='frappe.model.delete_doc.delete_dynamic_links', site='erpnext.localhost', user='Administrator') (erpnext.localhost||061cda12-b426-4fd9-ba3e-4e983ea19721)
2025-04-24 09:59:36,520 Successfully completed frappe.utils.background_jobs.execute_job(event=None, is_async=True, job_name='frappe.model.delete_doc.delete_dynamic_links', kwargs={'doctype': 'Property Setter', 'name': 'Sales Order-in_words-hidden'}, method='frappe.model.delete_doc.delete_dynamic_links', site='erpnext.localhost', user='Administrator') job in 0:00:00.032503s on worker c05d8575d7dd4a11a1343cfe04f297f8
2025-04-24 09:59:36,520 home-fy-Documents-GitHub-erpnext-frappe-bench:default: Job OK (erpnext.localhost||061cda12-b426-4fd9-ba3e-4e983ea19721)
2025-04-24 09:59:36,520 Result is kept for 600 seconds
2025-04-24 09:59:36,524 home-fy-Documents-GitHub-erpnext-frappe-bench:default: frappe.utils.background_jobs.execute_job(event=None, is_async=True, job_name='frappe.model.delete_doc.delete_dynamic_links', kwargs={'doctype': 'Property Setter', 'name': 'Sales Order-in_words-print_hide'}, method='frappe.model.delete_doc.delete_dynamic_links', site='erpnext.localhost', user='Administrator') (erpnext.localhost||6d7f1856-0698-4028-8fb5-c1496f374911)
2025-04-24 09:59:36,562 Successfully completed frappe.utils.background_jobs.execute_job(event=None, is_async=True, job_name='frappe.model.delete_doc.delete_dynamic_links', kwargs={'doctype': 'Property Setter', 'name': 'Sales Order-in_words-print_hide'}, method='frappe.model.delete_doc.delete_dynamic_links', site='erpnext.localhost', user='Administrator') job in 0:00:00.032623s on worker c05d8575d7dd4a11a1343cfe04f297f8
2025-04-24 09:59:36,562 home-fy-Documents-GitHub-erpnext-frappe-bench:default: Job OK (erpnext.localhost||6d7f1856-0698-4028-8fb5-c1496f374911)
2025-04-24 09:59:36,562 Result is kept for 600 seconds
2025-04-24 09:59:36,566 home-fy-Documents-GitHub-erpnext-frappe-bench:default: frappe.utils.background_jobs.execute_job(event=None, is_async=True, job_name='frappe.model.delete_doc.delete_dynamic_links', kwargs={'doctype': 'Property Setter', 'name': 'Sales Invoice-in_words-hidden'}, method='frappe.model.delete_doc.delete_dynamic_links', site='erpnext.localhost', user='Administrator') (erpnext.localhost||1d49dcfc-9e19-40a1-bc39-612b5e64f059)
2025-04-24 09:59:36,605 Successfully completed frappe.utils.background_jobs.execute_job(event=None, is_async=True, job_name='frappe.model.delete_doc.delete_dynamic_links', kwargs={'doctype': 'Property Setter', 'name': 'Sales Invoice-in_words-hidden'}, method='frappe.model.delete_doc.delete_dynamic_links', site='erpnext.localhost', user='Administrator') job in 0:00:00.033495s on worker c05d8575d7dd4a11a1343cfe04f297f8
2025-04-24 09:59:36,605 home-fy-Documents-GitHub-erpnext-frappe-bench:default: Job OK (erpnext.localhost||1d49dcfc-9e19-40a1-bc39-612b5e64f059)
2025-04-24 09:59:36,606 Result is kept for 600 seconds
2025-04-24 09:59:36,610 home-fy-Documents-GitHub-erpnext-frappe-bench:default: frappe.utils.background_jobs.execute_job(event=None, is_async=True, job_name='frappe.model.delete_doc.delete_dynamic_links', kwargs={'doctype': 'Property Setter', 'name': 'Sales Invoice-in_words-print_hide'}, method='frappe.model.delete_doc.delete_dynamic_links', site='erpnext.localhost', user='Administrator') (erpnext.localhost||825d85d1-01eb-484a-b828-09cffd6c0293)
2025-04-24 09:59:36,648 Successfully completed frappe.utils.background_jobs.execute_job(event=None, is_async=True, job_name='frappe.model.delete_doc.delete_dynamic_links', kwargs={'doctype': 'Property Setter', 'name': 'Sales Invoice-in_words-print_hide'}, method='frappe.model.delete_doc.delete_dynamic_links', site='erpnext.localhost', user='Administrator') job in 0:00:00.032318s on worker c05d8575d7dd4a11a1343cfe04f297f8
2025-04-24 09:59:36,648 home-fy-Documents-GitHub-erpnext-frappe-bench:default: Job OK (erpnext.localhost||825d85d1-01eb-484a-b828-09cffd6c0293)
2025-04-24 09:59:36,648 Result is kept for 600 seconds
2025-04-24 09:59:36,652 home-fy-Documents-GitHub-erpnext-frappe-bench:default: frappe.utils.background_jobs.execute_job(event=None, is_async=True, job_name='frappe.model.delete_doc.delete_dynamic_links', kwargs={'doctype': 'Property Setter', 'name': 'Delivery Note-in_words-hidden'}, method='frappe.model.delete_doc.delete_dynamic_links', site='erpnext.localhost', user='Administrator') (erpnext.localhost||e8a920dc-0429-4336-be20-850f2eb0b83e)
2025-04-24 09:59:36,690 Successfully completed frappe.utils.background_jobs.execute_job(event=None, is_async=True, job_name='frappe.model.delete_doc.delete_dynamic_links', kwargs={'doctype': 'Property Setter', 'name': 'Delivery Note-in_words-hidden'}, method='frappe.model.delete_doc.delete_dynamic_links', site='erpnext.localhost', user='Administrator') job in 0:00:00.032746s on worker c05d8575d7dd4a11a1343cfe04f297f8
2025-04-24 09:59:36,690 home-fy-Documents-GitHub-erpnext-frappe-bench:default: Job OK (erpnext.localhost||e8a920dc-0429-4336-be20-850f2eb0b83e)
2025-04-24 09:59:36,690 Result is kept for 600 seconds
2025-04-24 09:59:36,694 home-fy-Documents-GitHub-erpnext-frappe-bench:default: frappe.utils.background_jobs.execute_job(event=None, is_async=True, job_name='frappe.model.delete_doc.delete_dynamic_links', kwargs={'doctype': 'Property Setter', 'name': 'Delivery Note-in_words-print_hide'}, method='frappe.model.delete_doc.delete_dynamic_links', site='erpnext.localhost', user='Administrator') (erpnext.localhost||70b6ac82-60df-4ba1-883e-6a3f969effd8)
2025-04-24 09:59:36,732 Successfully completed frappe.utils.background_jobs.execute_job(event=None, is_async=True, job_name='frappe.model.delete_doc.delete_dynamic_links', kwargs={'doctype': 'Property Setter', 'name': 'Delivery Note-in_words-print_hide'}, method='frappe.model.delete_doc.delete_dynamic_links', site='erpnext.localhost', user='Administrator') job in 0:00:00.032313s on worker c05d8575d7dd4a11a1343cfe04f297f8
2025-04-24 09:59:36,732 home-fy-Documents-GitHub-erpnext-frappe-bench:default: Job OK (erpnext.localhost||70b6ac82-60df-4ba1-883e-6a3f969effd8)
2025-04-24 09:59:36,732 Result is kept for 600 seconds
2025-04-24 09:59:36,736 home-fy-Documents-GitHub-erpnext-frappe-bench:default: frappe.utils.background_jobs.execute_job(event=None, is_async=True, job_name='frappe.model.delete_doc.delete_dynamic_links', kwargs={'doctype': 'Property Setter', 'name': 'Supplier Quotation-in_words-hidden'..., method='frappe.model.delete_doc.delete_dynamic_links', site='erpnext.localhost', user='Administrator') (erpnext.localhost||6a354881-9a09-49da-baa9-43d64fdfd117)
2025-04-24 09:59:36,774 Successfully completed frappe.utils.background_jobs.execute_job(event=None, is_async=True, job_name='frappe.model.delete_doc.delete_dynamic_links', kwargs={'doctype': 'Property Setter', 'name': 'Supplier Quotation-in_words-hidden'..., method='frappe.model.delete_doc.delete_dynamic_links', site='erpnext.localhost', user='Administrator') job in 0:00:00.032151s on worker c05d8575d7dd4a11a1343cfe04f297f8
2025-04-24 09:59:36,774 home-fy-Documents-GitHub-erpnext-frappe-bench:default: Job OK (erpnext.localhost||6a354881-9a09-49da-baa9-43d64fdfd117)
2025-04-24 09:59:36,774 Result is kept for 600 seconds
2025-04-24 09:59:36,778 home-fy-Documents-GitHub-erpnext-frappe-bench:default: frappe.utils.background_jobs.execute_job(event=None, is_async=True, job_name='frappe.model.delete_doc.delete_dynamic_links', kwargs={'doctype': 'Property Setter', 'name': 'Supplier Quotation-in_words-print_h..., method='frappe.model.delete_doc.delete_dynamic_links', site='erpnext.localhost', user='Administrator') (erpnext.localhost||035dc717-4fe9-4ce9-bb5b-b4aba9d05eae)
2025-04-24 09:59:36,816 Successfully completed frappe.utils.background_jobs.execute_job(event=None, is_async=True, job_name='frappe.model.delete_doc.delete_dynamic_links', kwargs={'doctype': 'Property Setter', 'name': 'Supplier Quotation-in_words-print_h..., method='frappe.model.delete_doc.delete_dynamic_links', site='erpnext.localhost', user='Administrator') job in 0:00:00.032801s on worker c05d8575d7dd4a11a1343cfe04f297f8
2025-04-24 09:59:36,816 home-fy-Documents-GitHub-erpnext-frappe-bench:default: Job OK (erpnext.localhost||035dc717-4fe9-4ce9-bb5b-b4aba9d05eae)
2025-04-24 09:59:36,816 Result is kept for 600 seconds
2025-04-24 09:59:36,820 home-fy-Documents-GitHub-erpnext-frappe-bench:default: frappe.utils.background_jobs.execute_job(event=None, is_async=True, job_name='frappe.model.delete_doc.delete_dynamic_links', kwargs={'doctype': 'Property Setter', 'name': 'Purchase Order-in_words-hidden'}, method='frappe.model.delete_doc.delete_dynamic_links', site='erpnext.localhost', user='Administrator') (erpnext.localhost||0058ef5e-a4fe-4ec0-abd5-0f5d6fea4764)
2025-04-24 09:59:36,858 Successfully completed frappe.utils.background_jobs.execute_job(event=None, is_async=True, job_name='frappe.model.delete_doc.delete_dynamic_links', kwargs={'doctype': 'Property Setter', 'name': 'Purchase Order-in_words-hidden'}, method='frappe.model.delete_doc.delete_dynamic_links', site='erpnext.localhost', user='Administrator') job in 0:00:00.032518s on worker c05d8575d7dd4a11a1343cfe04f297f8
2025-04-24 09:59:36,858 home-fy-Documents-GitHub-erpnext-frappe-bench:default: Job OK (erpnext.localhost||0058ef5e-a4fe-4ec0-abd5-0f5d6fea4764)
2025-04-24 09:59:36,858 Result is kept for 600 seconds
2025-04-24 09:59:36,864 home-fy-Documents-GitHub-erpnext-frappe-bench:default: frappe.utils.background_jobs.execute_job(event=None, is_async=True, job_name='frappe.model.delete_doc.delete_dynamic_links', kwargs={'doctype': 'Property Setter', 'name': 'Purchase Order-in_words-print_hide'..., method='frappe.model.delete_doc.delete_dynamic_links', site='erpnext.localhost', user='Administrator') (erpnext.localhost||a3dfc71e-8011-4216-a5ba-8d626cb5ef90)
2025-04-24 09:59:36,902 Successfully completed frappe.utils.background_jobs.execute_job(event=None, is_async=True, job_name='frappe.model.delete_doc.delete_dynamic_links', kwargs={'doctype': 'Property Setter', 'name': 'Purchase Order-in_words-print_hide'..., method='frappe.model.delete_doc.delete_dynamic_links', site='erpnext.localhost', user='Administrator') job in 0:00:00.031945s on worker c05d8575d7dd4a11a1343cfe04f297f8
2025-04-24 09:59:36,903 home-fy-Documents-GitHub-erpnext-frappe-bench:default: Job OK (erpnext.localhost||a3dfc71e-8011-4216-a5ba-8d626cb5ef90)
2025-04-24 09:59:36,903 Result is kept for 600 seconds
2025-04-24 09:59:36,907 home-fy-Documents-GitHub-erpnext-frappe-bench:default: frappe.utils.background_jobs.execute_job(event=None, is_async=True, job_name='frappe.model.delete_doc.delete_dynamic_links', kwargs={'doctype': 'Property Setter', 'name': 'Purchase Invoice-in_words-hidden'}, method='frappe.model.delete_doc.delete_dynamic_links', site='erpnext.localhost', user='Administrator') (erpnext.localhost||fd5c1b43-8dda-440c-9cd8-fe04c6a9e9fd)
2025-04-24 09:59:36,945 Successfully completed frappe.utils.background_jobs.execute_job(event=None, is_async=True, job_name='frappe.model.delete_doc.delete_dynamic_links', kwargs={'doctype': 'Property Setter', 'name': 'Purchase Invoice-in_words-hidden'}, method='frappe.model.delete_doc.delete_dynamic_links', site='erpnext.localhost', user='Administrator') job in 0:00:00.032231s on worker c05d8575d7dd4a11a1343cfe04f297f8
2025-04-24 09:59:36,945 home-fy-Documents-GitHub-erpnext-frappe-bench:default: Job OK (erpnext.localhost||fd5c1b43-8dda-440c-9cd8-fe04c6a9e9fd)
2025-04-24 09:59:36,945 Result is kept for 600 seconds
2025-04-24 09:59:36,949 home-fy-Documents-GitHub-erpnext-frappe-bench:default: frappe.utils.background_jobs.execute_job(event=None, is_async=True, job_name='frappe.model.delete_doc.delete_dynamic_links', kwargs={'doctype': 'Property Setter', 'name': 'Purchase Invoice-in_words-print_hid..., method='frappe.model.delete_doc.delete_dynamic_links', site='erpnext.localhost', user='Administrator') (erpnext.localhost||3bb77e18-ab99-49a2-877f-383d300f4d05)
2025-04-24 09:59:36,986 Successfully completed frappe.utils.background_jobs.execute_job(event=None, is_async=True, job_name='frappe.model.delete_doc.delete_dynamic_links', kwargs={'doctype': 'Property Setter', 'name': 'Purchase Invoice-in_words-print_hid..., method='frappe.model.delete_doc.delete_dynamic_links', site='erpnext.localhost', user='Administrator') job in 0:00:00.031426s on worker c05d8575d7dd4a11a1343cfe04f297f8
2025-04-24 09:59:36,986 home-fy-Documents-GitHub-erpnext-frappe-bench:default: Job OK (erpnext.localhost||3bb77e18-ab99-49a2-877f-383d300f4d05)
2025-04-24 09:59:36,986 Result is kept for 600 seconds
2025-04-24 09:59:36,990 home-fy-Documents-GitHub-erpnext-frappe-bench:default: frappe.utils.background_jobs.execute_job(event=None, is_async=True, job_name='frappe.model.delete_doc.delete_dynamic_links', kwargs={'doctype': 'Property Setter', 'name': 'Purchase Receipt-in_words-hidden'}, method='frappe.model.delete_doc.delete_dynamic_links', site='erpnext.localhost', user='Administrator') (erpnext.localhost||20b99951-62c9-4bbe-8883-06995611200a)
2025-04-24 09:59:37,027 Successfully completed frappe.utils.background_jobs.execute_job(event=None, is_async=True, job_name='frappe.model.delete_doc.delete_dynamic_links', kwargs={'doctype': 'Property Setter', 'name': 'Purchase Receipt-in_words-hidden'}, method='frappe.model.delete_doc.delete_dynamic_links', site='erpnext.localhost', user='Administrator') job in 0:00:00.031979s on worker c05d8575d7dd4a11a1343cfe04f297f8
2025-04-24 09:59:37,028 home-fy-Documents-GitHub-erpnext-frappe-bench:default: Job OK (erpnext.localhost||20b99951-62c9-4bbe-8883-06995611200a)
2025-04-24 09:59:37,028 Result is kept for 600 seconds
2025-04-24 09:59:37,032 home-fy-Documents-GitHub-erpnext-frappe-bench:default: frappe.utils.background_jobs.execute_job(event=None, is_async=True, job_name='frappe.model.delete_doc.delete_dynamic_links', kwargs={'doctype': 'Property Setter', 'name': 'Purchase Receipt-in_words-print_hid..., method='frappe.model.delete_doc.delete_dynamic_links', site='erpnext.localhost', user='Administrator') (erpnext.localhost||3b63dbfe-e6d3-464d-925d-27479ad119dd)
2025-04-24 09:59:37,069 Successfully completed frappe.utils.background_jobs.execute_job(event=None, is_async=True, job_name='frappe.model.delete_doc.delete_dynamic_links', kwargs={'doctype': 'Property Setter', 'name': 'Purchase Receipt-in_words-print_hid..., method='frappe.model.delete_doc.delete_dynamic_links', site='erpnext.localhost', user='Administrator') job in 0:00:00.032314s on worker c05d8575d7dd4a11a1343cfe04f297f8
2025-04-24 09:59:37,070 home-fy-Documents-GitHub-erpnext-frappe-bench:default: Job OK (erpnext.localhost||3b63dbfe-e6d3-464d-925d-27479ad119dd)
2025-04-24 09:59:37,070 Result is kept for 600 seconds
2025-04-24 09:59:37,074 home-fy-Documents-GitHub-erpnext-frappe-bench:default: frappe.utils.background_jobs.execute_job(event=None, is_async=True, job_name='frappe.model.delete_doc.delete_dynamic_links', kwargs={'doctype': 'Property Setter', 'name': 'Item-naming_series-reqd'}, method='frappe.model.delete_doc.delete_dynamic_links', site='erpnext.localhost', user='Administrator') (erpnext.localhost||f1016612-699e-4062-b842-679b1944b885)
2025-04-24 09:59:37,111 Successfully completed frappe.utils.background_jobs.execute_job(event=None, is_async=True, job_name='frappe.model.delete_doc.delete_dynamic_links', kwargs={'doctype': 'Property Setter', 'name': 'Item-naming_series-reqd'}, method='frappe.model.delete_doc.delete_dynamic_links', site='erpnext.localhost', user='Administrator') job in 0:00:00.031888s on worker c05d8575d7dd4a11a1343cfe04f297f8
2025-04-24 09:59:37,111 home-fy-Documents-GitHub-erpnext-frappe-bench:default: Job OK (erpnext.localhost||f1016612-699e-4062-b842-679b1944b885)
2025-04-24 09:59:37,111 Result is kept for 600 seconds
2025-04-24 09:59:37,115 home-fy-Documents-GitHub-erpnext-frappe-bench:default: frappe.utils.background_jobs.execute_job(event=None, is_async=True, job_name='frappe.model.delete_doc.delete_dynamic_links', kwargs={'doctype': 'Property Setter', 'name': 'Item-naming_series-hidden'}, method='frappe.model.delete_doc.delete_dynamic_links', site='erpnext.localhost', user='Administrator') (erpnext.localhost||4b146b14-6b78-4fa2-80f4-1299e8486bc3)
2025-04-24 09:59:37,153 Successfully completed frappe.utils.background_jobs.execute_job(event=None, is_async=True, job_name='frappe.model.delete_doc.delete_dynamic_links', kwargs={'doctype': 'Property Setter', 'name': 'Item-naming_series-hidden'}, method='frappe.model.delete_doc.delete_dynamic_links', site='erpnext.localhost', user='Administrator') job in 0:00:00.031882s on worker c05d8575d7dd4a11a1343cfe04f297f8
2025-04-24 09:59:37,153 home-fy-Documents-GitHub-erpnext-frappe-bench:default: Job OK (erpnext.localhost||4b146b14-6b78-4fa2-80f4-1299e8486bc3)
2025-04-24 09:59:37,153 Result is kept for 600 seconds
2025-04-24 09:59:37,157 home-fy-Documents-GitHub-erpnext-frappe-bench:default: frappe.utils.background_jobs.execute_job(event=None, is_async=True, job_name='frappe.model.delete_doc.delete_dynamic_links', kwargs={'doctype': 'Property Setter', 'name': 'Item-item_code-hidden'}, method='frappe.model.delete_doc.delete_dynamic_links', site='erpnext.localhost', user='Administrator') (erpnext.localhost||e5d24d93-0155-4116-89eb-5d889024fd3d)
2025-04-24 09:59:37,195 Successfully completed frappe.utils.background_jobs.execute_job(event=None, is_async=True, job_name='frappe.model.delete_doc.delete_dynamic_links', kwargs={'doctype': 'Property Setter', 'name': 'Item-item_code-hidden'}, method='frappe.model.delete_doc.delete_dynamic_links', site='erpnext.localhost', user='Administrator') job in 0:00:00.032969s on worker c05d8575d7dd4a11a1343cfe04f297f8
2025-04-24 09:59:37,196 home-fy-Documents-GitHub-erpnext-frappe-bench:default: Job OK (erpnext.localhost||e5d24d93-0155-4116-89eb-5d889024fd3d)
2025-04-24 09:59:37,196 Result is kept for 600 seconds
2025-04-24 09:59:37,200 home-fy-Documents-GitHub-erpnext-frappe-bench:default: frappe.utils.background_jobs.execute_job(event=None, is_async=True, job_name='frappe.model.delete_doc.delete_dynamic_links', kwargs={'doctype': 'Property Setter', 'name': 'Item-item_code-reqd'}, method='frappe.model.delete_doc.delete_dynamic_links', site='erpnext.localhost', user='Administrator') (erpnext.localhost||a6f7bb42-5e0c-4bbd-bdec-2bdd51f36240)
2025-04-24 09:59:37,238 Successfully completed frappe.utils.background_jobs.execute_job(event=None, is_async=True, job_name='frappe.model.delete_doc.delete_dynamic_links', kwargs={'doctype': 'Property Setter', 'name': 'Item-item_code-reqd'}, method='frappe.model.delete_doc.delete_dynamic_links', site='erpnext.localhost', user='Administrator') job in 0:00:00.032342s on worker c05d8575d7dd4a11a1343cfe04f297f8
2025-04-24 09:59:37,238 home-fy-Documents-GitHub-erpnext-frappe-bench:default: Job OK (erpnext.localhost||a6f7bb42-5e0c-4bbd-bdec-2bdd51f36240)
2025-04-24 09:59:37,238 Result is kept for 600 seconds
2025-04-24 09:59:37,242 home-fy-Documents-GitHub-erpnext-frappe-bench:default: frappe.utils.background_jobs.execute_job(event=None, is_async=True, job_name='frappe.model.delete_doc.delete_dynamic_links', kwargs={'doctype': 'Property Setter', 'name': 'POS Invoice Item-barcode-hidden'}, method='frappe.model.delete_doc.delete_dynamic_links', site='erpnext.localhost', user='Administrator') (erpnext.localhost||a712a293-59d4-4b7c-9883-3426e5174f91)
2025-04-24 09:59:37,280 Successfully completed frappe.utils.background_jobs.execute_job(event=None, is_async=True, job_name='frappe.model.delete_doc.delete_dynamic_links', kwargs={'doctype': 'Property Setter', 'name': 'POS Invoice Item-barcode-hidden'}, method='frappe.model.delete_doc.delete_dynamic_links', site='erpnext.localhost', user='Administrator') job in 0:00:00.032015s on worker c05d8575d7dd4a11a1343cfe04f297f8
2025-04-24 09:59:37,280 home-fy-Documents-GitHub-erpnext-frappe-bench:default: Job OK (erpnext.localhost||a712a293-59d4-4b7c-9883-3426e5174f91)
2025-04-24 09:59:37,280 Result is kept for 600 seconds
2025-04-24 09:59:37,284 home-fy-Documents-GitHub-erpnext-frappe-bench:default: frappe.utils.background_jobs.execute_job(event=None, is_async=True, job_name='frappe.model.delete_doc.delete_dynamic_links', kwargs={'doctype': 'Property Setter', 'name': 'Sales Invoice Item-barcode-hidden'}, method='frappe.model.delete_doc.delete_dynamic_links', site='erpnext.localhost', user='Administrator') (erpnext.localhost||be1bc0b1-45a6-4824-a5fe-9ea0d151c852)
2025-04-24 09:59:37,322 Successfully completed frappe.utils.background_jobs.execute_job(event=None, is_async=True, job_name='frappe.model.delete_doc.delete_dynamic_links', kwargs={'doctype': 'Property Setter', 'name': 'Sales Invoice Item-barcode-hidden'}, method='frappe.model.delete_doc.delete_dynamic_links', site='erpnext.localhost', user='Administrator') job in 0:00:00.031914s on worker c05d8575d7dd4a11a1343cfe04f297f8
2025-04-24 09:59:37,322 home-fy-Documents-GitHub-erpnext-frappe-bench:default: Job OK (erpnext.localhost||be1bc0b1-45a6-4824-a5fe-9ea0d151c852)
2025-04-24 09:59:37,322 Result is kept for 600 seconds
2025-04-24 09:59:37,326 home-fy-Documents-GitHub-erpnext-frappe-bench:default: frappe.utils.background_jobs.execute_job(event=None, is_async=True, job_name='frappe.model.delete_doc.delete_dynamic_links', kwargs={'doctype': 'Property Setter', 'name': 'Job Card-barcode-hidden'}, method='frappe.model.delete_doc.delete_dynamic_links', site='erpnext.localhost', user='Administrator') (erpnext.localhost||66c10467-dc84-40a9-ad23-1db28534cc41)
2025-04-24 09:59:37,362 Successfully completed frappe.utils.background_jobs.execute_job(event=None, is_async=True, job_name='frappe.model.delete_doc.delete_dynamic_links', kwargs={'doctype': 'Property Setter', 'name': 'Job Card-barcode-hidden'}, method='frappe.model.delete_doc.delete_dynamic_links', site='erpnext.localhost', user='Administrator') job in 0:00:00.031359s on worker c05d8575d7dd4a11a1343cfe04f297f8
2025-04-24 09:59:37,363 home-fy-Documents-GitHub-erpnext-frappe-bench:default: Job OK (erpnext.localhost||66c10467-dc84-40a9-ad23-1db28534cc41)
2025-04-24 09:59:37,363 Result is kept for 600 seconds
2025-04-24 09:59:37,366 home-fy-Documents-GitHub-erpnext-frappe-bench:default: frappe.utils.background_jobs.execute_job(event=None, is_async=True, job_name='frappe.model.delete_doc.delete_dynamic_links', kwargs={'doctype': 'Property Setter', 'name': 'Item Barcode-barcode-hidden'}, method='frappe.model.delete_doc.delete_dynamic_links', site='erpnext.localhost', user='Administrator') (erpnext.localhost||5136cb51-67ce-4557-a3e7-370196c6aeb4)
2025-04-24 09:59:37,404 Successfully completed frappe.utils.background_jobs.execute_job(event=None, is_async=True, job_name='frappe.model.delete_doc.delete_dynamic_links', kwargs={'doctype': 'Property Setter', 'name': 'Item Barcode-barcode-hidden'}, method='frappe.model.delete_doc.delete_dynamic_links', site='erpnext.localhost', user='Administrator') job in 0:00:00.031623s on worker c05d8575d7dd4a11a1343cfe04f297f8
2025-04-24 09:59:37,404 home-fy-Documents-GitHub-erpnext-frappe-bench:default: Job OK (erpnext.localhost||5136cb51-67ce-4557-a3e7-370196c6aeb4)
2025-04-24 09:59:37,404 Result is kept for 600 seconds
2025-04-24 09:59:37,408 home-fy-Documents-GitHub-erpnext-frappe-bench:default: frappe.utils.background_jobs.execute_job(event=None, is_async=True, job_name='frappe.model.delete_doc.delete_dynamic_links', kwargs={'doctype': 'Property Setter', 'name': 'Stock Entry Detail-barcode-hidden'}, method='frappe.model.delete_doc.delete_dynamic_links', site='erpnext.localhost', user='Administrator') (erpnext.localhost||4dddeb50-7fe8-4acb-ad76-1e805efa7c14)
2025-04-24 09:59:37,445 Successfully completed frappe.utils.background_jobs.execute_job(event=None, is_async=True, job_name='frappe.model.delete_doc.delete_dynamic_links', kwargs={'doctype': 'Property Setter', 'name': 'Stock Entry Detail-barcode-hidden'}, method='frappe.model.delete_doc.delete_dynamic_links', site='erpnext.localhost', user='Administrator') job in 0:00:00.032061s on worker c05d8575d7dd4a11a1343cfe04f297f8
2025-04-24 09:59:37,445 home-fy-Documents-GitHub-erpnext-frappe-bench:default: Job OK (erpnext.localhost||4dddeb50-7fe8-4acb-ad76-1e805efa7c14)
2025-04-24 09:59:37,446 Result is kept for 600 seconds
2025-04-24 09:59:37,450 home-fy-Documents-GitHub-erpnext-frappe-bench:default: frappe.utils.background_jobs.execute_job(event=None, is_async=True, job_name='frappe.model.delete_doc.delete_dynamic_links', kwargs={'doctype': 'Property Setter', 'name': 'Purchase Receipt Item-barcode-hidde..., method='frappe.model.delete_doc.delete_dynamic_links', site='erpnext.localhost', user='Administrator') (erpnext.localhost||3645a756-8532-486a-b9b8-b0200c2feceb)
2025-04-24 09:59:37,487 Successfully completed frappe.utils.background_jobs.execute_job(event=None, is_async=True, job_name='frappe.model.delete_doc.delete_dynamic_links', kwargs={'doctype': 'Property Setter', 'name': 'Purchase Receipt Item-barcode-hidde..., method='frappe.model.delete_doc.delete_dynamic_links', site='erpnext.localhost', user='Administrator') job in 0:00:00.031684s on worker c05d8575d7dd4a11a1343cfe04f297f8
2025-04-24 09:59:37,487 home-fy-Documents-GitHub-erpnext-frappe-bench:default: Job OK (erpnext.localhost||3645a756-8532-486a-b9b8-b0200c2feceb)
2025-04-24 09:59:37,487 Result is kept for 600 seconds
2025-04-24 09:59:37,491 home-fy-Documents-GitHub-erpnext-frappe-bench:default: frappe.utils.background_jobs.execute_job(event=None, is_async=True, job_name='frappe.model.delete_doc.delete_dynamic_links', kwargs={'doctype': 'Property Setter', 'name': 'Delivery Note Item-barcode-hidden'}, method='frappe.model.delete_doc.delete_dynamic_links', site='erpnext.localhost', user='Administrator') (erpnext.localhost||8d6bcdf7-9bc7-4511-a486-281155bd1e3b)
2025-04-24 09:59:37,529 Successfully completed frappe.utils.background_jobs.execute_job(event=None, is_async=True, job_name='frappe.model.delete_doc.delete_dynamic_links', kwargs={'doctype': 'Property Setter', 'name': 'Delivery Note Item-barcode-hidden'}, method='frappe.model.delete_doc.delete_dynamic_links', site='erpnext.localhost', user='Administrator') job in 0:00:00.031985s on worker c05d8575d7dd4a11a1343cfe04f297f8
2025-04-24 09:59:37,529 home-fy-Documents-GitHub-erpnext-frappe-bench:default: Job OK (erpnext.localhost||8d6bcdf7-9bc7-4511-a486-281155bd1e3b)
2025-04-24 09:59:37,529 Result is kept for 600 seconds
2025-04-24 09:59:37,533 home-fy-Documents-GitHub-erpnext-frappe-bench:default: frappe.utils.background_jobs.execute_job(event=None, is_async=True, job_name='frappe.model.delete_doc.delete_dynamic_links', kwargs={'doctype': 'Property Setter', 'name': 'Stock Reconciliation Item-barcode-h..., method='frappe.model.delete_doc.delete_dynamic_links', site='erpnext.localhost', user='Administrator') (erpnext.localhost||6adbc817-89f5-4a6b-b9ba-86c0a75de2bd)
2025-04-24 09:59:37,571 Successfully completed frappe.utils.background_jobs.execute_job(event=None, is_async=True, job_name='frappe.model.delete_doc.delete_dynamic_links', kwargs={'doctype': 'Property Setter', 'name': 'Stock Reconciliation Item-barcode-h..., method='frappe.model.delete_doc.delete_dynamic_links', site='erpnext.localhost', user='Administrator') job in 0:00:00.031871s on worker c05d8575d7dd4a11a1343cfe04f297f8
2025-04-24 09:59:37,571 home-fy-Documents-GitHub-erpnext-frappe-bench:default: Job OK (erpnext.localhost||6adbc817-89f5-4a6b-b9ba-86c0a75de2bd)
2025-04-24 09:59:37,571 Result is kept for 600 seconds
2025-04-24 09:59:37,575 home-fy-Documents-GitHub-erpnext-frappe-bench:default: frappe.utils.background_jobs.execute_job(event=None, is_async=True, job_name='frappe.model.delete_doc.delete_dynamic_links', kwargs={'doctype': 'Property Setter', 'name': 'Item-barcodes-hidden'}, method='frappe.model.delete_doc.delete_dynamic_links', site='erpnext.localhost', user='Administrator') (erpnext.localhost||6c319aec-6fb4-478c-9881-d0304906ebac)
2025-04-24 09:59:37,613 Successfully completed frappe.utils.background_jobs.execute_job(event=None, is_async=True, job_name='frappe.model.delete_doc.delete_dynamic_links', kwargs={'doctype': 'Property Setter', 'name': 'Item-barcodes-hidden'}, method='frappe.model.delete_doc.delete_dynamic_links', site='erpnext.localhost', user='Administrator') job in 0:00:00.032083s on worker c05d8575d7dd4a11a1343cfe04f297f8
2025-04-24 09:59:37,613 home-fy-Documents-GitHub-erpnext-frappe-bench:default: Job OK (erpnext.localhost||6c319aec-6fb4-478c-9881-d0304906ebac)
2025-04-24 09:59:37,613 Result is kept for 600 seconds
2025-04-24 09:59:37,617 home-fy-Documents-GitHub-erpnext-frappe-bench:default: frappe.utils.background_jobs.execute_job(event=None, is_async=True, job_name='frappe.model.delete_doc.delete_dynamic_links', kwargs={'doctype': 'Property Setter', 'name': 'Purchase Invoice-scan_barcode-hidde..., method='frappe.model.delete_doc.delete_dynamic_links', site='erpnext.localhost', user='Administrator') (erpnext.localhost||af2aefbd-8f58-4478-88bc-8ea9b793094e)
2025-04-24 09:59:37,655 Successfully completed frappe.utils.background_jobs.execute_job(event=None, is_async=True, job_name='frappe.model.delete_doc.delete_dynamic_links', kwargs={'doctype': 'Property Setter', 'name': 'Purchase Invoice-scan_barcode-hidde..., method='frappe.model.delete_doc.delete_dynamic_links', site='erpnext.localhost', user='Administrator') job in 0:00:00.032722s on worker c05d8575d7dd4a11a1343cfe04f297f8
2025-04-24 09:59:37,655 home-fy-Documents-GitHub-erpnext-frappe-bench:default: Job OK (erpnext.localhost||af2aefbd-8f58-4478-88bc-8ea9b793094e)
2025-04-24 09:59:37,656 Result is kept for 600 seconds
2025-04-24 09:59:37,660 home-fy-Documents-GitHub-erpnext-frappe-bench:default: frappe.utils.background_jobs.execute_job(event=None, is_async=True, job_name='frappe.model.delete_doc.delete_dynamic_links', kwargs={'doctype': 'Property Setter', 'name': 'Sales Invoice-scan_barcode-hidden'}, method='frappe.model.delete_doc.delete_dynamic_links', site='erpnext.localhost', user='Administrator') (erpnext.localhost||ecd42b07-5211-463c-920d-57d11c8373b5)
2025-04-24 09:59:37,697 Successfully completed frappe.utils.background_jobs.execute_job(event=None, is_async=True, job_name='frappe.model.delete_doc.delete_dynamic_links', kwargs={'doctype': 'Property Setter', 'name': 'Sales Invoice-scan_barcode-hidden'}, method='frappe.model.delete_doc.delete_dynamic_links', site='erpnext.localhost', user='Administrator') job in 0:00:00.031956s on worker c05d8575d7dd4a11a1343cfe04f297f8
2025-04-24 09:59:37,697 home-fy-Documents-GitHub-erpnext-frappe-bench:default: Job OK (erpnext.localhost||ecd42b07-5211-463c-920d-57d11c8373b5)
2025-04-24 09:59:37,697 Result is kept for 600 seconds
2025-04-24 09:59:37,701 home-fy-Documents-GitHub-erpnext-frappe-bench:default: frappe.utils.background_jobs.execute_job(event=None, is_async=True, job_name='frappe.model.delete_doc.delete_dynamic_links', kwargs={'doctype': 'Property Setter', 'name': 'POS Invoice-scan_barcode-hidden'}, method='frappe.model.delete_doc.delete_dynamic_links', site='erpnext.localhost', user='Administrator') (erpnext.localhost||4052decf-0998-4fc5-a29f-f286dc5757aa)
2025-04-24 09:59:37,739 Successfully completed frappe.utils.background_jobs.execute_job(event=None, is_async=True, job_name='frappe.model.delete_doc.delete_dynamic_links', kwargs={'doctype': 'Property Setter', 'name': 'POS Invoice-scan_barcode-hidden'}, method='frappe.model.delete_doc.delete_dynamic_links', site='erpnext.localhost', user='Administrator') job in 0:00:00.032064s on worker c05d8575d7dd4a11a1343cfe04f297f8
2025-04-24 09:59:37,739 home-fy-Documents-GitHub-erpnext-frappe-bench:default: Job OK (erpnext.localhost||4052decf-0998-4fc5-a29f-f286dc5757aa)
2025-04-24 09:59:37,739 Result is kept for 600 seconds
2025-04-24 09:59:37,744 home-fy-Documents-GitHub-erpnext-frappe-bench:default: frappe.utils.background_jobs.execute_job(event=None, is_async=True, job_name='frappe.model.delete_doc.delete_dynamic_links', kwargs={'doctype': 'Property Setter', 'name': 'Purchase Order-scan_barcode-hidden'..., method='frappe.model.delete_doc.delete_dynamic_links', site='erpnext.localhost', user='Administrator') (erpnext.localhost||87e63d40-005d-4617-a52b-abb3ac4933ea)
2025-04-24 09:59:37,781 Successfully completed frappe.utils.background_jobs.execute_job(event=None, is_async=True, job_name='frappe.model.delete_doc.delete_dynamic_links', kwargs={'doctype': 'Property Setter', 'name': 'Purchase Order-scan_barcode-hidden'..., method='frappe.model.delete_doc.delete_dynamic_links', site='erpnext.localhost', user='Administrator') job in 0:00:00.032373s on worker c05d8575d7dd4a11a1343cfe04f297f8
2025-04-24 09:59:37,781 home-fy-Documents-GitHub-erpnext-frappe-bench:default: Job OK (erpnext.localhost||87e63d40-005d-4617-a52b-abb3ac4933ea)
2025-04-24 09:59:37,781 Result is kept for 600 seconds
2025-04-24 09:59:37,785 home-fy-Documents-GitHub-erpnext-frappe-bench:default: frappe.utils.background_jobs.execute_job(event=None, is_async=True, job_name='frappe.model.delete_doc.delete_dynamic_links', kwargs={'doctype': 'Property Setter', 'name': 'Sales Order-scan_barcode-hidden'}, method='frappe.model.delete_doc.delete_dynamic_links', site='erpnext.localhost', user='Administrator') (erpnext.localhost||46a59d4a-b12d-4ec1-90df-53f2298cdcb5)
2025-04-24 09:59:37,823 Successfully completed frappe.utils.background_jobs.execute_job(event=None, is_async=True, job_name='frappe.model.delete_doc.delete_dynamic_links', kwargs={'doctype': 'Property Setter', 'name': 'Sales Order-scan_barcode-hidden'}, method='frappe.model.delete_doc.delete_dynamic_links', site='erpnext.localhost', user='Administrator') job in 0:00:00.032415s on worker c05d8575d7dd4a11a1343cfe04f297f8
2025-04-24 09:59:37,823 home-fy-Documents-GitHub-erpnext-frappe-bench:default: Job OK (erpnext.localhost||46a59d4a-b12d-4ec1-90df-53f2298cdcb5)
2025-04-24 09:59:37,823 Result is kept for 600 seconds
2025-04-24 09:59:37,827 home-fy-Documents-GitHub-erpnext-frappe-bench:default: frappe.utils.background_jobs.execute_job(event=None, is_async=True, job_name='frappe.model.delete_doc.delete_dynamic_links', kwargs={'doctype': 'Property Setter', 'name': 'Quotation-scan_barcode-hidden'}, method='frappe.model.delete_doc.delete_dynamic_links', site='erpnext.localhost', user='Administrator') (erpnext.localhost||dd42ce12-9d1a-480e-8928-2e6fa5610b12)
2025-04-24 09:59:37,865 Successfully completed frappe.utils.background_jobs.execute_job(event=None, is_async=True, job_name='frappe.model.delete_doc.delete_dynamic_links', kwargs={'doctype': 'Property Setter', 'name': 'Quotation-scan_barcode-hidden'}, method='frappe.model.delete_doc.delete_dynamic_links', site='erpnext.localhost', user='Administrator') job in 0:00:00.032053s on worker c05d8575d7dd4a11a1343cfe04f297f8
2025-04-24 09:59:37,865 home-fy-Documents-GitHub-erpnext-frappe-bench:default: Job OK (erpnext.localhost||dd42ce12-9d1a-480e-8928-2e6fa5610b12)
2025-04-24 09:59:37,865 Result is kept for 600 seconds
2025-04-24 09:59:37,869 home-fy-Documents-GitHub-erpnext-frappe-bench:default: frappe.utils.background_jobs.execute_job(event=None, is_async=True, job_name='frappe.model.delete_doc.delete_dynamic_links', kwargs={'doctype': 'Property Setter', 'name': 'Purchase Receipt-scan_barcode-hidde..., method='frappe.model.delete_doc.delete_dynamic_links', site='erpnext.localhost', user='Administrator') (erpnext.localhost||684b42af-2a29-4cca-a42d-f7d7036f1a43)
2025-04-24 09:59:37,906 Successfully completed frappe.utils.background_jobs.execute_job(event=None, is_async=True, job_name='frappe.model.delete_doc.delete_dynamic_links', kwargs={'doctype': 'Property Setter', 'name': 'Purchase Receipt-scan_barcode-hidde..., method='frappe.model.delete_doc.delete_dynamic_links', site='erpnext.localhost', user='Administrator') job in 0:00:00.032138s on worker c05d8575d7dd4a11a1343cfe04f297f8
2025-04-24 09:59:37,906 home-fy-Documents-GitHub-erpnext-frappe-bench:default: Job OK (erpnext.localhost||684b42af-2a29-4cca-a42d-f7d7036f1a43)
2025-04-24 09:59:37,906 Result is kept for 600 seconds
2025-04-24 09:59:37,910 home-fy-Documents-GitHub-erpnext-frappe-bench:default: frappe.utils.background_jobs.execute_job(event=None, is_async=True, job_name='frappe.model.delete_doc.delete_dynamic_links', kwargs={'doctype': 'Property Setter', 'name': 'Delivery Note-scan_barcode-hidden'}, method='frappe.model.delete_doc.delete_dynamic_links', site='erpnext.localhost', user='Administrator') (erpnext.localhost||3414a82d-e1e8-490a-942e-0f0d09aa47e9)
2025-04-24 09:59:37,960 Successfully completed frappe.utils.background_jobs.execute_job(event=None, is_async=True, job_name='frappe.model.delete_doc.delete_dynamic_links', kwargs={'doctype': 'Property Setter', 'name': 'Delivery Note-scan_barcode-hidden'}, method='frappe.model.delete_doc.delete_dynamic_links', site='erpnext.localhost', user='Administrator') job in 0:00:00.043822s on worker c05d8575d7dd4a11a1343cfe04f297f8
2025-04-24 09:59:37,960 home-fy-Documents-GitHub-erpnext-frappe-bench:default: Job OK (erpnext.localhost||3414a82d-e1e8-490a-942e-0f0d09aa47e9)
2025-04-24 09:59:37,960 Result is kept for 600 seconds
2025-04-24 09:59:37,964 home-fy-Documents-GitHub-erpnext-frappe-bench:default: frappe.utils.background_jobs.execute_job(event=None, is_async=True, job_name='frappe.model.delete_doc.delete_dynamic_links', kwargs={'doctype': 'Property Setter', 'name': 'Pick List-scan_barcode-hidden'}, method='frappe.model.delete_doc.delete_dynamic_links', site='erpnext.localhost', user='Administrator') (erpnext.localhost||4693cf3c-01bf-4d4d-9f9f-466787b5cce6)
2025-04-24 09:59:38,002 Successfully completed frappe.utils.background_jobs.execute_job(event=None, is_async=True, job_name='frappe.model.delete_doc.delete_dynamic_links', kwargs={'doctype': 'Property Setter', 'name': 'Pick List-scan_barcode-hidden'}, method='frappe.model.delete_doc.delete_dynamic_links', site='erpnext.localhost', user='Administrator') job in 0:00:00.032253s on worker c05d8575d7dd4a11a1343cfe04f297f8
2025-04-24 09:59:38,002 home-fy-Documents-GitHub-erpnext-frappe-bench:default: Job OK (erpnext.localhost||4693cf3c-01bf-4d4d-9f9f-466787b5cce6)
2025-04-24 09:59:38,002 Result is kept for 600 seconds
2025-04-24 09:59:38,006 home-fy-Documents-GitHub-erpnext-frappe-bench:default: frappe.utils.background_jobs.execute_job(event=None, is_async=True, job_name='frappe.model.delete_doc.delete_dynamic_links', kwargs={'doctype': 'Property Setter', 'name': 'Stock Reconciliation-scan_barcode-h..., method='frappe.model.delete_doc.delete_dynamic_links', site='erpnext.localhost', user='Administrator') (erpnext.localhost||6e0ad39a-016c-446a-95cf-e5418f7b39f9)
2025-04-24 09:59:38,044 Successfully completed frappe.utils.background_jobs.execute_job(event=None, is_async=True, job_name='frappe.model.delete_doc.delete_dynamic_links', kwargs={'doctype': 'Property Setter', 'name': 'Stock Reconciliation-scan_barcode-h..., method='frappe.model.delete_doc.delete_dynamic_links', site='erpnext.localhost', user='Administrator') job in 0:00:00.032335s on worker c05d8575d7dd4a11a1343cfe04f297f8
2025-04-24 09:59:38,044 home-fy-Documents-GitHub-erpnext-frappe-bench:default: Job OK (erpnext.localhost||6e0ad39a-016c-446a-95cf-e5418f7b39f9)
2025-04-24 09:59:38,044 Result is kept for 600 seconds
2025-04-24 09:59:38,048 home-fy-Documents-GitHub-erpnext-frappe-bench:default: frappe.utils.background_jobs.execute_job(event=None, is_async=True, job_name='frappe.model.delete_doc.delete_dynamic_links', kwargs={'doctype': 'Property Setter', 'name': 'Stock Entry-scan_barcode-hidden'}, method='frappe.model.delete_doc.delete_dynamic_links', site='erpnext.localhost', user='Administrator') (erpnext.localhost||eb7b470c-6a8f-4ef4-8846-d31faa3f70c2)
2025-04-24 09:59:38,087 Successfully completed frappe.utils.background_jobs.execute_job(event=None, is_async=True, job_name='frappe.model.delete_doc.delete_dynamic_links', kwargs={'doctype': 'Property Setter', 'name': 'Stock Entry-scan_barcode-hidden'}, method='frappe.model.delete_doc.delete_dynamic_links', site='erpnext.localhost', user='Administrator') job in 0:00:00.033664s on worker c05d8575d7dd4a11a1343cfe04f297f8
2025-04-24 09:59:38,088 home-fy-Documents-GitHub-erpnext-frappe-bench:default: Job OK (erpnext.localhost||eb7b470c-6a8f-4ef4-8846-d31faa3f70c2)
2025-04-24 09:59:38,088 Result is kept for 600 seconds
2025-04-24 09:59:38,092 home-fy-Documents-GitHub-erpnext-frappe-bench:default: frappe.utils.background_jobs.execute_job(event=None, is_async=True, job_name='frappe.model.delete_doc.delete_dynamic_links', kwargs={'doctype': 'Property Setter', 'name': 'Material Request-scan_barcode-hidde..., method='frappe.model.delete_doc.delete_dynamic_links', site='erpnext.localhost', user='Administrator') (erpnext.localhost||6daee8c1-99dd-4119-b775-5de94b91ec7b)
2025-04-24 09:59:38,129 Successfully completed frappe.utils.background_jobs.execute_job(event=None, is_async=True, job_name='frappe.model.delete_doc.delete_dynamic_links', kwargs={'doctype': 'Property Setter', 'name': 'Material Request-scan_barcode-hidde..., method='frappe.model.delete_doc.delete_dynamic_links', site='erpnext.localhost', user='Administrator') job in 0:00:00.032190s on worker c05d8575d7dd4a11a1343cfe04f297f8
2025-04-24 09:59:38,130 home-fy-Documents-GitHub-erpnext-frappe-bench:default: Job OK (erpnext.localhost||6daee8c1-99dd-4119-b775-5de94b91ec7b)
2025-04-24 09:59:38,130 Result is kept for 600 seconds
2025-04-24 09:59:38,134 home-fy-Documents-GitHub-erpnext-frappe-bench:default: frappe.utils.background_jobs.execute_job(event=None, is_async=True, job_name='frappe.model.delete_doc.delete_dynamic_links', kwargs={'doctype': 'Property Setter', 'name': 'Sales Invoice Item-target_warehouse..., method='frappe.model.delete_doc.delete_dynamic_links', site='erpnext.localhost', user='Administrator') (erpnext.localhost||3a17a235-d8e4-4ac9-be2a-8862a48ca108)
2025-04-24 09:59:38,171 Successfully completed frappe.utils.background_jobs.execute_job(event=None, is_async=True, job_name='frappe.model.delete_doc.delete_dynamic_links', kwargs={'doctype': 'Property Setter', 'name': 'Sales Invoice Item-target_warehouse..., method='frappe.model.delete_doc.delete_dynamic_links', site='erpnext.localhost', user='Administrator') job in 0:00:00.031477s on worker c05d8575d7dd4a11a1343cfe04f297f8
2025-04-24 09:59:38,171 home-fy-Documents-GitHub-erpnext-frappe-bench:default: Job OK (erpnext.localhost||3a17a235-d8e4-4ac9-be2a-8862a48ca108)
2025-04-24 09:59:38,171 Result is kept for 600 seconds
2025-04-24 09:59:38,175 home-fy-Documents-GitHub-erpnext-frappe-bench:default: frappe.utils.background_jobs.execute_job(event=None, is_async=True, job_name='frappe.model.delete_doc.delete_dynamic_links', kwargs={'doctype': 'Property Setter', 'name': 'Delivery Note Item-target_warehouse..., method='frappe.model.delete_doc.delete_dynamic_links', site='erpnext.localhost', user='Administrator') (erpnext.localhost||ec0b85e2-a4c4-4a64-a81c-34c5f9368a8a)
2025-04-24 09:59:38,212 Successfully completed frappe.utils.background_jobs.execute_job(event=None, is_async=True, job_name='frappe.model.delete_doc.delete_dynamic_links', kwargs={'doctype': 'Property Setter', 'name': 'Delivery Note Item-target_warehouse..., method='frappe.model.delete_doc.delete_dynamic_links', site='erpnext.localhost', user='Administrator') job in 0:00:00.031822s on worker c05d8575d7dd4a11a1343cfe04f297f8
2025-04-24 09:59:38,213 home-fy-Documents-GitHub-erpnext-frappe-bench:default: Job OK (erpnext.localhost||ec0b85e2-a4c4-4a64-a81c-34c5f9368a8a)
2025-04-24 09:59:38,213 Result is kept for 600 seconds
2025-04-24 09:59:38,217 home-fy-Documents-GitHub-erpnext-frappe-bench:default: frappe.utils.background_jobs.execute_job(event=None, is_async=True, job_name='frappe.model.delete_doc.delete_dynamic_links', kwargs={'doctype': 'Property Setter', 'name': 'Purchase Invoice Item-from_warehous..., method='frappe.model.delete_doc.delete_dynamic_links', site='erpnext.localhost', user='Administrator') (erpnext.localhost||6be57a66-bcc1-4d92-b0b9-c1cc1fe64c10)
2025-04-24 09:59:38,255 Successfully completed frappe.utils.background_jobs.execute_job(event=None, is_async=True, job_name='frappe.model.delete_doc.delete_dynamic_links', kwargs={'doctype': 'Property Setter', 'name': 'Purchase Invoice Item-from_warehous..., method='frappe.model.delete_doc.delete_dynamic_links', site='erpnext.localhost', user='Administrator') job in 0:00:00.032146s on worker c05d8575d7dd4a11a1343cfe04f297f8
2025-04-24 09:59:38,255 home-fy-Documents-GitHub-erpnext-frappe-bench:default: Job OK (erpnext.localhost||6be57a66-bcc1-4d92-b0b9-c1cc1fe64c10)
2025-04-24 09:59:38,255 Result is kept for 600 seconds
2025-04-24 09:59:38,259 home-fy-Documents-GitHub-erpnext-frappe-bench:default: frappe.utils.background_jobs.execute_job(event=None, is_async=True, job_name='frappe.model.delete_doc.delete_dynamic_links', kwargs={'doctype': 'Property Setter', 'name': 'Purchase Receipt Item-from_warehous..., method='frappe.model.delete_doc.delete_dynamic_links', site='erpnext.localhost', user='Administrator') (erpnext.localhost||d3b63666-3b7e-42f6-b649-421062d79f62)
2025-04-24 09:59:38,297 Successfully completed frappe.utils.background_jobs.execute_job(event=None, is_async=True, job_name='frappe.model.delete_doc.delete_dynamic_links', kwargs={'doctype': 'Property Setter', 'name': 'Purchase Receipt Item-from_warehous..., method='frappe.model.delete_doc.delete_dynamic_links', site='erpnext.localhost', user='Administrator') job in 0:00:00.032260s on worker c05d8575d7dd4a11a1343cfe04f297f8
2025-04-24 09:59:38,297 home-fy-Documents-GitHub-erpnext-frappe-bench:default: Job OK (erpnext.localhost||d3b63666-3b7e-42f6-b649-421062d79f62)
2025-04-24 09:59:38,297 Result is kept for 600 seconds
2025-04-24 10:06:23,383 Cleaning registries for queue: home-fy-Documents-GitHub-erpnext-frappe-bench:short
2025-04-24 10:06:23,389 Cleaning registries for queue: home-fy-Documents-GitHub-erpnext-frappe-bench:default
2025-04-24 10:06:23,393 Cleaning registries for queue: home-fy-Documents-GitHub-erpnext-frappe-bench:long
2025-04-24 10:11:20,984 Worker c05d8575d7dd4a11a1343cfe04f297f8 [PID 2842]: warm shut down requested
Traceback (most recent call last):
  File "/home/fy/Documents/GitHub/erpnext/frappe-bench/env/lib/python3.10/site-packages/redis/connection.py", line 592, in read_response
    response = self._parser.read_response(disable_decoding=disable_decoding)
  File "/home/fy/Documents/GitHub/erpnext/frappe-bench/env/lib/python3.10/site-packages/redis/_parsers/hiredis.py", line 128, in read_response
    self.read_from_socket()
  File "/home/fy/Documents/GitHub/erpnext/frappe-bench/env/lib/python3.10/site-packages/redis/_parsers/hiredis.py", line 88, in read_from_socket
    bufflen = self._sock.recv_into(self._buffer)
ConnectionResetError: [Errno 104] Connection reset by peer

During handling of the above exception, another exception occurred:

Traceback (most recent call last):
  File "/home/fy/Documents/GitHub/erpnext/frappe-bench/apps/frappe/frappe/utils/bench_helper.py", line 48, in invoke
    return super().invoke(ctx)
  File "/home/fy/Documents/GitHub/erpnext/frappe-bench/env/lib/python3.10/site-packages/click/core.py", line 1697, in invoke
    return _process_result(sub_ctx.command.invoke(sub_ctx))
  File "/home/fy/Documents/GitHub/erpnext/frappe-bench/env/lib/python3.10/site-packages/click/core.py", line 1443, in invoke
    return ctx.invoke(self.callback, **ctx.params)
  File "/home/fy/Documents/GitHub/erpnext/frappe-bench/env/lib/python3.10/site-packages/click/core.py", line 788, in invoke
    return __callback(*args, **kwargs)
  File "/home/fy/Documents/GitHub/erpnext/frappe-bench/apps/frappe/frappe/commands/scheduler.py", line 206, in start_worker
    start_worker(
  File "/home/fy/Documents/GitHub/erpnext/frappe-bench/apps/frappe/frappe/utils/background_jobs.py", line 350, in start_worker
    worker.work(
  File "/home/fy/Documents/GitHub/erpnext/frappe-bench/env/lib/python3.10/site-packages/rq/worker.py", line 649, in work
    self.teardown()
  File "/home/fy/Documents/GitHub/erpnext/frappe-bench/env/lib/python3.10/site-packages/rq/worker.py", line 1150, in teardown
    self.register_death()
  File "/home/fy/Documents/GitHub/erpnext/frappe-bench/env/lib/python3.10/site-packages/rq/worker.py", line 897, in register_death
    p.execute()
  File "/home/fy/Documents/GitHub/erpnext/frappe-bench/env/lib/python3.10/site-packages/redis/client.py", line 1524, in execute
    conn = self.connection_pool.get_connection("MULTI", self.shard_hint)
  File "/home/fy/Documents/GitHub/erpnext/frappe-bench/env/lib/python3.10/site-packages/redis/connection.py", line 1422, in get_connection
    connection.connect()
  File "/home/fy/Documents/GitHub/erpnext/frappe-bench/env/lib/python3.10/site-packages/redis/connection.py", line 369, in connect
    self.on_connect()
  File "/home/fy/Documents/GitHub/erpnext/frappe-bench/env/lib/python3.10/site-packages/redis/connection.py", line 471, in on_connect
    self.read_response()
  File "/home/fy/Documents/GitHub/erpnext/frappe-bench/env/lib/python3.10/site-packages/redis/connection.py", line 600, in read_response
    raise ConnectionError(
redis.exceptions.ConnectionError: Error while reading from 127.0.0.1:11000 : (104, 'Connection reset by peer')

Error while reading from 127.0.0.1:11000 : (104, 'Connection reset by peer')
2025-04-24 10:15:29,227 Worker rq:worker:f08defdb115b4bc1aaf9772e86f340e2 started with PID 5237, version 2.3.2
2025-04-24 10:15:29,227 Subscribing to channel rq:pubsub:f08defdb115b4bc1aaf9772e86f340e2
2025-04-24 10:15:29,228 *** Listening on home-fy-Documents-GitHub-erpnext-frappe-bench:short, home-fy-Documents-GitHub-erpnext-frappe-bench:default, home-fy-Documents-GitHub-erpnext-frappe-bench:long...
2025-04-24 10:15:29,229 Cleaning registries for queue: home-fy-Documents-GitHub-erpnext-frappe-bench:short
2025-04-24 10:15:29,230 Cleaning registries for queue: home-fy-Documents-GitHub-erpnext-frappe-bench:default
2025-04-24 10:15:29,230 Cleaning registries for queue: home-fy-Documents-GitHub-erpnext-frappe-bench:long
2025-04-24 10:19:24,548 Worker f08defdb115b4bc1aaf9772e86f340e2 [PID 5237]: warm shut down requested
2025-04-24 10:19:24,555 Unsubscribing from channel rq:pubsub:f08defdb115b4bc1aaf9772e86f340e2
2025-04-24 10:22:39,372 Worker rq:worker:21d124db9f084b4f98fb2906c7f1d317 started with PID 5607, version 2.3.2
2025-04-24 10:22:39,373 Subscribing to channel rq:pubsub:21d124db9f084b4f98fb2906c7f1d317
2025-04-24 10:22:39,374 *** Listening on home-fy-Documents-GitHub-erpnext-frappe-bench:short, home-fy-Documents-GitHub-erpnext-frappe-bench:default, home-fy-Documents-GitHub-erpnext-frappe-bench:long...
2025-04-24 10:22:39,375 Cleaning registries for queue: home-fy-Documents-GitHub-erpnext-frappe-bench:short
2025-04-24 10:22:39,376 Cleaning registries for queue: home-fy-Documents-GitHub-erpnext-frappe-bench:default
2025-04-24 10:22:39,378 Cleaning registries for queue: home-fy-Documents-GitHub-erpnext-frappe-bench:long
2025-04-24 10:36:09,496 Cleaning registries for queue: home-fy-Documents-GitHub-erpnext-frappe-bench:short
2025-04-24 10:36:09,501 Cleaning registries for queue: home-fy-Documents-GitHub-erpnext-frappe-bench:default
2025-04-24 10:36:09,505 Cleaning registries for queue: home-fy-Documents-GitHub-erpnext-frappe-bench:long
2025-04-24 10:49:39,627 Cleaning registries for queue: home-fy-Documents-GitHub-erpnext-frappe-bench:short
2025-04-24 10:49:39,632 Cleaning registries for queue: home-fy-Documents-GitHub-erpnext-frappe-bench:default
2025-04-24 10:49:39,636 Cleaning registries for queue: home-fy-Documents-GitHub-erpnext-frappe-bench:long
2025-04-24 11:03:09,692 Cleaning registries for queue: home-fy-Documents-GitHub-erpnext-frappe-bench:short
2025-04-24 11:03:09,696 Cleaning registries for queue: home-fy-Documents-GitHub-erpnext-frappe-bench:default
2025-04-24 11:03:09,701 Cleaning registries for queue: home-fy-Documents-GitHub-erpnext-frappe-bench:long
2025-04-24 11:16:39,843 Cleaning registries for queue: home-fy-Documents-GitHub-erpnext-frappe-bench:short
2025-04-24 11:16:39,849 Cleaning registries for queue: home-fy-Documents-GitHub-erpnext-frappe-bench:default
2025-04-24 11:16:39,856 Cleaning registries for queue: home-fy-Documents-GitHub-erpnext-frappe-bench:long
2025-04-24 11:20:00,955 home-fy-Documents-GitHub-erpnext-frappe-bench:default: frappe.utils.background_jobs.execute_job(event=None, is_async=True, job_name='frappe.core.doctype.scheduled_job_type.scheduled_job_type.run_scheduled_jo..., kwargs={'job_type': 'frappe.email.doctype.notification.notification.trigger_offset..., method='frappe.core.doctype.scheduled_job_type.scheduled_job_type.run_scheduled_jo..., site='erpnext.localhost', user='Administrator') (erpnext.localhost||scheduled_job||57fmqjdgf7)
2025-04-24 11:20:01,092 Successfully completed frappe.utils.background_jobs.execute_job(event=None, is_async=True, job_name='frappe.core.doctype.scheduled_job_type.scheduled_job_type.run_scheduled_jo..., kwargs={'job_type': 'frappe.email.doctype.notification.notification.trigger_offset..., method='frappe.core.doctype.scheduled_job_type.scheduled_job_type.run_scheduled_jo..., site='erpnext.localhost', user='Administrator') job in 0:00:00.111473s on worker 21d124db9f084b4f98fb2906c7f1d317
2025-04-24 11:20:01,092 home-fy-Documents-GitHub-erpnext-frappe-bench:default: Job OK (erpnext.localhost||scheduled_job||57fmqjdgf7)
2025-04-24 11:20:01,092 Result is kept for 600 seconds
2025-04-24 11:20:01,097 home-fy-Documents-GitHub-erpnext-frappe-bench:default: frappe.utils.background_jobs.execute_job(event=None, is_async=True, job_name='frappe.core.doctype.scheduled_job_type.scheduled_job_type.run_scheduled_jo..., kwargs={'job_type': 'frappe.email.doctype.email_account.email_account.pull', 'sche..., method='frappe.core.doctype.scheduled_job_type.scheduled_job_type.run_scheduled_jo..., site='erpnext.localhost', user='Administrator') (erpnext.localhost||scheduled_job||57fv1s5ve3)
2025-04-24 11:20:01,260 Successfully completed frappe.utils.background_jobs.execute_job(event=None, is_async=True, job_name='frappe.core.doctype.scheduled_job_type.scheduled_job_type.run_scheduled_jo..., kwargs={'job_type': 'frappe.email.doctype.email_account.email_account.pull', 'sche..., method='frappe.core.doctype.scheduled_job_type.scheduled_job_type.run_scheduled_jo..., site='erpnext.localhost', user='Administrator') job in 0:00:00.153236s on worker 21d124db9f084b4f98fb2906c7f1d317
2025-04-24 11:20:01,261 home-fy-Documents-GitHub-erpnext-frappe-bench:default: Job OK (erpnext.localhost||scheduled_job||57fv1s5ve3)
2025-04-24 11:20:01,261 Result is kept for 600 seconds
2025-04-24 11:20:01,280 home-fy-Documents-GitHub-erpnext-frappe-bench:default: frappe.utils.background_jobs.execute_job(event=None, is_async=True, job_name='frappe.core.doctype.scheduled_job_type.scheduled_job_type.run_scheduled_jo..., kwargs={'job_type': 'frappe.email.queue.flush', 'scheduled_job_type': '57fu68shpf'..., method='frappe.core.doctype.scheduled_job_type.scheduled_job_type.run_scheduled_jo..., site='erpnext.localhost', user='Administrator') (erpnext.localhost||scheduled_job||57fu68shpf)
2025-04-24 11:20:01,502 Successfully completed frappe.utils.background_jobs.execute_job(event=None, is_async=True, job_name='frappe.core.doctype.scheduled_job_type.scheduled_job_type.run_scheduled_jo..., kwargs={'job_type': 'frappe.email.queue.flush', 'scheduled_job_type': '57fu68shpf'..., method='frappe.core.doctype.scheduled_job_type.scheduled_job_type.run_scheduled_jo..., site='erpnext.localhost', user='Administrator') job in 0:00:00.203384s on worker 21d124db9f084b4f98fb2906c7f1d317
2025-04-24 11:20:01,502 home-fy-Documents-GitHub-erpnext-frappe-bench:default: Job OK (erpnext.localhost||scheduled_job||57fu68shpf)
2025-04-24 11:20:01,502 Result is kept for 600 seconds
2025-04-24 11:20:01,508 home-fy-Documents-GitHub-erpnext-frappe-bench:default: frappe.utils.background_jobs.execute_job(event=None, is_async=True, job_name='frappe.core.doctype.scheduled_job_type.scheduled_job_type.run_scheduled_jo..., kwargs={'job_type': 'frappe.monitor.flush', 'scheduled_job_type': '57fcr9524j'}, method='frappe.core.doctype.scheduled_job_type.scheduled_job_type.run_scheduled_jo..., site='erpnext.localhost', user='Administrator') (erpnext.localhost||scheduled_job||57fcr9524j)
2025-04-24 11:20:01,620 Successfully completed frappe.utils.background_jobs.execute_job(event=None, is_async=True, job_name='frappe.core.doctype.scheduled_job_type.scheduled_job_type.run_scheduled_jo..., kwargs={'job_type': 'frappe.monitor.flush', 'scheduled_job_type': '57fcr9524j'}, method='frappe.core.doctype.scheduled_job_type.scheduled_job_type.run_scheduled_jo..., site='erpnext.localhost', user='Administrator') job in 0:00:00.106957s on worker 21d124db9f084b4f98fb2906c7f1d317
2025-04-24 11:20:01,621 home-fy-Documents-GitHub-erpnext-frappe-bench:default: Job OK (erpnext.localhost||scheduled_job||57fcr9524j)
2025-04-24 11:20:01,621 Result is kept for 600 seconds
2025-04-24 11:20:01,625 home-fy-Documents-GitHub-erpnext-frappe-bench:default: frappe.utils.background_jobs.execute_job(event=None, is_async=True, job_name='frappe.core.doctype.scheduled_job_type.scheduled_job_type.run_scheduled_jo..., kwargs={'job_type': 'frappe.integrations.doctype.google_calendar.google_calendar.s..., method='frappe.core.doctype.scheduled_job_type.scheduled_job_type.run_scheduled_jo..., site='erpnext.localhost', user='Administrator') (erpnext.localhost||scheduled_job||57fp7enf9v)
2025-04-24 11:20:01,907 Successfully completed frappe.utils.background_jobs.execute_job(event=None, is_async=True, job_name='frappe.core.doctype.scheduled_job_type.scheduled_job_type.run_scheduled_jo..., kwargs={'job_type': 'frappe.integrations.doctype.google_calendar.google_calendar.s..., method='frappe.core.doctype.scheduled_job_type.scheduled_job_type.run_scheduled_jo..., site='erpnext.localhost', user='Administrator') job in 0:00:00.275636s on worker 21d124db9f084b4f98fb2906c7f1d317
2025-04-24 11:20:01,907 home-fy-Documents-GitHub-erpnext-frappe-bench:default: Job OK (erpnext.localhost||scheduled_job||57fp7enf9v)
2025-04-24 11:20:01,907 Result is kept for 600 seconds
2025-04-24 11:24:01,095 home-fy-Documents-GitHub-erpnext-frappe-bench:default: frappe.utils.background_jobs.execute_job(event=None, is_async=True, job_name='frappe.core.doctype.scheduled_job_type.scheduled_job_type.run_scheduled_jo..., kwargs={'job_type': 'frappe.email.queue.flush', 'scheduled_job_type': '57fu68shpf'..., method='frappe.core.doctype.scheduled_job_type.scheduled_job_type.run_scheduled_jo..., site='erpnext.localhost', user='Administrator') (erpnext.localhost||scheduled_job||57fu68shpf)
2025-04-24 11:24:01,277 Successfully completed frappe.utils.background_jobs.execute_job(event=None, is_async=True, job_name='frappe.core.doctype.scheduled_job_type.scheduled_job_type.run_scheduled_jo..., kwargs={'job_type': 'frappe.email.queue.flush', 'scheduled_job_type': '57fu68shpf'..., method='frappe.core.doctype.scheduled_job_type.scheduled_job_type.run_scheduled_jo..., site='erpnext.localhost', user='Administrator') job in 0:00:00.175634s on worker 21d124db9f084b4f98fb2906c7f1d317
2025-04-24 11:24:01,277 home-fy-Documents-GitHub-erpnext-frappe-bench:default: Job OK (erpnext.localhost||scheduled_job||57fu68shpf)
2025-04-24 11:24:01,277 Result is kept for 600 seconds
2025-04-24 11:24:01,283 home-fy-Documents-GitHub-erpnext-frappe-bench:default: frappe.utils.background_jobs.execute_job(event=None, is_async=True, job_name='frappe.core.doctype.scheduled_job_type.scheduled_job_type.run_scheduled_jo..., kwargs={'job_type': 'frappe.monitor.flush', 'scheduled_job_type': '57fcr9524j'}, method='frappe.core.doctype.scheduled_job_type.scheduled_job_type.run_scheduled_jo..., site='erpnext.localhost', user='Administrator') (erpnext.localhost||scheduled_job||57fcr9524j)
2025-04-24 11:24:01,396 Successfully completed frappe.utils.background_jobs.execute_job(event=None, is_async=True, job_name='frappe.core.doctype.scheduled_job_type.scheduled_job_type.run_scheduled_jo..., kwargs={'job_type': 'frappe.monitor.flush', 'scheduled_job_type': '57fcr9524j'}, method='frappe.core.doctype.scheduled_job_type.scheduled_job_type.run_scheduled_jo..., site='erpnext.localhost', user='Administrator') job in 0:00:00.106981s on worker 21d124db9f084b4f98fb2906c7f1d317
2025-04-24 11:24:01,396 home-fy-Documents-GitHub-erpnext-frappe-bench:default: Job OK (erpnext.localhost||scheduled_job||57fcr9524j)
2025-04-24 11:24:01,396 Result is kept for 600 seconds
2025-04-24 11:24:01,400 home-fy-Documents-GitHub-erpnext-frappe-bench:default: frappe.utils.background_jobs.execute_job(event=None, is_async=True, job_name='frappe.core.doctype.scheduled_job_type.scheduled_job_type.run_scheduled_jo..., kwargs={'job_type': 'frappe.integrations.doctype.google_calendar.google_calendar.s..., method='frappe.core.doctype.scheduled_job_type.scheduled_job_type.run_scheduled_jo..., site='erpnext.localhost', user='Administrator') (erpnext.localhost||scheduled_job||57fp7enf9v)
2025-04-24 11:24:01,660 Successfully completed frappe.utils.background_jobs.execute_job(event=None, is_async=True, job_name='frappe.core.doctype.scheduled_job_type.scheduled_job_type.run_scheduled_jo..., kwargs={'job_type': 'frappe.integrations.doctype.google_calendar.google_calendar.s..., method='frappe.core.doctype.scheduled_job_type.scheduled_job_type.run_scheduled_jo..., site='erpnext.localhost', user='Administrator') job in 0:00:00.253924s on worker 21d124db9f084b4f98fb2906c7f1d317
2025-04-24 11:24:01,660 home-fy-Documents-GitHub-erpnext-frappe-bench:default: Job OK (erpnext.localhost||scheduled_job||57fp7enf9v)
2025-04-24 11:24:01,660 Result is kept for 600 seconds
2025-04-24 11:28:00,247 home-fy-Documents-GitHub-erpnext-frappe-bench:default: frappe.utils.background_jobs.execute_job(event=None, is_async=True, job_name='frappe.core.doctype.scheduled_job_type.scheduled_job_type.run_scheduled_jo..., kwargs={'job_type': 'frappe.email.doctype.notification.notification.trigger_offset..., method='frappe.core.doctype.scheduled_job_type.scheduled_job_type.run_scheduled_jo..., site='erpnext.localhost', user='Administrator') (erpnext.localhost||scheduled_job||57fmqjdgf7)
2025-04-24 11:28:00,365 Successfully completed frappe.utils.background_jobs.execute_job(event=None, is_async=True, job_name='frappe.core.doctype.scheduled_job_type.scheduled_job_type.run_scheduled_jo..., kwargs={'job_type': 'frappe.email.doctype.notification.notification.trigger_offset..., method='frappe.core.doctype.scheduled_job_type.scheduled_job_type.run_scheduled_jo..., site='erpnext.localhost', user='Administrator') job in 0:00:00.109370s on worker 21d124db9f084b4f98fb2906c7f1d317
2025-04-24 11:28:00,365 home-fy-Documents-GitHub-erpnext-frappe-bench:default: Job OK (erpnext.localhost||scheduled_job||57fmqjdgf7)
2025-04-24 11:28:00,365 Result is kept for 600 seconds
2025-04-24 11:28:00,369 Cleaning registries for queue: home-fy-Documents-GitHub-erpnext-frappe-bench:short
2025-04-24 11:28:00,370 Cleaning registries for queue: home-fy-Documents-GitHub-erpnext-frappe-bench:default
2025-04-24 11:28:00,371 Cleaning registries for queue: home-fy-Documents-GitHub-erpnext-frappe-bench:long
2025-04-24 11:28:00,373 home-fy-Documents-GitHub-erpnext-frappe-bench:default: frappe.utils.background_jobs.execute_job(event=None, is_async=True, job_name='frappe.core.doctype.scheduled_job_type.scheduled_job_type.run_scheduled_jo..., kwargs={'job_type': 'frappe.monitor.flush', 'scheduled_job_type': '57fcr9524j'}, method='frappe.core.doctype.scheduled_job_type.scheduled_job_type.run_scheduled_jo..., site='erpnext.localhost', user='Administrator') (erpnext.localhost||scheduled_job||57fcr9524j)
2025-04-24 11:28:00,482 Successfully completed frappe.utils.background_jobs.execute_job(event=None, is_async=True, job_name='frappe.core.doctype.scheduled_job_type.scheduled_job_type.run_scheduled_jo..., kwargs={'job_type': 'frappe.monitor.flush', 'scheduled_job_type': '57fcr9524j'}, method='frappe.core.doctype.scheduled_job_type.scheduled_job_type.run_scheduled_jo..., site='erpnext.localhost', user='Administrator') job in 0:00:00.103819s on worker 21d124db9f084b4f98fb2906c7f1d317
2025-04-24 11:28:00,482 home-fy-Documents-GitHub-erpnext-frappe-bench:default: Job OK (erpnext.localhost||scheduled_job||57fcr9524j)
2025-04-24 11:28:00,483 Result is kept for 600 seconds
2025-04-24 11:28:00,487 home-fy-Documents-GitHub-erpnext-frappe-bench:default: frappe.utils.background_jobs.execute_job(event=None, is_async=True, job_name='frappe.core.doctype.scheduled_job_type.scheduled_job_type.run_scheduled_jo..., kwargs={'job_type': 'frappe.email.queue.flush', 'scheduled_job_type': '57fu68shpf'..., method='frappe.core.doctype.scheduled_job_type.scheduled_job_type.run_scheduled_jo..., site='erpnext.localhost', user='Administrator') (erpnext.localhost||scheduled_job||57fu68shpf)
2025-04-24 11:28:00,677 Successfully completed frappe.utils.background_jobs.execute_job(event=None, is_async=True, job_name='frappe.core.doctype.scheduled_job_type.scheduled_job_type.run_scheduled_jo..., kwargs={'job_type': 'frappe.email.queue.flush', 'scheduled_job_type': '57fu68shpf'..., method='frappe.core.doctype.scheduled_job_type.scheduled_job_type.run_scheduled_jo..., site='erpnext.localhost', user='Administrator') job in 0:00:00.184456s on worker 21d124db9f084b4f98fb2906c7f1d317
2025-04-24 11:28:00,677 home-fy-Documents-GitHub-erpnext-frappe-bench:default: Job OK (erpnext.localhost||scheduled_job||57fu68shpf)
2025-04-24 11:28:00,677 Result is kept for 600 seconds
2025-04-24 11:28:00,683 home-fy-Documents-GitHub-erpnext-frappe-bench:default: frappe.utils.background_jobs.execute_job(event=None, is_async=True, job_name='frappe.core.doctype.scheduled_job_type.scheduled_job_type.run_scheduled_jo..., kwargs={'job_type': 'frappe.integrations.doctype.google_calendar.google_calendar.s..., method='frappe.core.doctype.scheduled_job_type.scheduled_job_type.run_scheduled_jo..., site='erpnext.localhost', user='Administrator') (erpnext.localhost||scheduled_job||57fp7enf9v)
2025-04-24 11:28:00,944 Successfully completed frappe.utils.background_jobs.execute_job(event=None, is_async=True, job_name='frappe.core.doctype.scheduled_job_type.scheduled_job_type.run_scheduled_jo..., kwargs={'job_type': 'frappe.integrations.doctype.google_calendar.google_calendar.s..., method='frappe.core.doctype.scheduled_job_type.scheduled_job_type.run_scheduled_jo..., site='erpnext.localhost', user='Administrator') job in 0:00:00.255617s on worker 21d124db9f084b4f98fb2906c7f1d317
2025-04-24 11:28:00,944 home-fy-Documents-GitHub-erpnext-frappe-bench:default: Job OK (erpnext.localhost||scheduled_job||57fp7enf9v)
2025-04-24 11:28:00,944 Result is kept for 600 seconds
2025-04-24 11:32:00,384 home-fy-Documents-GitHub-erpnext-frappe-bench:default: frappe.utils.background_jobs.execute_job(event=None, is_async=True, job_name='frappe.core.doctype.scheduled_job_type.scheduled_job_type.run_scheduled_jo..., kwargs={'job_type': 'frappe.automation.doctype.reminder.reminder.send_reminders', ..., method='frappe.core.doctype.scheduled_job_type.scheduled_job_type.run_scheduled_jo..., site='erpnext.localhost', user='Administrator') (erpnext.localhost||scheduled_job||57fmah7t11)
2025-04-24 11:32:00,531 Successfully completed frappe.utils.background_jobs.execute_job(event=None, is_async=True, job_name='frappe.core.doctype.scheduled_job_type.scheduled_job_type.run_scheduled_jo..., kwargs={'job_type': 'frappe.automation.doctype.reminder.reminder.send_reminders', ..., method='frappe.core.doctype.scheduled_job_type.scheduled_job_type.run_scheduled_jo..., site='erpnext.localhost', user='Administrator') job in 0:00:00.134210s on worker 21d124db9f084b4f98fb2906c7f1d317
2025-04-24 11:32:00,531 home-fy-Documents-GitHub-erpnext-frappe-bench:default: Job OK (erpnext.localhost||scheduled_job||57fmah7t11)
2025-04-24 11:32:00,531 Result is kept for 600 seconds
2025-04-24 11:32:00,535 home-fy-Documents-GitHub-erpnext-frappe-bench:default: frappe.utils.background_jobs.execute_job(event=None, is_async=True, job_name='frappe.core.doctype.scheduled_job_type.scheduled_job_type.run_scheduled_jo..., kwargs={'job_type': 'frappe.core.doctype.prepared_report.prepared_report.expire_st..., method='frappe.core.doctype.scheduled_job_type.scheduled_job_type.run_scheduled_jo..., site='erpnext.localhost', user='Administrator') (erpnext.localhost||scheduled_job||57f4gapu15)
2025-04-24 11:32:00,692 Successfully completed frappe.utils.background_jobs.execute_job(event=None, is_async=True, job_name='frappe.core.doctype.scheduled_job_type.scheduled_job_type.run_scheduled_jo..., kwargs={'job_type': 'frappe.core.doctype.prepared_report.prepared_report.expire_st..., method='frappe.core.doctype.scheduled_job_type.scheduled_job_type.run_scheduled_jo..., site='erpnext.localhost', user='Administrator') job in 0:00:00.151338s on worker 21d124db9f084b4f98fb2906c7f1d317
2025-04-24 11:32:00,692 home-fy-Documents-GitHub-erpnext-frappe-bench:default: Job OK (erpnext.localhost||scheduled_job||57f4gapu15)
2025-04-24 11:32:00,692 Result is kept for 600 seconds
2025-04-24 11:32:00,698 home-fy-Documents-GitHub-erpnext-frappe-bench:default: frappe.utils.background_jobs.execute_job(event=None, is_async=True, job_name='frappe.core.doctype.scheduled_job_type.scheduled_job_type.run_scheduled_jo..., kwargs={'job_type': 'erpnext.manufacturing.doctype.bom_update_log.bom_update_log.r..., method='frappe.core.doctype.scheduled_job_type.scheduled_job_type.run_scheduled_jo..., site='erpnext.localhost', user='Administrator') (erpnext.localhost||scheduled_job||89h36b9fje)
2025-04-24 11:32:00,845 Successfully completed frappe.utils.background_jobs.execute_job(event=None, is_async=True, job_name='frappe.core.doctype.scheduled_job_type.scheduled_job_type.run_scheduled_jo..., kwargs={'job_type': 'erpnext.manufacturing.doctype.bom_update_log.bom_update_log.r..., method='frappe.core.doctype.scheduled_job_type.scheduled_job_type.run_scheduled_jo..., site='erpnext.localhost', user='Administrator') job in 0:00:00.140072s on worker 21d124db9f084b4f98fb2906c7f1d317
2025-04-24 11:32:00,845 home-fy-Documents-GitHub-erpnext-frappe-bench:default: Job OK (erpnext.localhost||scheduled_job||89h36b9fje)
2025-04-24 11:32:00,845 Result is kept for 600 seconds
2025-04-24 11:32:00,850 home-fy-Documents-GitHub-erpnext-frappe-bench:default: frappe.utils.background_jobs.execute_job(event=None, is_async=True, job_name='frappe.core.doctype.scheduled_job_type.scheduled_job_type.run_scheduled_jo..., kwargs={'job_type': 'frappe.email.doctype.email_account.email_account.notify_unrep..., method='frappe.core.doctype.scheduled_job_type.scheduled_job_type.run_scheduled_jo..., site='erpnext.localhost', user='Administrator') (erpnext.localhost||scheduled_job||57frb6dct5)
2025-04-24 11:32:00,983 Successfully completed frappe.utils.background_jobs.execute_job(event=None, is_async=True, job_name='frappe.core.doctype.scheduled_job_type.scheduled_job_type.run_scheduled_jo..., kwargs={'job_type': 'frappe.email.doctype.email_account.email_account.notify_unrep..., method='frappe.core.doctype.scheduled_job_type.scheduled_job_type.run_scheduled_jo..., site='erpnext.localhost', user='Administrator') job in 0:00:00.127392s on worker 21d124db9f084b4f98fb2906c7f1d317
2025-04-24 11:32:00,983 home-fy-Documents-GitHub-erpnext-frappe-bench:default: Job OK (erpnext.localhost||scheduled_job||57frb6dct5)
2025-04-24 11:32:00,983 Result is kept for 600 seconds
2025-04-24 11:32:00,988 home-fy-Documents-GitHub-erpnext-frappe-bench:default: frappe.utils.background_jobs.execute_job(event=None, is_async=True, job_name='frappe.core.doctype.scheduled_job_type.scheduled_job_type.run_scheduled_jo..., kwargs={'job_type': 'frappe.email.doctype.notification.notification.trigger_offset..., method='frappe.core.doctype.scheduled_job_type.scheduled_job_type.run_scheduled_jo..., site='erpnext.localhost', user='Administrator') (erpnext.localhost||scheduled_job||57fmqjdgf7)
2025-04-24 11:32:01,111 Successfully completed frappe.utils.background_jobs.execute_job(event=None, is_async=True, job_name='frappe.core.doctype.scheduled_job_type.scheduled_job_type.run_scheduled_jo..., kwargs={'job_type': 'frappe.email.doctype.notification.notification.trigger_offset..., method='frappe.core.doctype.scheduled_job_type.scheduled_job_type.run_scheduled_jo..., site='erpnext.localhost', user='Administrator') job in 0:00:00.117980s on worker 21d124db9f084b4f98fb2906c7f1d317
2025-04-24 11:32:01,111 home-fy-Documents-GitHub-erpnext-frappe-bench:default: Job OK (erpnext.localhost||scheduled_job||57fmqjdgf7)
2025-04-24 11:32:01,111 Result is kept for 600 seconds
2025-04-24 11:32:01,116 home-fy-Documents-GitHub-erpnext-frappe-bench:default: frappe.utils.background_jobs.execute_job(event=None, is_async=True, job_name='frappe.core.doctype.scheduled_job_type.scheduled_job_type.run_scheduled_jo..., kwargs={'job_type': 'frappe.email.doctype.email_account.email_account.pull', 'sche..., method='frappe.core.doctype.scheduled_job_type.scheduled_job_type.run_scheduled_jo..., site='erpnext.localhost', user='Administrator') (erpnext.localhost||scheduled_job||57fv1s5ve3)
2025-04-24 11:32:01,251 Successfully completed frappe.utils.background_jobs.execute_job(event=None, is_async=True, job_name='frappe.core.doctype.scheduled_job_type.scheduled_job_type.run_scheduled_jo..., kwargs={'job_type': 'frappe.email.doctype.email_account.email_account.pull', 'sche..., method='frappe.core.doctype.scheduled_job_type.scheduled_job_type.run_scheduled_jo..., site='erpnext.localhost', user='Administrator') job in 0:00:00.128878s on worker 21d124db9f084b4f98fb2906c7f1d317
2025-04-24 11:32:01,251 home-fy-Documents-GitHub-erpnext-frappe-bench:default: Job OK (erpnext.localhost||scheduled_job||57fv1s5ve3)
2025-04-24 11:32:01,251 Result is kept for 600 seconds
2025-04-24 11:32:01,256 home-fy-Documents-GitHub-erpnext-frappe-bench:default: frappe.utils.background_jobs.execute_job(event=None, is_async=True, job_name='frappe.core.doctype.scheduled_job_type.scheduled_job_type.run_scheduled_jo..., kwargs={'job_type': 'frappe.monitor.flush', 'scheduled_job_type': '57fcr9524j'}, method='frappe.core.doctype.scheduled_job_type.scheduled_job_type.run_scheduled_jo..., site='erpnext.localhost', user='Administrator') (erpnext.localhost||scheduled_job||57fcr9524j)
2025-04-24 11:32:01,367 Successfully completed frappe.utils.background_jobs.execute_job(event=None, is_async=True, job_name='frappe.core.doctype.scheduled_job_type.scheduled_job_type.run_scheduled_jo..., kwargs={'job_type': 'frappe.monitor.flush', 'scheduled_job_type': '57fcr9524j'}, method='frappe.core.doctype.scheduled_job_type.scheduled_job_type.run_scheduled_jo..., site='erpnext.localhost', user='Administrator') job in 0:00:00.105434s on worker 21d124db9f084b4f98fb2906c7f1d317
2025-04-24 11:32:01,367 home-fy-Documents-GitHub-erpnext-frappe-bench:default: Job OK (erpnext.localhost||scheduled_job||57fcr9524j)
2025-04-24 11:32:01,367 Result is kept for 600 seconds
2025-04-24 11:32:01,372 home-fy-Documents-GitHub-erpnext-frappe-bench:default: frappe.utils.background_jobs.execute_job(event=None, is_async=True, job_name='frappe.core.doctype.scheduled_job_type.scheduled_job_type.run_scheduled_jo..., kwargs={'job_type': 'frappe.oauth.delete_oauth2_data', 'scheduled_job_type': '57fh..., method='frappe.core.doctype.scheduled_job_type.scheduled_job_type.run_scheduled_jo..., site='erpnext.localhost', user='Administrator') (erpnext.localhost||scheduled_job||57fh804btu)
2025-04-24 11:32:01,508 Successfully completed frappe.utils.background_jobs.execute_job(event=None, is_async=True, job_name='frappe.core.doctype.scheduled_job_type.scheduled_job_type.run_scheduled_jo..., kwargs={'job_type': 'frappe.oauth.delete_oauth2_data', 'scheduled_job_type': '57fh..., method='frappe.core.doctype.scheduled_job_type.scheduled_job_type.run_scheduled_jo..., site='erpnext.localhost', user='Administrator') job in 0:00:00.131047s on worker 21d124db9f084b4f98fb2906c7f1d317
2025-04-24 11:32:01,508 home-fy-Documents-GitHub-erpnext-frappe-bench:default: Job OK (erpnext.localhost||scheduled_job||57fh804btu)
2025-04-24 11:32:01,509 Result is kept for 600 seconds
2025-04-24 11:32:01,513 home-fy-Documents-GitHub-erpnext-frappe-bench:default: frappe.utils.background_jobs.execute_job(event=None, is_async=True, job_name='frappe.core.doctype.scheduled_job_type.scheduled_job_type.run_scheduled_jo..., kwargs={'job_type': 'frappe.integrations.doctype.google_calendar.google_calendar.s..., method='frappe.core.doctype.scheduled_job_type.scheduled_job_type.run_scheduled_jo..., site='erpnext.localhost', user='Administrator') (erpnext.localhost||scheduled_job||57fp7enf9v)
2025-04-24 11:32:01,764 Successfully completed frappe.utils.background_jobs.execute_job(event=None, is_async=True, job_name='frappe.core.doctype.scheduled_job_type.scheduled_job_type.run_scheduled_jo..., kwargs={'job_type': 'frappe.integrations.doctype.google_calendar.google_calendar.s..., method='frappe.core.doctype.scheduled_job_type.scheduled_job_type.run_scheduled_jo..., site='erpnext.localhost', user='Administrator') job in 0:00:00.244918s on worker 21d124db9f084b4f98fb2906c7f1d317
2025-04-24 11:32:01,764 home-fy-Documents-GitHub-erpnext-frappe-bench:default: Job OK (erpnext.localhost||scheduled_job||57fp7enf9v)
2025-04-24 11:32:01,764 Result is kept for 600 seconds
2025-04-24 11:32:01,769 home-fy-Documents-GitHub-erpnext-frappe-bench:default: frappe.utils.background_jobs.execute_job(event=None, is_async=True, job_name='frappe.core.doctype.scheduled_job_type.scheduled_job_type.run_scheduled_jo..., kwargs={'job_type': 'erpnext.accounts.doctype.gl_entry.gl_entry.rename_gle_sle_doc..., method='frappe.core.doctype.scheduled_job_type.scheduled_job_type.run_scheduled_jo..., site='erpnext.localhost', user='Administrator') (erpnext.localhost||scheduled_job||89i8pcirqt)
2025-04-24 11:32:02,473 Successfully completed frappe.utils.background_jobs.execute_job(event=None, is_async=True, job_name='frappe.core.doctype.scheduled_job_type.scheduled_job_type.run_scheduled_jo..., kwargs={'job_type': 'erpnext.accounts.doctype.gl_entry.gl_entry.rename_gle_sle_doc..., method='frappe.core.doctype.scheduled_job_type.scheduled_job_type.run_scheduled_jo..., site='erpnext.localhost', user='Administrator') job in 0:00:00.694036s on worker 21d124db9f084b4f98fb2906c7f1d317
2025-04-24 11:32:02,473 home-fy-Documents-GitHub-erpnext-frappe-bench:default: Job OK (erpnext.localhost||scheduled_job||89i8pcirqt)
2025-04-24 11:32:02,473 Result is kept for 600 seconds
2025-04-24 11:32:02,485 home-fy-Documents-GitHub-erpnext-frappe-bench:default: frappe.utils.background_jobs.execute_job(event=None, is_async=True, job_name='frappe.core.doctype.scheduled_job_type.scheduled_job_type.run_scheduled_jo..., kwargs={'job_type': 'frappe.email.queue.flush', 'scheduled_job_type': '57fu68shpf'..., method='frappe.core.doctype.scheduled_job_type.scheduled_job_type.run_scheduled_jo..., site='erpnext.localhost', user='Administrator') (erpnext.localhost||scheduled_job||57fu68shpf)
2025-04-24 11:32:02,682 Successfully completed frappe.utils.background_jobs.execute_job(event=None, is_async=True, job_name='frappe.core.doctype.scheduled_job_type.scheduled_job_type.run_scheduled_jo..., kwargs={'job_type': 'frappe.email.queue.flush', 'scheduled_job_type': '57fu68shpf'..., method='frappe.core.doctype.scheduled_job_type.scheduled_job_type.run_scheduled_jo..., site='erpnext.localhost', user='Administrator') job in 0:00:00.189230s on worker 21d124db9f084b4f98fb2906c7f1d317
2025-04-24 11:32:02,682 home-fy-Documents-GitHub-erpnext-frappe-bench:default: Job OK (erpnext.localhost||scheduled_job||57fu68shpf)
2025-04-24 11:32:02,682 Result is kept for 600 seconds
2025-04-24 11:32:02,688 home-fy-Documents-GitHub-erpnext-frappe-bench:default: frappe.utils.background_jobs.execute_job(event=None, is_async=True, job_name='frappe.core.doctype.scheduled_job_type.scheduled_job_type.run_scheduled_jo..., kwargs={'job_type': 'frappe.utils.global_search.sync_global_search', 'scheduled_jo..., method='frappe.core.doctype.scheduled_job_type.scheduled_job_type.run_scheduled_jo..., site='erpnext.localhost', user='Administrator') (erpnext.localhost||scheduled_job||57f1qn3d5q)
2025-04-24 11:32:02,802 Successfully completed frappe.utils.background_jobs.execute_job(event=None, is_async=True, job_name='frappe.core.doctype.scheduled_job_type.scheduled_job_type.run_scheduled_jo..., kwargs={'job_type': 'frappe.utils.global_search.sync_global_search', 'scheduled_jo..., method='frappe.core.doctype.scheduled_job_type.scheduled_job_type.run_scheduled_jo..., site='erpnext.localhost', user='Administrator') job in 0:00:00.108386s on worker 21d124db9f084b4f98fb2906c7f1d317
2025-04-24 11:32:02,802 home-fy-Documents-GitHub-erpnext-frappe-bench:default: Job OK (erpnext.localhost||scheduled_job||57f1qn3d5q)
2025-04-24 11:32:02,802 Result is kept for 600 seconds
2025-04-24 11:32:02,807 home-fy-Documents-GitHub-erpnext-frappe-bench:default: frappe.utils.background_jobs.execute_job(event=None, is_async=True, job_name='frappe.core.doctype.scheduled_job_type.scheduled_job_type.run_scheduled_jo..., kwargs={'job_type': 'frappe.deferred_insert.save_to_db', 'scheduled_job_type': '57..., method='frappe.core.doctype.scheduled_job_type.scheduled_job_type.run_scheduled_jo..., site='erpnext.localhost', user='Administrator') (erpnext.localhost||scheduled_job||57faianiv7)
2025-04-24 11:32:03,058 Successfully completed frappe.utils.background_jobs.execute_job(event=None, is_async=True, job_name='frappe.core.doctype.scheduled_job_type.scheduled_job_type.run_scheduled_jo..., kwargs={'job_type': 'frappe.deferred_insert.save_to_db', 'scheduled_job_type': '57..., method='frappe.core.doctype.scheduled_job_type.scheduled_job_type.run_scheduled_jo..., site='erpnext.localhost', user='Administrator') job in 0:00:00.246002s on worker 21d124db9f084b4f98fb2906c7f1d317
2025-04-24 11:32:03,058 home-fy-Documents-GitHub-erpnext-frappe-bench:default: Job OK (erpnext.localhost||scheduled_job||57faianiv7)
2025-04-24 11:32:03,058 Result is kept for 600 seconds
2025-04-24 11:32:03,063 home-fy-Documents-GitHub-erpnext-frappe-bench:default: frappe.utils.background_jobs.execute_job(event=None, is_async=True, job_name='frappe.core.doctype.scheduled_job_type.scheduled_job_type.run_scheduled_jo..., kwargs={'job_type': 'frappe.website.doctype.web_page.web_page.check_publish_status..., method='frappe.core.doctype.scheduled_job_type.scheduled_job_type.run_scheduled_jo..., site='erpnext.localhost', user='Administrator') (erpnext.localhost||scheduled_job||57fgj7ebgg)
2025-04-24 11:32:03,261 Successfully completed frappe.utils.background_jobs.execute_job(event=None, is_async=True, job_name='frappe.core.doctype.scheduled_job_type.scheduled_job_type.run_scheduled_jo..., kwargs={'job_type': 'frappe.website.doctype.web_page.web_page.check_publish_status..., method='frappe.core.doctype.scheduled_job_type.scheduled_job_type.run_scheduled_jo..., site='erpnext.localhost', user='Administrator') job in 0:00:00.191980s on worker 21d124db9f084b4f98fb2906c7f1d317
2025-04-24 11:32:03,261 home-fy-Documents-GitHub-erpnext-frappe-bench:default: Job OK (erpnext.localhost||scheduled_job||57fgj7ebgg)
2025-04-24 11:32:03,261 Result is kept for 600 seconds
2025-04-24 11:32:03,266 home-fy-Documents-GitHub-erpnext-frappe-bench:default: frappe.utils.background_jobs.execute_job(event=None, is_async=True, job_name='frappe.core.doctype.scheduled_job_type.scheduled_job_type.run_scheduled_jo..., kwargs={'job_type': 'erpnext.utilities.doctype.video.video.update_youtube_data', '..., method='frappe.core.doctype.scheduled_job_type.scheduled_job_type.run_scheduled_jo..., site='erpnext.localhost', user='Administrator') (erpnext.localhost||scheduled_job||89iu8e1d0s)
2025-04-24 11:32:03,622 Successfully completed frappe.utils.background_jobs.execute_job(event=None, is_async=True, job_name='frappe.core.doctype.scheduled_job_type.scheduled_job_type.run_scheduled_jo..., kwargs={'job_type': 'erpnext.utilities.doctype.video.video.update_youtube_data', '..., method='frappe.core.doctype.scheduled_job_type.scheduled_job_type.run_scheduled_jo..., site='erpnext.localhost', user='Administrator') job in 0:00:00.350523s on worker 21d124db9f084b4f98fb2906c7f1d317
2025-04-24 11:32:03,622 home-fy-Documents-GitHub-erpnext-frappe-bench:default: Job OK (erpnext.localhost||scheduled_job||89iu8e1d0s)
2025-04-24 11:32:03,622 Result is kept for 600 seconds
2025-04-24 11:32:03,628 home-fy-Documents-GitHub-erpnext-frappe-bench:default: frappe.utils.background_jobs.execute_job(event=None, is_async=True, job_name='frappe.core.doctype.scheduled_job_type.scheduled_job_type.run_scheduled_jo..., kwargs={'job_type': 'frappe.twofactor.delete_all_barcodes_for_users', 'scheduled_j..., method='frappe.core.doctype.scheduled_job_type.scheduled_job_type.run_scheduled_jo..., site='erpnext.localhost', user='Administrator') (erpnext.localhost||scheduled_job||57f9udt3kh)
2025-04-24 11:32:03,752 Successfully completed frappe.utils.background_jobs.execute_job(event=None, is_async=True, job_name='frappe.core.doctype.scheduled_job_type.scheduled_job_type.run_scheduled_jo..., kwargs={'job_type': 'frappe.twofactor.delete_all_barcodes_for_users', 'scheduled_j..., method='frappe.core.doctype.scheduled_job_type.scheduled_job_type.run_scheduled_jo..., site='erpnext.localhost', user='Administrator') job in 0:00:00.118692s on worker 21d124db9f084b4f98fb2906c7f1d317
2025-04-24 11:32:03,752 home-fy-Documents-GitHub-erpnext-frappe-bench:default: Job OK (erpnext.localhost||scheduled_job||57f9udt3kh)
2025-04-24 11:32:03,752 Result is kept for 600 seconds
2025-04-24 11:36:00,547 home-fy-Documents-GitHub-erpnext-frappe-bench:default: frappe.utils.background_jobs.execute_job(event=None, is_async=True, job_name='frappe.core.doctype.scheduled_job_type.scheduled_job_type.run_scheduled_jo..., kwargs={'job_type': 'frappe.email.queue.flush', 'scheduled_job_type': '57fu68shpf'..., method='frappe.core.doctype.scheduled_job_type.scheduled_job_type.run_scheduled_jo..., site='erpnext.localhost', user='Administrator') (erpnext.localhost||scheduled_job||57fu68shpf)
2025-04-24 11:36:00,750 Successfully completed frappe.utils.background_jobs.execute_job(event=None, is_async=True, job_name='frappe.core.doctype.scheduled_job_type.scheduled_job_type.run_scheduled_jo..., kwargs={'job_type': 'frappe.email.queue.flush', 'scheduled_job_type': '57fu68shpf'..., method='frappe.core.doctype.scheduled_job_type.scheduled_job_type.run_scheduled_jo..., site='erpnext.localhost', user='Administrator') job in 0:00:00.192080s on worker 21d124db9f084b4f98fb2906c7f1d317
2025-04-24 11:36:00,750 home-fy-Documents-GitHub-erpnext-frappe-bench:default: Job OK (erpnext.localhost||scheduled_job||57fu68shpf)
2025-04-24 11:36:00,750 Result is kept for 600 seconds
2025-04-24 11:36:00,756 home-fy-Documents-GitHub-erpnext-frappe-bench:default: frappe.utils.background_jobs.execute_job(event=None, is_async=True, job_name='frappe.core.doctype.scheduled_job_type.scheduled_job_type.run_scheduled_jo..., kwargs={'job_type': 'frappe.integrations.doctype.google_calendar.google_calendar.s..., method='frappe.core.doctype.scheduled_job_type.scheduled_job_type.run_scheduled_jo..., site='erpnext.localhost', user='Administrator') (erpnext.localhost||scheduled_job||57fp7enf9v)
2025-04-24 11:36:01,028 Successfully completed frappe.utils.background_jobs.execute_job(event=None, is_async=True, job_name='frappe.core.doctype.scheduled_job_type.scheduled_job_type.run_scheduled_jo..., kwargs={'job_type': 'frappe.integrations.doctype.google_calendar.google_calendar.s..., method='frappe.core.doctype.scheduled_job_type.scheduled_job_type.run_scheduled_jo..., site='erpnext.localhost', user='Administrator') job in 0:00:00.264147s on worker 21d124db9f084b4f98fb2906c7f1d317
2025-04-24 11:36:01,028 home-fy-Documents-GitHub-erpnext-frappe-bench:default: Job OK (erpnext.localhost||scheduled_job||57fp7enf9v)
2025-04-24 11:36:01,028 Result is kept for 600 seconds
2025-04-24 11:36:01,042 home-fy-Documents-GitHub-erpnext-frappe-bench:default: frappe.utils.background_jobs.execute_job(event=None, is_async=True, job_name='frappe.core.doctype.scheduled_job_type.scheduled_job_type.run_scheduled_jo..., kwargs={'job_type': 'frappe.email.doctype.notification.notification.trigger_offset..., method='frappe.core.doctype.scheduled_job_type.scheduled_job_type.run_scheduled_jo..., site='erpnext.localhost', user='Administrator') (erpnext.localhost||scheduled_job||57fmqjdgf7)
2025-04-24 11:36:01,157 Successfully completed frappe.utils.background_jobs.execute_job(event=None, is_async=True, job_name='frappe.core.doctype.scheduled_job_type.scheduled_job_type.run_scheduled_jo..., kwargs={'job_type': 'frappe.email.doctype.notification.notification.trigger_offset..., method='frappe.core.doctype.scheduled_job_type.scheduled_job_type.run_scheduled_jo..., site='erpnext.localhost', user='Administrator') job in 0:00:00.107515s on worker 21d124db9f084b4f98fb2906c7f1d317
2025-04-24 11:36:01,157 home-fy-Documents-GitHub-erpnext-frappe-bench:default: Job OK (erpnext.localhost||scheduled_job||57fmqjdgf7)
2025-04-24 11:36:01,157 Result is kept for 600 seconds
2025-04-24 11:36:01,162 home-fy-Documents-GitHub-erpnext-frappe-bench:default: frappe.utils.background_jobs.execute_job(event=None, is_async=True, job_name='frappe.core.doctype.scheduled_job_type.scheduled_job_type.run_scheduled_jo..., kwargs={'job_type': 'frappe.monitor.flush', 'scheduled_job_type': '57fcr9524j'}, method='frappe.core.doctype.scheduled_job_type.scheduled_job_type.run_scheduled_jo..., site='erpnext.localhost', user='Administrator') (erpnext.localhost||scheduled_job||57fcr9524j)
2025-04-24 11:36:01,274 Successfully completed frappe.utils.background_jobs.execute_job(event=None, is_async=True, job_name='frappe.core.doctype.scheduled_job_type.scheduled_job_type.run_scheduled_jo..., kwargs={'job_type': 'frappe.monitor.flush', 'scheduled_job_type': '57fcr9524j'}, method='frappe.core.doctype.scheduled_job_type.scheduled_job_type.run_scheduled_jo..., site='erpnext.localhost', user='Administrator') job in 0:00:00.107276s on worker 21d124db9f084b4f98fb2906c7f1d317
2025-04-24 11:36:01,275 home-fy-Documents-GitHub-erpnext-frappe-bench:default: Job OK (erpnext.localhost||scheduled_job||57fcr9524j)
2025-04-24 11:36:01,275 Result is kept for 600 seconds
2025-04-24 11:40:00,713 home-fy-Documents-GitHub-erpnext-frappe-bench:default: frappe.utils.background_jobs.execute_job(event=None, is_async=True, job_name='frappe.core.doctype.scheduled_job_type.scheduled_job_type.run_scheduled_jo..., kwargs={'job_type': 'frappe.integrations.doctype.google_calendar.google_calendar.s..., method='frappe.core.doctype.scheduled_job_type.scheduled_job_type.run_scheduled_jo..., site='erpnext.localhost', user='Administrator') (erpnext.localhost||scheduled_job||57fp7enf9v)
2025-04-24 11:40:00,975 Successfully completed frappe.utils.background_jobs.execute_job(event=None, is_async=True, job_name='frappe.core.doctype.scheduled_job_type.scheduled_job_type.run_scheduled_jo..., kwargs={'job_type': 'frappe.integrations.doctype.google_calendar.google_calendar.s..., method='frappe.core.doctype.scheduled_job_type.scheduled_job_type.run_scheduled_jo..., site='erpnext.localhost', user='Administrator') job in 0:00:00.250875s on worker 21d124db9f084b4f98fb2906c7f1d317
2025-04-24 11:40:00,975 home-fy-Documents-GitHub-erpnext-frappe-bench:default: Job OK (erpnext.localhost||scheduled_job||57fp7enf9v)
2025-04-24 11:40:00,975 Result is kept for 600 seconds
2025-04-24 11:40:00,979 Cleaning registries for queue: home-fy-Documents-GitHub-erpnext-frappe-bench:short
2025-04-24 11:40:00,980 Cleaning registries for queue: home-fy-Documents-GitHub-erpnext-frappe-bench:default
2025-04-24 11:40:00,981 Cleaning registries for queue: home-fy-Documents-GitHub-erpnext-frappe-bench:long
2025-04-24 11:40:00,982 home-fy-Documents-GitHub-erpnext-frappe-bench:default: frappe.utils.background_jobs.execute_job(event=None, is_async=True, job_name='frappe.core.doctype.scheduled_job_type.scheduled_job_type.run_scheduled_jo..., kwargs={'job_type': 'frappe.monitor.flush', 'scheduled_job_type': '57fcr9524j'}, method='frappe.core.doctype.scheduled_job_type.scheduled_job_type.run_scheduled_jo..., site='erpnext.localhost', user='Administrator') (erpnext.localhost||scheduled_job||57fcr9524j)
2025-04-24 11:40:01,092 Successfully completed frappe.utils.background_jobs.execute_job(event=None, is_async=True, job_name='frappe.core.doctype.scheduled_job_type.scheduled_job_type.run_scheduled_jo..., kwargs={'job_type': 'frappe.monitor.flush', 'scheduled_job_type': '57fcr9524j'}, method='frappe.core.doctype.scheduled_job_type.scheduled_job_type.run_scheduled_jo..., site='erpnext.localhost', user='Administrator') job in 0:00:00.104049s on worker 21d124db9f084b4f98fb2906c7f1d317
2025-04-24 11:40:01,092 home-fy-Documents-GitHub-erpnext-frappe-bench:default: Job OK (erpnext.localhost||scheduled_job||57fcr9524j)
2025-04-24 11:40:01,092 Result is kept for 600 seconds
2025-04-24 11:40:01,096 home-fy-Documents-GitHub-erpnext-frappe-bench:default: frappe.utils.background_jobs.execute_job(event=None, is_async=True, job_name='frappe.core.doctype.scheduled_job_type.scheduled_job_type.run_scheduled_jo..., kwargs={'job_type': 'frappe.email.doctype.email_account.email_account.pull', 'sche..., method='frappe.core.doctype.scheduled_job_type.scheduled_job_type.run_scheduled_jo..., site='erpnext.localhost', user='Administrator') (erpnext.localhost||scheduled_job||57fv1s5ve3)
2025-04-24 11:40:01,229 Successfully completed frappe.utils.background_jobs.execute_job(event=None, is_async=True, job_name='frappe.core.doctype.scheduled_job_type.scheduled_job_type.run_scheduled_jo..., kwargs={'job_type': 'frappe.email.doctype.email_account.email_account.pull', 'sche..., method='frappe.core.doctype.scheduled_job_type.scheduled_job_type.run_scheduled_jo..., site='erpnext.localhost', user='Administrator') job in 0:00:00.127228s on worker 21d124db9f084b4f98fb2906c7f1d317
2025-04-24 11:40:01,229 home-fy-Documents-GitHub-erpnext-frappe-bench:default: Job OK (erpnext.localhost||scheduled_job||57fv1s5ve3)
2025-04-24 11:40:01,229 Result is kept for 600 seconds
2025-04-24 11:40:01,234 home-fy-Documents-GitHub-erpnext-frappe-bench:default: frappe.utils.background_jobs.execute_job(event=None, is_async=True, job_name='frappe.core.doctype.scheduled_job_type.scheduled_job_type.run_scheduled_jo..., kwargs={'job_type': 'frappe.email.doctype.notification.notification.trigger_offset..., method='frappe.core.doctype.scheduled_job_type.scheduled_job_type.run_scheduled_jo..., site='erpnext.localhost', user='Administrator') (erpnext.localhost||scheduled_job||57fmqjdgf7)
2025-04-24 11:40:01,354 Successfully completed frappe.utils.background_jobs.execute_job(event=None, is_async=True, job_name='frappe.core.doctype.scheduled_job_type.scheduled_job_type.run_scheduled_jo..., kwargs={'job_type': 'frappe.email.doctype.notification.notification.trigger_offset..., method='frappe.core.doctype.scheduled_job_type.scheduled_job_type.run_scheduled_jo..., site='erpnext.localhost', user='Administrator') job in 0:00:00.113734s on worker 21d124db9f084b4f98fb2906c7f1d317
2025-04-24 11:40:01,354 home-fy-Documents-GitHub-erpnext-frappe-bench:default: Job OK (erpnext.localhost||scheduled_job||57fmqjdgf7)
2025-04-24 11:40:01,354 Result is kept for 600 seconds
2025-04-24 11:40:01,358 home-fy-Documents-GitHub-erpnext-frappe-bench:default: frappe.utils.background_jobs.execute_job(event=None, is_async=True, job_name='frappe.core.doctype.scheduled_job_type.scheduled_job_type.run_scheduled_jo..., kwargs={'job_type': 'frappe.email.queue.flush', 'scheduled_job_type': '57fu68shpf'..., method='frappe.core.doctype.scheduled_job_type.scheduled_job_type.run_scheduled_jo..., site='erpnext.localhost', user='Administrator') (erpnext.localhost||scheduled_job||57fu68shpf)
2025-04-24 11:40:01,550 Successfully completed frappe.utils.background_jobs.execute_job(event=None, is_async=True, job_name='frappe.core.doctype.scheduled_job_type.scheduled_job_type.run_scheduled_jo..., kwargs={'job_type': 'frappe.email.queue.flush', 'scheduled_job_type': '57fu68shpf'..., method='frappe.core.doctype.scheduled_job_type.scheduled_job_type.run_scheduled_jo..., site='erpnext.localhost', user='Administrator') job in 0:00:00.185501s on worker 21d124db9f084b4f98fb2906c7f1d317
2025-04-24 11:40:01,550 home-fy-Documents-GitHub-erpnext-frappe-bench:default: Job OK (erpnext.localhost||scheduled_job||57fu68shpf)
2025-04-24 11:40:01,550 Result is kept for 600 seconds
2025-04-24 11:44:00,898 home-fy-Documents-GitHub-erpnext-frappe-bench:default: frappe.utils.background_jobs.execute_job(event=None, is_async=True, job_name='frappe.core.doctype.scheduled_job_type.scheduled_job_type.run_scheduled_jo..., kwargs={'job_type': 'frappe.email.queue.flush', 'scheduled_job_type': '57fu68shpf'..., method='frappe.core.doctype.scheduled_job_type.scheduled_job_type.run_scheduled_jo..., site='erpnext.localhost', user='Administrator') (erpnext.localhost||scheduled_job||57fu68shpf)
2025-04-24 11:44:01,077 Successfully completed frappe.utils.background_jobs.execute_job(event=None, is_async=True, job_name='frappe.core.doctype.scheduled_job_type.scheduled_job_type.run_scheduled_jo..., kwargs={'job_type': 'frappe.email.queue.flush', 'scheduled_job_type': '57fu68shpf'..., method='frappe.core.doctype.scheduled_job_type.scheduled_job_type.run_scheduled_jo..., site='erpnext.localhost', user='Administrator') job in 0:00:00.171338s on worker 21d124db9f084b4f98fb2906c7f1d317
2025-04-24 11:44:01,077 home-fy-Documents-GitHub-erpnext-frappe-bench:default: Job OK (erpnext.localhost||scheduled_job||57fu68shpf)
2025-04-24 11:44:01,077 Result is kept for 600 seconds
2025-04-24 11:44:01,082 home-fy-Documents-GitHub-erpnext-frappe-bench:default: frappe.utils.background_jobs.execute_job(event=None, is_async=True, job_name='frappe.core.doctype.scheduled_job_type.scheduled_job_type.run_scheduled_jo..., kwargs={'job_type': 'frappe.integrations.doctype.google_calendar.google_calendar.s..., method='frappe.core.doctype.scheduled_job_type.scheduled_job_type.run_scheduled_jo..., site='erpnext.localhost', user='Administrator') (erpnext.localhost||scheduled_job||57fp7enf9v)
2025-04-24 11:44:01,346 Successfully completed frappe.utils.background_jobs.execute_job(event=None, is_async=True, job_name='frappe.core.doctype.scheduled_job_type.scheduled_job_type.run_scheduled_jo..., kwargs={'job_type': 'frappe.integrations.doctype.google_calendar.google_calendar.s..., method='frappe.core.doctype.scheduled_job_type.scheduled_job_type.run_scheduled_jo..., site='erpnext.localhost', user='Administrator') job in 0:00:00.257263s on worker 21d124db9f084b4f98fb2906c7f1d317
2025-04-24 11:44:01,346 home-fy-Documents-GitHub-erpnext-frappe-bench:default: Job OK (erpnext.localhost||scheduled_job||57fp7enf9v)
2025-04-24 11:44:01,346 Result is kept for 600 seconds
2025-04-24 11:44:01,355 home-fy-Documents-GitHub-erpnext-frappe-bench:default: frappe.utils.background_jobs.execute_job(event=None, is_async=True, job_name='frappe.core.doctype.scheduled_job_type.scheduled_job_type.run_scheduled_jo..., kwargs={'job_type': 'frappe.monitor.flush', 'scheduled_job_type': '57fcr9524j'}, method='frappe.core.doctype.scheduled_job_type.scheduled_job_type.run_scheduled_jo..., site='erpnext.localhost', user='Administrator') (erpnext.localhost||scheduled_job||57fcr9524j)
2025-04-24 11:44:01,460 Successfully completed frappe.utils.background_jobs.execute_job(event=None, is_async=True, job_name='frappe.core.doctype.scheduled_job_type.scheduled_job_type.run_scheduled_jo..., kwargs={'job_type': 'frappe.monitor.flush', 'scheduled_job_type': '57fcr9524j'}, method='frappe.core.doctype.scheduled_job_type.scheduled_job_type.run_scheduled_jo..., site='erpnext.localhost', user='Administrator') job in 0:00:00.097903s on worker 21d124db9f084b4f98fb2906c7f1d317
2025-04-24 11:44:01,460 home-fy-Documents-GitHub-erpnext-frappe-bench:default: Job OK (erpnext.localhost||scheduled_job||57fcr9524j)
2025-04-24 11:44:01,460 Result is kept for 600 seconds
2025-04-24 11:48:01,031 home-fy-Documents-GitHub-erpnext-frappe-bench:default: frappe.utils.background_jobs.execute_job(event=None, is_async=True, job_name='frappe.core.doctype.scheduled_job_type.scheduled_job_type.run_scheduled_jo..., kwargs={'job_type': 'frappe.utils.global_search.sync_global_search', 'scheduled_jo..., method='frappe.core.doctype.scheduled_job_type.scheduled_job_type.run_scheduled_jo..., site='erpnext.localhost', user='Administrator') (erpnext.localhost||scheduled_job||57f1qn3d5q)
2025-04-24 11:48:01,140 Successfully completed frappe.utils.background_jobs.execute_job(event=None, is_async=True, job_name='frappe.core.doctype.scheduled_job_type.scheduled_job_type.run_scheduled_jo..., kwargs={'job_type': 'frappe.utils.global_search.sync_global_search', 'scheduled_jo..., method='frappe.core.doctype.scheduled_job_type.scheduled_job_type.run_scheduled_jo..., site='erpnext.localhost', user='Administrator') job in 0:00:00.102334s on worker 21d124db9f084b4f98fb2906c7f1d317
2025-04-24 11:48:01,140 home-fy-Documents-GitHub-erpnext-frappe-bench:default: Job OK (erpnext.localhost||scheduled_job||57f1qn3d5q)
2025-04-24 11:48:01,140 Result is kept for 600 seconds
2025-04-24 11:48:01,145 home-fy-Documents-GitHub-erpnext-frappe-bench:default: frappe.utils.background_jobs.execute_job(event=None, is_async=True, job_name='frappe.core.doctype.scheduled_job_type.scheduled_job_type.run_scheduled_jo..., kwargs={'job_type': 'frappe.deferred_insert.save_to_db', 'scheduled_job_type': '57..., method='frappe.core.doctype.scheduled_job_type.scheduled_job_type.run_scheduled_jo..., site='erpnext.localhost', user='Administrator') (erpnext.localhost||scheduled_job||57faianiv7)
2025-04-24 11:48:01,258 Successfully completed frappe.utils.background_jobs.execute_job(event=None, is_async=True, job_name='frappe.core.doctype.scheduled_job_type.scheduled_job_type.run_scheduled_jo..., kwargs={'job_type': 'frappe.deferred_insert.save_to_db', 'scheduled_job_type': '57..., method='frappe.core.doctype.scheduled_job_type.scheduled_job_type.run_scheduled_jo..., site='erpnext.localhost', user='Administrator') job in 0:00:00.107668s on worker 21d124db9f084b4f98fb2906c7f1d317
2025-04-24 11:48:01,258 home-fy-Documents-GitHub-erpnext-frappe-bench:default: Job OK (erpnext.localhost||scheduled_job||57faianiv7)
2025-04-24 11:48:01,258 Result is kept for 600 seconds
2025-04-24 11:48:01,263 home-fy-Documents-GitHub-erpnext-frappe-bench:default: frappe.utils.background_jobs.execute_job(event=None, is_async=True, job_name='frappe.core.doctype.scheduled_job_type.scheduled_job_type.run_scheduled_jo..., kwargs={'job_type': 'frappe.monitor.flush', 'scheduled_job_type': '57fcr9524j'}, method='frappe.core.doctype.scheduled_job_type.scheduled_job_type.run_scheduled_jo..., site='erpnext.localhost', user='Administrator') (erpnext.localhost||scheduled_job||57fcr9524j)
2025-04-24 11:48:01,376 Successfully completed frappe.utils.background_jobs.execute_job(event=None, is_async=True, job_name='frappe.core.doctype.scheduled_job_type.scheduled_job_type.run_scheduled_jo..., kwargs={'job_type': 'frappe.monitor.flush', 'scheduled_job_type': '57fcr9524j'}, method='frappe.core.doctype.scheduled_job_type.scheduled_job_type.run_scheduled_jo..., site='erpnext.localhost', user='Administrator') job in 0:00:00.107732s on worker 21d124db9f084b4f98fb2906c7f1d317
2025-04-24 11:48:01,377 home-fy-Documents-GitHub-erpnext-frappe-bench:default: Job OK (erpnext.localhost||scheduled_job||57fcr9524j)
2025-04-24 11:48:01,377 Result is kept for 600 seconds
2025-04-24 11:48:01,381 home-fy-Documents-GitHub-erpnext-frappe-bench:default: frappe.utils.background_jobs.execute_job(event=None, is_async=True, job_name='frappe.core.doctype.scheduled_job_type.scheduled_job_type.run_scheduled_jo..., kwargs={'job_type': 'frappe.oauth.delete_oauth2_data', 'scheduled_job_type': '57fh..., method='frappe.core.doctype.scheduled_job_type.scheduled_job_type.run_scheduled_jo..., site='erpnext.localhost', user='Administrator') (erpnext.localhost||scheduled_job||57fh804btu)
2025-04-24 11:48:01,538 Successfully completed frappe.utils.background_jobs.execute_job(event=None, is_async=True, job_name='frappe.core.doctype.scheduled_job_type.scheduled_job_type.run_scheduled_jo..., kwargs={'job_type': 'frappe.oauth.delete_oauth2_data', 'scheduled_job_type': '57fh..., method='frappe.core.doctype.scheduled_job_type.scheduled_job_type.run_scheduled_jo..., site='erpnext.localhost', user='Administrator') job in 0:00:00.150103s on worker 21d124db9f084b4f98fb2906c7f1d317
2025-04-24 11:48:01,539 home-fy-Documents-GitHub-erpnext-frappe-bench:default: Job OK (erpnext.localhost||scheduled_job||57fh804btu)
2025-04-24 11:48:01,539 Result is kept for 600 seconds
2025-04-24 11:48:01,549 home-fy-Documents-GitHub-erpnext-frappe-bench:default: frappe.utils.background_jobs.execute_job(event=None, is_async=True, job_name='frappe.core.doctype.scheduled_job_type.scheduled_job_type.run_scheduled_jo..., kwargs={'job_type': 'frappe.email.doctype.notification.notification.trigger_offset..., method='frappe.core.doctype.scheduled_job_type.scheduled_job_type.run_scheduled_jo..., site='erpnext.localhost', user='Administrator') (erpnext.localhost||scheduled_job||57fmqjdgf7)
2025-04-24 11:48:01,666 Successfully completed frappe.utils.background_jobs.execute_job(event=None, is_async=True, job_name='frappe.core.doctype.scheduled_job_type.scheduled_job_type.run_scheduled_jo..., kwargs={'job_type': 'frappe.email.doctype.notification.notification.trigger_offset..., method='frappe.core.doctype.scheduled_job_type.scheduled_job_type.run_scheduled_jo..., site='erpnext.localhost', user='Administrator') job in 0:00:00.109657s on worker 21d124db9f084b4f98fb2906c7f1d317
2025-04-24 11:48:01,666 home-fy-Documents-GitHub-erpnext-frappe-bench:default: Job OK (erpnext.localhost||scheduled_job||57fmqjdgf7)
2025-04-24 11:48:01,666 Result is kept for 600 seconds
2025-04-24 11:48:01,671 home-fy-Documents-GitHub-erpnext-frappe-bench:default: frappe.utils.background_jobs.execute_job(event=None, is_async=True, job_name='frappe.core.doctype.scheduled_job_type.scheduled_job_type.run_scheduled_jo..., kwargs={'job_type': 'erpnext.manufacturing.doctype.bom_update_log.bom_update_log.r..., method='frappe.core.doctype.scheduled_job_type.scheduled_job_type.run_scheduled_jo..., site='erpnext.localhost', user='Administrator') (erpnext.localhost||scheduled_job||89h36b9fje)
2025-04-24 11:48:01,795 Successfully completed frappe.utils.background_jobs.execute_job(event=None, is_async=True, job_name='frappe.core.doctype.scheduled_job_type.scheduled_job_type.run_scheduled_jo..., kwargs={'job_type': 'erpnext.manufacturing.doctype.bom_update_log.bom_update_log.r..., method='frappe.core.doctype.scheduled_job_type.scheduled_job_type.run_scheduled_jo..., site='erpnext.localhost', user='Administrator') job in 0:00:00.118126s on worker 21d124db9f084b4f98fb2906c7f1d317
2025-04-24 11:48:01,795 home-fy-Documents-GitHub-erpnext-frappe-bench:default: Job OK (erpnext.localhost||scheduled_job||89h36b9fje)
2025-04-24 11:48:01,795 Result is kept for 600 seconds
2025-04-24 11:48:01,800 home-fy-Documents-GitHub-erpnext-frappe-bench:default: frappe.utils.background_jobs.execute_job(event=None, is_async=True, job_name='frappe.core.doctype.scheduled_job_type.scheduled_job_type.run_scheduled_jo..., kwargs={'job_type': 'frappe.website.doctype.web_page.web_page.check_publish_status..., method='frappe.core.doctype.scheduled_job_type.scheduled_job_type.run_scheduled_jo..., site='erpnext.localhost', user='Administrator') (erpnext.localhost||scheduled_job||57fgj7ebgg)
2025-04-24 11:48:01,964 Successfully completed frappe.utils.background_jobs.execute_job(event=None, is_async=True, job_name='frappe.core.doctype.scheduled_job_type.scheduled_job_type.run_scheduled_jo..., kwargs={'job_type': 'frappe.website.doctype.web_page.web_page.check_publish_status..., method='frappe.core.doctype.scheduled_job_type.scheduled_job_type.run_scheduled_jo..., site='erpnext.localhost', user='Administrator') job in 0:00:00.158365s on worker 21d124db9f084b4f98fb2906c7f1d317
2025-04-24 11:48:01,964 home-fy-Documents-GitHub-erpnext-frappe-bench:default: Job OK (erpnext.localhost||scheduled_job||57fgj7ebgg)
2025-04-24 11:48:01,964 Result is kept for 600 seconds
2025-04-24 11:48:01,969 home-fy-Documents-GitHub-erpnext-frappe-bench:default: frappe.utils.background_jobs.execute_job(event=None, is_async=True, job_name='frappe.core.doctype.scheduled_job_type.scheduled_job_type.run_scheduled_jo..., kwargs={'job_type': 'frappe.email.doctype.email_account.email_account.notify_unrep..., method='frappe.core.doctype.scheduled_job_type.scheduled_job_type.run_scheduled_jo..., site='erpnext.localhost', user='Administrator') (erpnext.localhost||scheduled_job||57frb6dct5)
2025-04-24 11:48:02,115 Successfully completed frappe.utils.background_jobs.execute_job(event=None, is_async=True, job_name='frappe.core.doctype.scheduled_job_type.scheduled_job_type.run_scheduled_jo..., kwargs={'job_type': 'frappe.email.doctype.email_account.email_account.notify_unrep..., method='frappe.core.doctype.scheduled_job_type.scheduled_job_type.run_scheduled_jo..., site='erpnext.localhost', user='Administrator') job in 0:00:00.140720s on worker 21d124db9f084b4f98fb2906c7f1d317
2025-04-24 11:48:02,116 home-fy-Documents-GitHub-erpnext-frappe-bench:default: Job OK (erpnext.localhost||scheduled_job||57frb6dct5)
2025-04-24 11:48:02,116 Result is kept for 600 seconds
2025-04-24 11:48:02,121 home-fy-Documents-GitHub-erpnext-frappe-bench:default: frappe.utils.background_jobs.execute_job(event=None, is_async=True, job_name='frappe.core.doctype.scheduled_job_type.scheduled_job_type.run_scheduled_jo..., kwargs={'job_type': 'frappe.twofactor.delete_all_barcodes_for_users', 'scheduled_j..., method='frappe.core.doctype.scheduled_job_type.scheduled_job_type.run_scheduled_jo..., site='erpnext.localhost', user='Administrator') (erpnext.localhost||scheduled_job||57f9udt3kh)
2025-04-24 11:48:02,246 Successfully completed frappe.utils.background_jobs.execute_job(event=None, is_async=True, job_name='frappe.core.doctype.scheduled_job_type.scheduled_job_type.run_scheduled_jo..., kwargs={'job_type': 'frappe.twofactor.delete_all_barcodes_for_users', 'scheduled_j..., method='frappe.core.doctype.scheduled_job_type.scheduled_job_type.run_scheduled_jo..., site='erpnext.localhost', user='Administrator') job in 0:00:00.120277s on worker 21d124db9f084b4f98fb2906c7f1d317
2025-04-24 11:48:02,247 home-fy-Documents-GitHub-erpnext-frappe-bench:default: Job OK (erpnext.localhost||scheduled_job||57f9udt3kh)
2025-04-24 11:48:02,247 Result is kept for 600 seconds
2025-04-24 11:48:02,251 home-fy-Documents-GitHub-erpnext-frappe-bench:default: frappe.utils.background_jobs.execute_job(event=None, is_async=True, job_name='frappe.core.doctype.scheduled_job_type.scheduled_job_type.run_scheduled_jo..., kwargs={'job_type': 'frappe.integrations.doctype.google_calendar.google_calendar.s..., method='frappe.core.doctype.scheduled_job_type.scheduled_job_type.run_scheduled_jo..., site='erpnext.localhost', user='Administrator') (erpnext.localhost||scheduled_job||57fp7enf9v)
2025-04-24 11:48:02,513 Successfully completed frappe.utils.background_jobs.execute_job(event=None, is_async=True, job_name='frappe.core.doctype.scheduled_job_type.scheduled_job_type.run_scheduled_jo..., kwargs={'job_type': 'frappe.integrations.doctype.google_calendar.google_calendar.s..., method='frappe.core.doctype.scheduled_job_type.scheduled_job_type.run_scheduled_jo..., site='erpnext.localhost', user='Administrator') job in 0:00:00.256480s on worker 21d124db9f084b4f98fb2906c7f1d317
2025-04-24 11:48:02,514 home-fy-Documents-GitHub-erpnext-frappe-bench:default: Job OK (erpnext.localhost||scheduled_job||57fp7enf9v)
2025-04-24 11:48:02,514 Result is kept for 600 seconds
2025-04-24 11:48:02,520 home-fy-Documents-GitHub-erpnext-frappe-bench:default: frappe.utils.background_jobs.execute_job(event=None, is_async=True, job_name='frappe.core.doctype.scheduled_job_type.scheduled_job_type.run_scheduled_jo..., kwargs={'job_type': 'frappe.automation.doctype.reminder.reminder.send_reminders', ..., method='frappe.core.doctype.scheduled_job_type.scheduled_job_type.run_scheduled_jo..., site='erpnext.localhost', user='Administrator') (erpnext.localhost||scheduled_job||57fmah7t11)
2025-04-24 11:48:02,645 Successfully completed frappe.utils.background_jobs.execute_job(event=None, is_async=True, job_name='frappe.core.doctype.scheduled_job_type.scheduled_job_type.run_scheduled_jo..., kwargs={'job_type': 'frappe.automation.doctype.reminder.reminder.send_reminders', ..., method='frappe.core.doctype.scheduled_job_type.scheduled_job_type.run_scheduled_jo..., site='erpnext.localhost', user='Administrator') job in 0:00:00.119811s on worker 21d124db9f084b4f98fb2906c7f1d317
2025-04-24 11:48:02,645 home-fy-Documents-GitHub-erpnext-frappe-bench:default: Job OK (erpnext.localhost||scheduled_job||57fmah7t11)
2025-04-24 11:48:02,646 Result is kept for 600 seconds
2025-04-24 11:48:02,651 home-fy-Documents-GitHub-erpnext-frappe-bench:default: frappe.utils.background_jobs.execute_job(event=None, is_async=True, job_name='frappe.core.doctype.scheduled_job_type.scheduled_job_type.run_scheduled_jo..., kwargs={'job_type': 'frappe.email.queue.flush', 'scheduled_job_type': '57fu68shpf'..., method='frappe.core.doctype.scheduled_job_type.scheduled_job_type.run_scheduled_jo..., site='erpnext.localhost', user='Administrator') (erpnext.localhost||scheduled_job||57fu68shpf)
2025-04-24 11:48:02,843 Successfully completed frappe.utils.background_jobs.execute_job(event=None, is_async=True, job_name='frappe.core.doctype.scheduled_job_type.scheduled_job_type.run_scheduled_jo..., kwargs={'job_type': 'frappe.email.queue.flush', 'scheduled_job_type': '57fu68shpf'..., method='frappe.core.doctype.scheduled_job_type.scheduled_job_type.run_scheduled_jo..., site='erpnext.localhost', user='Administrator') job in 0:00:00.184958s on worker 21d124db9f084b4f98fb2906c7f1d317
2025-04-24 11:48:02,843 home-fy-Documents-GitHub-erpnext-frappe-bench:default: Job OK (erpnext.localhost||scheduled_job||57fu68shpf)
2025-04-24 11:48:02,843 Result is kept for 600 seconds
2025-04-24 11:52:00,171 home-fy-Documents-GitHub-erpnext-frappe-bench:default: frappe.utils.background_jobs.execute_job(event=None, is_async=True, job_name='frappe.core.doctype.scheduled_job_type.scheduled_job_type.run_scheduled_jo..., kwargs={'job_type': 'frappe.email.doctype.email_account.email_account.pull', 'sche..., method='frappe.core.doctype.scheduled_job_type.scheduled_job_type.run_scheduled_jo..., site='erpnext.localhost', user='Administrator') (erpnext.localhost||scheduled_job||57fv1s5ve3)
2025-04-24 11:52:00,296 Successfully completed frappe.utils.background_jobs.execute_job(event=None, is_async=True, job_name='frappe.core.doctype.scheduled_job_type.scheduled_job_type.run_scheduled_jo..., kwargs={'job_type': 'frappe.email.doctype.email_account.email_account.pull', 'sche..., method='frappe.core.doctype.scheduled_job_type.scheduled_job_type.run_scheduled_jo..., site='erpnext.localhost', user='Administrator') job in 0:00:00.119230s on worker 21d124db9f084b4f98fb2906c7f1d317
2025-04-24 11:52:00,296 home-fy-Documents-GitHub-erpnext-frappe-bench:default: Job OK (erpnext.localhost||scheduled_job||57fv1s5ve3)
2025-04-24 11:52:00,296 Result is kept for 600 seconds
2025-04-24 11:52:00,300 Cleaning registries for queue: home-fy-Documents-GitHub-erpnext-frappe-bench:short
2025-04-24 11:52:00,301 Cleaning registries for queue: home-fy-Documents-GitHub-erpnext-frappe-bench:default
2025-04-24 11:52:00,302 Cleaning registries for queue: home-fy-Documents-GitHub-erpnext-frappe-bench:long
2025-04-24 11:52:00,303 home-fy-Documents-GitHub-erpnext-frappe-bench:default: frappe.utils.background_jobs.execute_job(event=None, is_async=True, job_name='frappe.core.doctype.scheduled_job_type.scheduled_job_type.run_scheduled_jo..., kwargs={'job_type': 'frappe.email.doctype.notification.notification.trigger_offset..., method='frappe.core.doctype.scheduled_job_type.scheduled_job_type.run_scheduled_jo..., site='erpnext.localhost', user='Administrator') (erpnext.localhost||scheduled_job||57fmqjdgf7)
2025-04-24 11:52:00,421 Successfully completed frappe.utils.background_jobs.execute_job(event=None, is_async=True, job_name='frappe.core.doctype.scheduled_job_type.scheduled_job_type.run_scheduled_jo..., kwargs={'job_type': 'frappe.email.doctype.notification.notification.trigger_offset..., method='frappe.core.doctype.scheduled_job_type.scheduled_job_type.run_scheduled_jo..., site='erpnext.localhost', user='Administrator') job in 0:00:00.112643s on worker 21d124db9f084b4f98fb2906c7f1d317
2025-04-24 11:52:00,421 home-fy-Documents-GitHub-erpnext-frappe-bench:default: Job OK (erpnext.localhost||scheduled_job||57fmqjdgf7)
2025-04-24 11:52:00,421 Result is kept for 600 seconds
2025-04-24 11:52:00,426 home-fy-Documents-GitHub-erpnext-frappe-bench:default: frappe.utils.background_jobs.execute_job(event=None, is_async=True, job_name='frappe.core.doctype.scheduled_job_type.scheduled_job_type.run_scheduled_jo..., kwargs={'job_type': 'frappe.monitor.flush', 'scheduled_job_type': '57fcr9524j'}, method='frappe.core.doctype.scheduled_job_type.scheduled_job_type.run_scheduled_jo..., site='erpnext.localhost', user='Administrator') (erpnext.localhost||scheduled_job||57fcr9524j)
2025-04-24 11:52:00,545 Successfully completed frappe.utils.background_jobs.execute_job(event=None, is_async=True, job_name='frappe.core.doctype.scheduled_job_type.scheduled_job_type.run_scheduled_jo..., kwargs={'job_type': 'frappe.monitor.flush', 'scheduled_job_type': '57fcr9524j'}, method='frappe.core.doctype.scheduled_job_type.scheduled_job_type.run_scheduled_jo..., site='erpnext.localhost', user='Administrator') job in 0:00:00.111237s on worker 21d124db9f084b4f98fb2906c7f1d317
2025-04-24 11:52:00,545 home-fy-Documents-GitHub-erpnext-frappe-bench:default: Job OK (erpnext.localhost||scheduled_job||57fcr9524j)
2025-04-24 11:52:00,545 Result is kept for 600 seconds
2025-04-24 11:52:00,556 home-fy-Documents-GitHub-erpnext-frappe-bench:default: frappe.utils.background_jobs.execute_job(event=None, is_async=True, job_name='frappe.core.doctype.scheduled_job_type.scheduled_job_type.run_scheduled_jo..., kwargs={'job_type': 'frappe.email.queue.flush', 'scheduled_job_type': '57fu68shpf'..., method='frappe.core.doctype.scheduled_job_type.scheduled_job_type.run_scheduled_jo..., site='erpnext.localhost', user='Administrator') (erpnext.localhost||scheduled_job||57fu68shpf)
2025-04-24 11:52:00,735 Successfully completed frappe.utils.background_jobs.execute_job(event=None, is_async=True, job_name='frappe.core.doctype.scheduled_job_type.scheduled_job_type.run_scheduled_jo..., kwargs={'job_type': 'frappe.email.queue.flush', 'scheduled_job_type': '57fu68shpf'..., method='frappe.core.doctype.scheduled_job_type.scheduled_job_type.run_scheduled_jo..., site='erpnext.localhost', user='Administrator') job in 0:00:00.171144s on worker 21d124db9f084b4f98fb2906c7f1d317
2025-04-24 11:52:00,735 home-fy-Documents-GitHub-erpnext-frappe-bench:default: Job OK (erpnext.localhost||scheduled_job||57fu68shpf)
2025-04-24 11:52:00,735 Result is kept for 600 seconds
2025-04-24 11:52:00,740 home-fy-Documents-GitHub-erpnext-frappe-bench:default: frappe.utils.background_jobs.execute_job(event=None, is_async=True, job_name='frappe.core.doctype.scheduled_job_type.scheduled_job_type.run_scheduled_jo..., kwargs={'job_type': 'frappe.integrations.doctype.google_calendar.google_calendar.s..., method='frappe.core.doctype.scheduled_job_type.scheduled_job_type.run_scheduled_jo..., site='erpnext.localhost', user='Administrator') (erpnext.localhost||scheduled_job||57fp7enf9v)
2025-04-24 11:52:01,003 Successfully completed frappe.utils.background_jobs.execute_job(event=None, is_async=True, job_name='frappe.core.doctype.scheduled_job_type.scheduled_job_type.run_scheduled_jo..., kwargs={'job_type': 'frappe.integrations.doctype.google_calendar.google_calendar.s..., method='frappe.core.doctype.scheduled_job_type.scheduled_job_type.run_scheduled_jo..., site='erpnext.localhost', user='Administrator') job in 0:00:00.257254s on worker 21d124db9f084b4f98fb2906c7f1d317
2025-04-24 11:52:01,003 home-fy-Documents-GitHub-erpnext-frappe-bench:default: Job OK (erpnext.localhost||scheduled_job||57fp7enf9v)
2025-04-24 11:52:01,003 Result is kept for 600 seconds
2025-04-24 11:56:00,308 home-fy-Documents-GitHub-erpnext-frappe-bench:default: frappe.utils.background_jobs.execute_job(event=None, is_async=True, job_name='frappe.core.doctype.scheduled_job_type.scheduled_job_type.run_scheduled_jo..., kwargs={'job_type': 'frappe.email.queue.flush', 'scheduled_job_type': '57fu68shpf'..., method='frappe.core.doctype.scheduled_job_type.scheduled_job_type.run_scheduled_jo..., site='erpnext.localhost', user='Administrator') (erpnext.localhost||scheduled_job||57fu68shpf)
2025-04-24 11:56:00,494 Successfully completed frappe.utils.background_jobs.execute_job(event=None, is_async=True, job_name='frappe.core.doctype.scheduled_job_type.scheduled_job_type.run_scheduled_jo..., kwargs={'job_type': 'frappe.email.queue.flush', 'scheduled_job_type': '57fu68shpf'..., method='frappe.core.doctype.scheduled_job_type.scheduled_job_type.run_scheduled_jo..., site='erpnext.localhost', user='Administrator') job in 0:00:00.173530s on worker 21d124db9f084b4f98fb2906c7f1d317
2025-04-24 11:56:00,494 home-fy-Documents-GitHub-erpnext-frappe-bench:default: Job OK (erpnext.localhost||scheduled_job||57fu68shpf)
2025-04-24 11:56:00,494 Result is kept for 600 seconds
2025-04-24 11:56:00,500 home-fy-Documents-GitHub-erpnext-frappe-bench:default: frappe.utils.background_jobs.execute_job(event=None, is_async=True, job_name='frappe.core.doctype.scheduled_job_type.scheduled_job_type.run_scheduled_jo..., kwargs={'job_type': 'frappe.integrations.doctype.google_calendar.google_calendar.s..., method='frappe.core.doctype.scheduled_job_type.scheduled_job_type.run_scheduled_jo..., site='erpnext.localhost', user='Administrator') (erpnext.localhost||scheduled_job||57fp7enf9v)
2025-04-24 11:56:00,755 Successfully completed frappe.utils.background_jobs.execute_job(event=None, is_async=True, job_name='frappe.core.doctype.scheduled_job_type.scheduled_job_type.run_scheduled_jo..., kwargs={'job_type': 'frappe.integrations.doctype.google_calendar.google_calendar.s..., method='frappe.core.doctype.scheduled_job_type.scheduled_job_type.run_scheduled_jo..., site='erpnext.localhost', user='Administrator') job in 0:00:00.249383s on worker 21d124db9f084b4f98fb2906c7f1d317
2025-04-24 11:56:00,755 home-fy-Documents-GitHub-erpnext-frappe-bench:default: Job OK (erpnext.localhost||scheduled_job||57fp7enf9v)
2025-04-24 11:56:00,755 Result is kept for 600 seconds
2025-04-24 11:56:00,760 home-fy-Documents-GitHub-erpnext-frappe-bench:default: frappe.utils.background_jobs.execute_job(event=None, is_async=True, job_name='frappe.core.doctype.scheduled_job_type.scheduled_job_type.run_scheduled_jo..., kwargs={'job_type': 'frappe.email.doctype.notification.notification.trigger_offset..., method='frappe.core.doctype.scheduled_job_type.scheduled_job_type.run_scheduled_jo..., site='erpnext.localhost', user='Administrator') (erpnext.localhost||scheduled_job||57fmqjdgf7)
2025-04-24 11:56:00,879 Successfully completed frappe.utils.background_jobs.execute_job(event=None, is_async=True, job_name='frappe.core.doctype.scheduled_job_type.scheduled_job_type.run_scheduled_jo..., kwargs={'job_type': 'frappe.email.doctype.notification.notification.trigger_offset..., method='frappe.core.doctype.scheduled_job_type.scheduled_job_type.run_scheduled_jo..., site='erpnext.localhost', user='Administrator') job in 0:00:00.112673s on worker 21d124db9f084b4f98fb2906c7f1d317
2025-04-24 11:56:00,879 home-fy-Documents-GitHub-erpnext-frappe-bench:default: Job OK (erpnext.localhost||scheduled_job||57fmqjdgf7)
2025-04-24 11:56:00,879 Result is kept for 600 seconds
2025-04-24 11:56:00,883 home-fy-Documents-GitHub-erpnext-frappe-bench:default: frappe.utils.background_jobs.execute_job(event=None, is_async=True, job_name='frappe.core.doctype.scheduled_job_type.scheduled_job_type.run_scheduled_jo..., kwargs={'job_type': 'frappe.monitor.flush', 'scheduled_job_type': '57fcr9524j'}, method='frappe.core.doctype.scheduled_job_type.scheduled_job_type.run_scheduled_jo..., site='erpnext.localhost', user='Administrator') (erpnext.localhost||scheduled_job||57fcr9524j)
2025-04-24 11:56:00,995 Successfully completed frappe.utils.background_jobs.execute_job(event=None, is_async=True, job_name='frappe.core.doctype.scheduled_job_type.scheduled_job_type.run_scheduled_jo..., kwargs={'job_type': 'frappe.monitor.flush', 'scheduled_job_type': '57fcr9524j'}, method='frappe.core.doctype.scheduled_job_type.scheduled_job_type.run_scheduled_jo..., site='erpnext.localhost', user='Administrator') job in 0:00:00.105623s on worker 21d124db9f084b4f98fb2906c7f1d317
2025-04-24 11:56:00,995 home-fy-Documents-GitHub-erpnext-frappe-bench:default: Job OK (erpnext.localhost||scheduled_job||57fcr9524j)
2025-04-24 11:56:00,995 Result is kept for 600 seconds
2025-04-24 12:00:00,463 home-fy-Documents-GitHub-erpnext-frappe-bench:default: frappe.utils.background_jobs.execute_job(event=None, is_async=True, job_name='frappe.core.doctype.scheduled_job_type.scheduled_job_type.run_scheduled_jo..., kwargs={'job_type': 'erpnext.projects.doctype.project.project.project_status_updat..., method='frappe.core.doctype.scheduled_job_type.scheduled_job_type.run_scheduled_jo..., site='erpnext.localhost', user='Administrator') (erpnext.localhost||scheduled_job||89i4q6i7rg)
2025-04-24 12:00:00,638 Successfully completed frappe.utils.background_jobs.execute_job(event=None, is_async=True, job_name='frappe.core.doctype.scheduled_job_type.scheduled_job_type.run_scheduled_jo..., kwargs={'job_type': 'erpnext.projects.doctype.project.project.project_status_updat..., method='frappe.core.doctype.scheduled_job_type.scheduled_job_type.run_scheduled_jo..., site='erpnext.localhost', user='Administrator') job in 0:00:00.166921s on worker 21d124db9f084b4f98fb2906c7f1d317
2025-04-24 12:00:00,638 home-fy-Documents-GitHub-erpnext-frappe-bench:default: Job OK (erpnext.localhost||scheduled_job||89i4q6i7rg)
2025-04-24 12:00:00,638 Result is kept for 600 seconds
2025-04-24 12:00:00,643 home-fy-Documents-GitHub-erpnext-frappe-bench:default: frappe.utils.background_jobs.execute_job(event=None, is_async=True, job_name='frappe.core.doctype.scheduled_job_type.scheduled_job_type.run_scheduled_jo..., kwargs={'job_type': 'frappe.email.doctype.notification.notification.trigger_offset..., method='frappe.core.doctype.scheduled_job_type.scheduled_job_type.run_scheduled_jo..., site='erpnext.localhost', user='Administrator') (erpnext.localhost||scheduled_job||57fmqjdgf7)
2025-04-24 12:00:00,763 Successfully completed frappe.utils.background_jobs.execute_job(event=None, is_async=True, job_name='frappe.core.doctype.scheduled_job_type.scheduled_job_type.run_scheduled_jo..., kwargs={'job_type': 'frappe.email.doctype.notification.notification.trigger_offset..., method='frappe.core.doctype.scheduled_job_type.scheduled_job_type.run_scheduled_jo..., site='erpnext.localhost', user='Administrator') job in 0:00:00.114270s on worker 21d124db9f084b4f98fb2906c7f1d317
2025-04-24 12:00:00,763 home-fy-Documents-GitHub-erpnext-frappe-bench:default: Job OK (erpnext.localhost||scheduled_job||57fmqjdgf7)
2025-04-24 12:00:00,763 Result is kept for 600 seconds
2025-04-24 12:00:00,767 home-fy-Documents-GitHub-erpnext-frappe-bench:default: frappe.utils.background_jobs.execute_job(event=None, is_async=True, job_name='frappe.core.doctype.scheduled_job_type.scheduled_job_type.run_scheduled_jo..., kwargs={'job_type': 'erpnext.manufacturing.doctype.bom_update_log.bom_update_log.r..., method='frappe.core.doctype.scheduled_job_type.scheduled_job_type.run_scheduled_jo..., site='erpnext.localhost', user='Administrator') (erpnext.localhost||scheduled_job||89h36b9fje)
2025-04-24 12:00:00,891 Successfully completed frappe.utils.background_jobs.execute_job(event=None, is_async=True, job_name='frappe.core.doctype.scheduled_job_type.scheduled_job_type.run_scheduled_jo..., kwargs={'job_type': 'erpnext.manufacturing.doctype.bom_update_log.bom_update_log.r..., method='frappe.core.doctype.scheduled_job_type.scheduled_job_type.run_scheduled_jo..., site='erpnext.localhost', user='Administrator') job in 0:00:00.117237s on worker 21d124db9f084b4f98fb2906c7f1d317
2025-04-24 12:00:00,891 home-fy-Documents-GitHub-erpnext-frappe-bench:default: Job OK (erpnext.localhost||scheduled_job||89h36b9fje)
2025-04-24 12:00:00,891 Result is kept for 600 seconds
2025-04-24 12:00:00,896 home-fy-Documents-GitHub-erpnext-frappe-bench:default: frappe.utils.background_jobs.execute_job(event=None, is_async=True, job_name='frappe.core.doctype.scheduled_job_type.scheduled_job_type.run_scheduled_jo..., kwargs={'job_type': 'frappe.desk.page.backups.backups.delete_downloadable_backups'..., method='frappe.core.doctype.scheduled_job_type.scheduled_job_type.run_scheduled_jo..., site='erpnext.localhost', user='Administrator') (erpnext.localhost||scheduled_job||57fh0vh801)
2025-04-24 12:00:01,017 Successfully completed frappe.utils.background_jobs.execute_job(event=None, is_async=True, job_name='frappe.core.doctype.scheduled_job_type.scheduled_job_type.run_scheduled_jo..., kwargs={'job_type': 'frappe.desk.page.backups.backups.delete_downloadable_backups'..., method='frappe.core.doctype.scheduled_job_type.scheduled_job_type.run_scheduled_jo..., site='erpnext.localhost', user='Administrator') job in 0:00:00.115909s on worker 21d124db9f084b4f98fb2906c7f1d317
2025-04-24 12:00:01,018 home-fy-Documents-GitHub-erpnext-frappe-bench:default: Job OK (erpnext.localhost||scheduled_job||57fh0vh801)
2025-04-24 12:00:01,018 Result is kept for 600 seconds
2025-04-24 12:00:01,023 home-fy-Documents-GitHub-erpnext-frappe-bench:default: frappe.utils.background_jobs.execute_job(event=None, is_async=True, job_name='frappe.core.doctype.scheduled_job_type.scheduled_job_type.run_scheduled_jo..., kwargs={'job_type': 'frappe.oauth.delete_oauth2_data', 'scheduled_job_type': '57fh..., method='frappe.core.doctype.scheduled_job_type.scheduled_job_type.run_scheduled_jo..., site='erpnext.localhost', user='Administrator') (erpnext.localhost||scheduled_job||57fh804btu)
2025-04-24 12:00:01,142 Successfully completed frappe.utils.background_jobs.execute_job(event=None, is_async=True, job_name='frappe.core.doctype.scheduled_job_type.scheduled_job_type.run_scheduled_jo..., kwargs={'job_type': 'frappe.oauth.delete_oauth2_data', 'scheduled_job_type': '57fh..., method='frappe.core.doctype.scheduled_job_type.scheduled_job_type.run_scheduled_jo..., site='erpnext.localhost', user='Administrator') job in 0:00:00.112586s on worker 21d124db9f084b4f98fb2906c7f1d317
2025-04-24 12:00:01,142 home-fy-Documents-GitHub-erpnext-frappe-bench:default: Job OK (erpnext.localhost||scheduled_job||57fh804btu)
2025-04-24 12:00:01,142 Result is kept for 600 seconds
2025-04-24 12:00:01,147 home-fy-Documents-GitHub-erpnext-frappe-bench:default: frappe.utils.background_jobs.execute_job(event=None, is_async=True, job_name='frappe.core.doctype.scheduled_job_type.scheduled_job_type.run_scheduled_jo..., kwargs={'job_type': 'frappe.monitor.flush', 'scheduled_job_type': '57fcr9524j'}, method='frappe.core.doctype.scheduled_job_type.scheduled_job_type.run_scheduled_jo..., site='erpnext.localhost', user='Administrator') (erpnext.localhost||scheduled_job||57fcr9524j)
2025-04-24 12:00:01,260 Successfully completed frappe.utils.background_jobs.execute_job(event=None, is_async=True, job_name='frappe.core.doctype.scheduled_job_type.scheduled_job_type.run_scheduled_jo..., kwargs={'job_type': 'frappe.monitor.flush', 'scheduled_job_type': '57fcr9524j'}, method='frappe.core.doctype.scheduled_job_type.scheduled_job_type.run_scheduled_jo..., site='erpnext.localhost', user='Administrator') job in 0:00:00.107356s on worker 21d124db9f084b4f98fb2906c7f1d317
2025-04-24 12:00:01,260 home-fy-Documents-GitHub-erpnext-frappe-bench:default: Job OK (erpnext.localhost||scheduled_job||57fcr9524j)
2025-04-24 12:00:01,260 Result is kept for 600 seconds
2025-04-24 12:00:01,265 home-fy-Documents-GitHub-erpnext-frappe-bench:default: frappe.utils.background_jobs.execute_job(event=None, is_async=True, job_name='frappe.core.doctype.scheduled_job_type.scheduled_job_type.run_scheduled_jo..., kwargs={'job_type': 'frappe.email.queue.flush', 'scheduled_job_type': '57fu68shpf'..., method='frappe.core.doctype.scheduled_job_type.scheduled_job_type.run_scheduled_jo..., site='erpnext.localhost', user='Administrator') (erpnext.localhost||scheduled_job||57fu68shpf)
2025-04-24 12:00:01,456 Successfully completed frappe.utils.background_jobs.execute_job(event=None, is_async=True, job_name='frappe.core.doctype.scheduled_job_type.scheduled_job_type.run_scheduled_jo..., kwargs={'job_type': 'frappe.email.queue.flush', 'scheduled_job_type': '57fu68shpf'..., method='frappe.core.doctype.scheduled_job_type.scheduled_job_type.run_scheduled_jo..., site='erpnext.localhost', user='Administrator') job in 0:00:00.185089s on worker 21d124db9f084b4f98fb2906c7f1d317
2025-04-24 12:00:01,456 home-fy-Documents-GitHub-erpnext-frappe-bench:default: Job OK (erpnext.localhost||scheduled_job||57fu68shpf)
2025-04-24 12:00:01,456 Result is kept for 600 seconds
2025-04-24 12:00:01,461 home-fy-Documents-GitHub-erpnext-frappe-bench:default: frappe.utils.background_jobs.execute_job(event=None, is_async=True, job_name='frappe.core.doctype.scheduled_job_type.scheduled_job_type.run_scheduled_jo..., kwargs={'job_type': 'erpnext.erpnext_integrations.doctype.plaid_settings.plaid_set..., method='frappe.core.doctype.scheduled_job_type.scheduled_job_type.run_scheduled_jo..., site='erpnext.localhost', user='Administrator') (erpnext.localhost||scheduled_job||89i1mb4413)
2025-04-24 12:00:01,628 Successfully completed frappe.utils.background_jobs.execute_job(event=None, is_async=True, job_name='frappe.core.doctype.scheduled_job_type.scheduled_job_type.run_scheduled_jo..., kwargs={'job_type': 'erpnext.erpnext_integrations.doctype.plaid_settings.plaid_set..., method='frappe.core.doctype.scheduled_job_type.scheduled_job_type.run_scheduled_jo..., site='erpnext.localhost', user='Administrator') job in 0:00:00.161430s on worker 21d124db9f084b4f98fb2906c7f1d317
2025-04-24 12:00:01,628 home-fy-Documents-GitHub-erpnext-frappe-bench:default: Job OK (erpnext.localhost||scheduled_job||89i1mb4413)
2025-04-24 12:00:01,628 Result is kept for 600 seconds
2025-04-24 12:00:01,633 home-fy-Documents-GitHub-erpnext-frappe-bench:default: frappe.utils.background_jobs.execute_job(event=None, is_async=True, job_name='frappe.core.doctype.scheduled_job_type.scheduled_job_type.run_scheduled_jo..., kwargs={'job_type': 'frappe.website.doctype.personal_data_deletion_request.persona..., method='frappe.core.doctype.scheduled_job_type.scheduled_job_type.run_scheduled_jo..., site='erpnext.localhost', user='Administrator') (erpnext.localhost||scheduled_job||57fiv1u7v1)
2025-04-24 12:00:01,786 Successfully completed frappe.utils.background_jobs.execute_job(event=None, is_async=True, job_name='frappe.core.doctype.scheduled_job_type.scheduled_job_type.run_scheduled_jo..., kwargs={'job_type': 'frappe.website.doctype.personal_data_deletion_request.persona..., method='frappe.core.doctype.scheduled_job_type.scheduled_job_type.run_scheduled_jo..., site='erpnext.localhost', user='Administrator') job in 0:00:00.146998s on worker 21d124db9f084b4f98fb2906c7f1d317
2025-04-24 12:00:01,786 home-fy-Documents-GitHub-erpnext-frappe-bench:default: Job OK (erpnext.localhost||scheduled_job||57fiv1u7v1)
2025-04-24 12:00:01,786 Result is kept for 600 seconds
2025-04-24 12:00:01,791 home-fy-Documents-GitHub-erpnext-frappe-bench:default: frappe.utils.background_jobs.execute_job(event=None, is_async=True, job_name='frappe.core.doctype.scheduled_job_type.scheduled_job_type.run_scheduled_jo..., kwargs={'job_type': 'frappe.twofactor.delete_all_barcodes_for_users', 'scheduled_j..., method='frappe.core.doctype.scheduled_job_type.scheduled_job_type.run_scheduled_jo..., site='erpnext.localhost', user='Administrator') (erpnext.localhost||scheduled_job||57f9udt3kh)
2025-04-24 12:00:01,904 Successfully completed frappe.utils.background_jobs.execute_job(event=None, is_async=True, job_name='frappe.core.doctype.scheduled_job_type.scheduled_job_type.run_scheduled_jo..., kwargs={'job_type': 'frappe.twofactor.delete_all_barcodes_for_users', 'scheduled_j..., method='frappe.core.doctype.scheduled_job_type.scheduled_job_type.run_scheduled_jo..., site='erpnext.localhost', user='Administrator') job in 0:00:00.107452s on worker 21d124db9f084b4f98fb2906c7f1d317
2025-04-24 12:00:01,904 home-fy-Documents-GitHub-erpnext-frappe-bench:default: Job OK (erpnext.localhost||scheduled_job||57f9udt3kh)
2025-04-24 12:00:01,904 Result is kept for 600 seconds
2025-04-24 12:00:01,909 home-fy-Documents-GitHub-erpnext-frappe-bench:default: frappe.utils.background_jobs.execute_job(event=None, is_async=True, job_name='frappe.core.doctype.scheduled_job_type.scheduled_job_type.run_scheduled_jo..., kwargs={'job_type': 'frappe.deferred_insert.save_to_db', 'scheduled_job_type': '57..., method='frappe.core.doctype.scheduled_job_type.scheduled_job_type.run_scheduled_jo..., site='erpnext.localhost', user='Administrator') (erpnext.localhost||scheduled_job||57faianiv7)
2025-04-24 12:00:02,032 Successfully completed frappe.utils.background_jobs.execute_job(event=None, is_async=True, job_name='frappe.core.doctype.scheduled_job_type.scheduled_job_type.run_scheduled_jo..., kwargs={'job_type': 'frappe.deferred_insert.save_to_db', 'scheduled_job_type': '57..., method='frappe.core.doctype.scheduled_job_type.scheduled_job_type.run_scheduled_jo..., site='erpnext.localhost', user='Administrator') job in 0:00:00.115577s on worker 21d124db9f084b4f98fb2906c7f1d317
2025-04-24 12:00:02,032 home-fy-Documents-GitHub-erpnext-frappe-bench:default: Job OK (erpnext.localhost||scheduled_job||57faianiv7)
2025-04-24 12:00:02,032 Result is kept for 600 seconds
2025-04-24 12:00:02,039 home-fy-Documents-GitHub-erpnext-frappe-bench:default: frappe.utils.background_jobs.execute_job(event=None, is_async=True, job_name='frappe.core.doctype.scheduled_job_type.scheduled_job_type.run_scheduled_jo..., kwargs={'job_type': 'frappe.automation.doctype.reminder.reminder.send_reminders', ..., method='frappe.core.doctype.scheduled_job_type.scheduled_job_type.run_scheduled_jo..., site='erpnext.localhost', user='Administrator') (erpnext.localhost||scheduled_job||57fmah7t11)
2025-04-24 12:00:02,203 Successfully completed frappe.utils.background_jobs.execute_job(event=None, is_async=True, job_name='frappe.core.doctype.scheduled_job_type.scheduled_job_type.run_scheduled_jo..., kwargs={'job_type': 'frappe.automation.doctype.reminder.reminder.send_reminders', ..., method='frappe.core.doctype.scheduled_job_type.scheduled_job_type.run_scheduled_jo..., site='erpnext.localhost', user='Administrator') job in 0:00:00.154569s on worker 21d124db9f084b4f98fb2906c7f1d317
2025-04-24 12:00:02,203 home-fy-Documents-GitHub-erpnext-frappe-bench:default: Job OK (erpnext.localhost||scheduled_job||57fmah7t11)
2025-04-24 12:00:02,203 Result is kept for 600 seconds
2025-04-24 12:00:02,209 home-fy-Documents-GitHub-erpnext-frappe-bench:default: frappe.utils.background_jobs.execute_job(event=None, is_async=True, job_name='frappe.core.doctype.scheduled_job_type.scheduled_job_type.run_scheduled_jo..., kwargs={'job_type': 'frappe.utils.global_search.sync_global_search', 'scheduled_jo..., method='frappe.core.doctype.scheduled_job_type.scheduled_job_type.run_scheduled_jo..., site='erpnext.localhost', user='Administrator') (erpnext.localhost||scheduled_job||57f1qn3d5q)
2025-04-24 12:00:02,366 Successfully completed frappe.utils.background_jobs.execute_job(event=None, is_async=True, job_name='frappe.core.doctype.scheduled_job_type.scheduled_job_type.run_scheduled_jo..., kwargs={'job_type': 'frappe.utils.global_search.sync_global_search', 'scheduled_jo..., method='frappe.core.doctype.scheduled_job_type.scheduled_job_type.run_scheduled_jo..., site='erpnext.localhost', user='Administrator') job in 0:00:00.149456s on worker 21d124db9f084b4f98fb2906c7f1d317
2025-04-24 12:00:02,366 home-fy-Documents-GitHub-erpnext-frappe-bench:default: Job OK (erpnext.localhost||scheduled_job||57f1qn3d5q)
2025-04-24 12:00:02,366 Result is kept for 600 seconds
2025-04-24 12:00:02,376 home-fy-Documents-GitHub-erpnext-frappe-bench:default: frappe.utils.background_jobs.execute_job(event=None, is_async=True, job_name='frappe.core.doctype.scheduled_job_type.scheduled_job_type.run_scheduled_jo..., kwargs={'job_type': 'erpnext.projects.doctype.project.project.hourly_reminder', 's..., method='frappe.core.doctype.scheduled_job_type.scheduled_job_type.run_scheduled_jo..., site='erpnext.localhost', user='Administrator') (erpnext.localhost||scheduled_job||89i2c3pn5b)
2025-04-24 12:00:02,615 Successfully completed frappe.utils.background_jobs.execute_job(event=None, is_async=True, job_name='frappe.core.doctype.scheduled_job_type.scheduled_job_type.run_scheduled_jo..., kwargs={'job_type': 'erpnext.projects.doctype.project.project.hourly_reminder', 's..., method='frappe.core.doctype.scheduled_job_type.scheduled_job_type.run_scheduled_jo..., site='erpnext.localhost', user='Administrator') job in 0:00:00.229440s on worker 21d124db9f084b4f98fb2906c7f1d317
2025-04-24 12:00:02,615 home-fy-Documents-GitHub-erpnext-frappe-bench:default: Job OK (erpnext.localhost||scheduled_job||89i2c3pn5b)
2025-04-24 12:00:02,615 Result is kept for 600 seconds
2025-04-24 12:00:02,621 home-fy-Documents-GitHub-erpnext-frappe-bench:default: frappe.utils.background_jobs.execute_job(event=None, is_async=True, job_name='frappe.core.doctype.scheduled_job_type.scheduled_job_type.run_scheduled_jo..., kwargs={'job_type': 'erpnext.projects.doctype.project.project.collect_project_stat..., method='frappe.core.doctype.scheduled_job_type.scheduled_job_type.run_scheduled_jo..., site='erpnext.localhost', user='Administrator') (erpnext.localhost||scheduled_job||89icse71ar)
2025-04-24 12:00:02,859 Successfully completed frappe.utils.background_jobs.execute_job(event=None, is_async=True, job_name='frappe.core.doctype.scheduled_job_type.scheduled_job_type.run_scheduled_jo..., kwargs={'job_type': 'erpnext.projects.doctype.project.project.collect_project_stat..., method='frappe.core.doctype.scheduled_job_type.scheduled_job_type.run_scheduled_jo..., site='erpnext.localhost', user='Administrator') job in 0:00:00.230828s on worker 21d124db9f084b4f98fb2906c7f1d317
2025-04-24 12:00:02,860 home-fy-Documents-GitHub-erpnext-frappe-bench:default: Job OK (erpnext.localhost||scheduled_job||89icse71ar)
2025-04-24 12:00:02,860 Result is kept for 600 seconds
2025-04-24 12:00:02,865 home-fy-Documents-GitHub-erpnext-frappe-bench:default: frappe.utils.background_jobs.execute_job(event=None, is_async=True, job_name='frappe.core.doctype.scheduled_job_type.scheduled_job_type.run_scheduled_jo..., kwargs={'job_type': 'frappe.desk.form.document_follow.send_hourly_updates', 'sched..., method='frappe.core.doctype.scheduled_job_type.scheduled_job_type.run_scheduled_jo..., site='erpnext.localhost', user='Administrator') (erpnext.localhost||scheduled_job||57fos75t6p)
2025-04-24 12:00:03,028 Successfully completed frappe.utils.background_jobs.execute_job(event=None, is_async=True, job_name='frappe.core.doctype.scheduled_job_type.scheduled_job_type.run_scheduled_jo..., kwargs={'job_type': 'frappe.desk.form.document_follow.send_hourly_updates', 'sched..., method='frappe.core.doctype.scheduled_job_type.scheduled_job_type.run_scheduled_jo..., site='erpnext.localhost', user='Administrator') job in 0:00:00.155874s on worker 21d124db9f084b4f98fb2906c7f1d317
2025-04-24 12:00:03,028 home-fy-Documents-GitHub-erpnext-frappe-bench:default: Job OK (erpnext.localhost||scheduled_job||57fos75t6p)
2025-04-24 12:00:03,028 Result is kept for 600 seconds
2025-04-24 12:00:03,035 home-fy-Documents-GitHub-erpnext-frappe-bench:default: frappe.utils.background_jobs.execute_job(event=None, is_async=True, job_name='frappe.core.doctype.scheduled_job_type.scheduled_job_type.run_scheduled_jo..., kwargs={'job_type': 'frappe.email.doctype.newsletter.newsletter.send_scheduled_ema..., method='frappe.core.doctype.scheduled_job_type.scheduled_job_type.run_scheduled_jo..., site='erpnext.localhost', user='Administrator') (erpnext.localhost||scheduled_job||57fmngj7vv)
2025-04-24 12:00:03,305 Successfully completed frappe.utils.background_jobs.execute_job(event=None, is_async=True, job_name='frappe.core.doctype.scheduled_job_type.scheduled_job_type.run_scheduled_jo..., kwargs={'job_type': 'frappe.email.doctype.newsletter.newsletter.send_scheduled_ema..., method='frappe.core.doctype.scheduled_job_type.scheduled_job_type.run_scheduled_jo..., site='erpnext.localhost', user='Administrator') job in 0:00:00.262640s on worker 21d124db9f084b4f98fb2906c7f1d317
2025-04-24 12:00:03,305 home-fy-Documents-GitHub-erpnext-frappe-bench:default: Job OK (erpnext.localhost||scheduled_job||57fmngj7vv)
2025-04-24 12:00:03,305 Result is kept for 600 seconds
2025-04-24 12:00:03,312 home-fy-Documents-GitHub-erpnext-frappe-bench:default: frappe.utils.background_jobs.execute_job(event=None, is_async=True, job_name='frappe.core.doctype.scheduled_job_type.scheduled_job_type.run_scheduled_jo..., kwargs={'job_type': 'frappe.email.doctype.email_account.email_account.pull', 'sche..., method='frappe.core.doctype.scheduled_job_type.scheduled_job_type.run_scheduled_jo..., site='erpnext.localhost', user='Administrator') (erpnext.localhost||scheduled_job||57fv1s5ve3)
2025-04-24 12:00:03,476 Successfully completed frappe.utils.background_jobs.execute_job(event=None, is_async=True, job_name='frappe.core.doctype.scheduled_job_type.scheduled_job_type.run_scheduled_jo..., kwargs={'job_type': 'frappe.email.doctype.email_account.email_account.pull', 'sche..., method='frappe.core.doctype.scheduled_job_type.scheduled_job_type.run_scheduled_jo..., site='erpnext.localhost', user='Administrator') job in 0:00:00.157701s on worker 21d124db9f084b4f98fb2906c7f1d317
2025-04-24 12:00:03,476 home-fy-Documents-GitHub-erpnext-frappe-bench:default: Job OK (erpnext.localhost||scheduled_job||57fv1s5ve3)
2025-04-24 12:00:03,476 Result is kept for 600 seconds
2025-04-24 12:00:03,482 home-fy-Documents-GitHub-erpnext-frappe-bench:default: frappe.utils.background_jobs.execute_job(event=None, is_async=True, job_name='frappe.core.doctype.scheduled_job_type.scheduled_job_type.run_scheduled_jo..., kwargs={'job_type': 'frappe.website.doctype.web_page.web_page.check_publish_status..., method='frappe.core.doctype.scheduled_job_type.scheduled_job_type.run_scheduled_jo..., site='erpnext.localhost', user='Administrator') (erpnext.localhost||scheduled_job||57fgj7ebgg)
2025-04-24 12:00:03,687 Successfully completed frappe.utils.background_jobs.execute_job(event=None, is_async=True, job_name='frappe.core.doctype.scheduled_job_type.scheduled_job_type.run_scheduled_jo..., kwargs={'job_type': 'frappe.website.doctype.web_page.web_page.check_publish_status..., method='frappe.core.doctype.scheduled_job_type.scheduled_job_type.run_scheduled_jo..., site='erpnext.localhost', user='Administrator') job in 0:00:00.198035s on worker 21d124db9f084b4f98fb2906c7f1d317
2025-04-24 12:00:03,687 home-fy-Documents-GitHub-erpnext-frappe-bench:default: Job OK (erpnext.localhost||scheduled_job||57fgj7ebgg)
2025-04-24 12:00:03,687 Result is kept for 600 seconds
2025-04-24 12:00:03,693 home-fy-Documents-GitHub-erpnext-frappe-bench:default: frappe.utils.background_jobs.execute_job(event=None, is_async=True, job_name='frappe.core.doctype.scheduled_job_type.scheduled_job_type.run_scheduled_jo..., kwargs={'job_type': 'erpnext.utilities.doctype.video.video.update_youtube_data', '..., method='frappe.core.doctype.scheduled_job_type.scheduled_job_type.run_scheduled_jo..., site='erpnext.localhost', user='Administrator') (erpnext.localhost||scheduled_job||89iu8e1d0s)
2025-04-24 12:00:04,165 Successfully completed frappe.utils.background_jobs.execute_job(event=None, is_async=True, job_name='frappe.core.doctype.scheduled_job_type.scheduled_job_type.run_scheduled_jo..., kwargs={'job_type': 'erpnext.utilities.doctype.video.video.update_youtube_data', '..., method='frappe.core.doctype.scheduled_job_type.scheduled_job_type.run_scheduled_jo..., site='erpnext.localhost', user='Administrator') job in 0:00:00.463981s on worker 21d124db9f084b4f98fb2906c7f1d317
2025-04-24 12:00:04,165 home-fy-Documents-GitHub-erpnext-frappe-bench:default: Job OK (erpnext.localhost||scheduled_job||89iu8e1d0s)
2025-04-24 12:00:04,165 Result is kept for 600 seconds
2025-04-24 12:00:04,177 home-fy-Documents-GitHub-erpnext-frappe-bench:default: frappe.utils.background_jobs.execute_job(event=None, is_async=True, job_name='frappe.core.doctype.scheduled_job_type.scheduled_job_type.run_scheduled_jo..., kwargs={'job_type': 'frappe.model.utils.user_settings.sync_user_settings', 'schedu..., method='frappe.core.doctype.scheduled_job_type.scheduled_job_type.run_scheduled_jo..., site='erpnext.localhost', user='Administrator') (erpnext.localhost||scheduled_job||57fpat692s)
2025-04-24 12:00:04,319 Successfully completed frappe.utils.background_jobs.execute_job(event=None, is_async=True, job_name='frappe.core.doctype.scheduled_job_type.scheduled_job_type.run_scheduled_jo..., kwargs={'job_type': 'frappe.model.utils.user_settings.sync_user_settings', 'schedu..., method='frappe.core.doctype.scheduled_job_type.scheduled_job_type.run_scheduled_jo..., site='erpnext.localhost', user='Administrator') job in 0:00:00.132978s on worker 21d124db9f084b4f98fb2906c7f1d317
2025-04-24 12:00:04,319 home-fy-Documents-GitHub-erpnext-frappe-bench:default: Job OK (erpnext.localhost||scheduled_job||57fpat692s)
2025-04-24 12:00:04,319 Result is kept for 600 seconds
2025-04-24 12:00:04,324 home-fy-Documents-GitHub-erpnext-frappe-bench:default: frappe.utils.background_jobs.execute_job(event=None, is_async=True, job_name='frappe.core.doctype.scheduled_job_type.scheduled_job_type.run_scheduled_jo..., kwargs={'job_type': 'frappe.model.utils.link_count.update_link_count', 'scheduled_..., method='frappe.core.doctype.scheduled_job_type.scheduled_job_type.run_scheduled_jo..., site='erpnext.localhost', user='Administrator') (erpnext.localhost||scheduled_job||57frs43oag)
2025-04-24 12:00:04,451 Successfully completed frappe.utils.background_jobs.execute_job(event=None, is_async=True, job_name='frappe.core.doctype.scheduled_job_type.scheduled_job_type.run_scheduled_jo..., kwargs={'job_type': 'frappe.model.utils.link_count.update_link_count', 'scheduled_..., method='frappe.core.doctype.scheduled_job_type.scheduled_job_type.run_scheduled_jo..., site='erpnext.localhost', user='Administrator') job in 0:00:00.120720s on worker 21d124db9f084b4f98fb2906c7f1d317
2025-04-24 12:00:04,451 home-fy-Documents-GitHub-erpnext-frappe-bench:default: Job OK (erpnext.localhost||scheduled_job||57frs43oag)
2025-04-24 12:00:04,451 Result is kept for 600 seconds
2025-04-24 12:00:04,456 home-fy-Documents-GitHub-erpnext-frappe-bench:default: frappe.utils.background_jobs.execute_job(event=None, is_async=True, job_name='frappe.core.doctype.scheduled_job_type.scheduled_job_type.run_scheduled_jo..., kwargs={'job_type': 'frappe.email.doctype.email_account.email_account.notify_unrep..., method='frappe.core.doctype.scheduled_job_type.scheduled_job_type.run_scheduled_jo..., site='erpnext.localhost', user='Administrator') (erpnext.localhost||scheduled_job||57frb6dct5)
2025-04-24 12:00:04,587 Successfully completed frappe.utils.background_jobs.execute_job(event=None, is_async=True, job_name='frappe.core.doctype.scheduled_job_type.scheduled_job_type.run_scheduled_jo..., kwargs={'job_type': 'frappe.email.doctype.email_account.email_account.notify_unrep..., method='frappe.core.doctype.scheduled_job_type.scheduled_job_type.run_scheduled_jo..., site='erpnext.localhost', user='Administrator') job in 0:00:00.125182s on worker 21d124db9f084b4f98fb2906c7f1d317
2025-04-24 12:00:04,587 home-fy-Documents-GitHub-erpnext-frappe-bench:default: Job OK (erpnext.localhost||scheduled_job||57frb6dct5)
2025-04-24 12:00:04,588 Result is kept for 600 seconds
2025-04-24 12:00:04,593 home-fy-Documents-GitHub-erpnext-frappe-bench:default: frappe.utils.background_jobs.execute_job(event=None, is_async=True, job_name='frappe.core.doctype.scheduled_job_type.scheduled_job_type.run_scheduled_jo..., kwargs={'job_type': 'frappe.integrations.doctype.google_calendar.google_calendar.s..., method='frappe.core.doctype.scheduled_job_type.scheduled_job_type.run_scheduled_jo..., site='erpnext.localhost', user='Administrator') (erpnext.localhost||scheduled_job||57fp7enf9v)
2025-04-24 12:00:04,866 Successfully completed frappe.utils.background_jobs.execute_job(event=None, is_async=True, job_name='frappe.core.doctype.scheduled_job_type.scheduled_job_type.run_scheduled_jo..., kwargs={'job_type': 'frappe.integrations.doctype.google_calendar.google_calendar.s..., method='frappe.core.doctype.scheduled_job_type.scheduled_job_type.run_scheduled_jo..., site='erpnext.localhost', user='Administrator') job in 0:00:00.266911s on worker 21d124db9f084b4f98fb2906c7f1d317
2025-04-24 12:00:04,866 home-fy-Documents-GitHub-erpnext-frappe-bench:default: Job OK (erpnext.localhost||scheduled_job||57fp7enf9v)
2025-04-24 12:00:04,866 Result is kept for 600 seconds
2025-04-24 12:04:00,604 home-fy-Documents-GitHub-erpnext-frappe-bench:default: frappe.utils.background_jobs.execute_job(event=None, is_async=True, job_name='frappe.core.doctype.scheduled_job_type.scheduled_job_type.run_scheduled_jo..., kwargs={'job_type': 'frappe.integrations.doctype.google_calendar.google_calendar.s..., method='frappe.core.doctype.scheduled_job_type.scheduled_job_type.run_scheduled_jo..., site='erpnext.localhost', user='Administrator') (erpnext.localhost||scheduled_job||57fp7enf9v)
2025-04-24 12:04:00,857 Successfully completed frappe.utils.background_jobs.execute_job(event=None, is_async=True, job_name='frappe.core.doctype.scheduled_job_type.scheduled_job_type.run_scheduled_jo..., kwargs={'job_type': 'frappe.integrations.doctype.google_calendar.google_calendar.s..., method='frappe.core.doctype.scheduled_job_type.scheduled_job_type.run_scheduled_jo..., site='erpnext.localhost', user='Administrator') job in 0:00:00.246838s on worker 21d124db9f084b4f98fb2906c7f1d317
2025-04-24 12:04:00,857 home-fy-Documents-GitHub-erpnext-frappe-bench:default: Job OK (erpnext.localhost||scheduled_job||57fp7enf9v)
2025-04-24 12:04:00,857 Result is kept for 600 seconds
2025-04-24 12:04:00,862 Cleaning registries for queue: home-fy-Documents-GitHub-erpnext-frappe-bench:short
2025-04-24 12:04:00,863 Cleaning registries for queue: home-fy-Documents-GitHub-erpnext-frappe-bench:default
2025-04-24 12:04:00,864 Cleaning registries for queue: home-fy-Documents-GitHub-erpnext-frappe-bench:long
2025-04-24 12:04:00,866 home-fy-Documents-GitHub-erpnext-frappe-bench:default: frappe.utils.background_jobs.execute_job(event=None, is_async=True, job_name='frappe.core.doctype.scheduled_job_type.scheduled_job_type.run_scheduled_jo..., kwargs={'job_type': 'frappe.monitor.flush', 'scheduled_job_type': '57fcr9524j'}, method='frappe.core.doctype.scheduled_job_type.scheduled_job_type.run_scheduled_jo..., site='erpnext.localhost', user='Administrator') (erpnext.localhost||scheduled_job||57fcr9524j)
2025-04-24 12:04:00,981 Successfully completed frappe.utils.background_jobs.execute_job(event=None, is_async=True, job_name='frappe.core.doctype.scheduled_job_type.scheduled_job_type.run_scheduled_jo..., kwargs={'job_type': 'frappe.monitor.flush', 'scheduled_job_type': '57fcr9524j'}, method='frappe.core.doctype.scheduled_job_type.scheduled_job_type.run_scheduled_jo..., site='erpnext.localhost', user='Administrator') job in 0:00:00.106577s on worker 21d124db9f084b4f98fb2906c7f1d317
2025-04-24 12:04:00,981 home-fy-Documents-GitHub-erpnext-frappe-bench:default: Job OK (erpnext.localhost||scheduled_job||57fcr9524j)
2025-04-24 12:04:00,982 Result is kept for 600 seconds
2025-04-24 12:04:00,992 home-fy-Documents-GitHub-erpnext-frappe-bench:default: frappe.utils.background_jobs.execute_job(event=None, is_async=True, job_name='frappe.core.doctype.scheduled_job_type.scheduled_job_type.run_scheduled_jo..., kwargs={'job_type': 'frappe.email.queue.flush', 'scheduled_job_type': '57fu68shpf'..., method='frappe.core.doctype.scheduled_job_type.scheduled_job_type.run_scheduled_jo..., site='erpnext.localhost', user='Administrator') (erpnext.localhost||scheduled_job||57fu68shpf)
2025-04-24 12:04:01,177 Successfully completed frappe.utils.background_jobs.execute_job(event=None, is_async=True, job_name='frappe.core.doctype.scheduled_job_type.scheduled_job_type.run_scheduled_jo..., kwargs={'job_type': 'frappe.email.queue.flush', 'scheduled_job_type': '57fu68shpf'..., method='frappe.core.doctype.scheduled_job_type.scheduled_job_type.run_scheduled_jo..., site='erpnext.localhost', user='Administrator') job in 0:00:00.176850s on worker 21d124db9f084b4f98fb2906c7f1d317
2025-04-24 12:04:01,178 home-fy-Documents-GitHub-erpnext-frappe-bench:default: Job OK (erpnext.localhost||scheduled_job||57fu68shpf)
2025-04-24 12:04:01,178 Result is kept for 600 seconds
2025-04-24 12:04:01,183 home-fy-Documents-GitHub-erpnext-frappe-bench:long: frappe.utils.background_jobs.execute_job(event=None, is_async=True, job_name='frappe.core.doctype.scheduled_job_type.scheduled_job_type.run_scheduled_jo..., kwargs={'job_type': 'erpnext.stock.doctype.repost_item_valuation.repost_item_valua..., method='frappe.core.doctype.scheduled_job_type.scheduled_job_type.run_scheduled_jo..., site='erpnext.localhost', user='Administrator') (erpnext.localhost||scheduled_job||89ksk8uq3v)
2025-04-24 12:04:01,351 Successfully completed frappe.utils.background_jobs.execute_job(event=None, is_async=True, job_name='frappe.core.doctype.scheduled_job_type.scheduled_job_type.run_scheduled_jo..., kwargs={'job_type': 'erpnext.stock.doctype.repost_item_valuation.repost_item_valua..., method='frappe.core.doctype.scheduled_job_type.scheduled_job_type.run_scheduled_jo..., site='erpnext.localhost', user='Administrator') job in 0:00:00.162921s on worker 21d124db9f084b4f98fb2906c7f1d317
2025-04-24 12:04:01,352 home-fy-Documents-GitHub-erpnext-frappe-bench:long: Job OK (erpnext.localhost||scheduled_job||89ksk8uq3v)
2025-04-24 12:04:01,352 Result is kept for 600 seconds
2025-04-24 12:08:00,731 home-fy-Documents-GitHub-erpnext-frappe-bench:default: frappe.utils.background_jobs.execute_job(event=None, is_async=True, job_name='frappe.core.doctype.scheduled_job_type.scheduled_job_type.run_scheduled_jo..., kwargs={'job_type': 'frappe.integrations.doctype.google_calendar.google_calendar.s..., method='frappe.core.doctype.scheduled_job_type.scheduled_job_type.run_scheduled_jo..., site='erpnext.localhost', user='Administrator') (erpnext.localhost||scheduled_job||57fp7enf9v)
2025-04-24 12:08:00,981 Successfully completed frappe.utils.background_jobs.execute_job(event=None, is_async=True, job_name='frappe.core.doctype.scheduled_job_type.scheduled_job_type.run_scheduled_jo..., kwargs={'job_type': 'frappe.integrations.doctype.google_calendar.google_calendar.s..., method='frappe.core.doctype.scheduled_job_type.scheduled_job_type.run_scheduled_jo..., site='erpnext.localhost', user='Administrator') job in 0:00:00.243415s on worker 21d124db9f084b4f98fb2906c7f1d317
2025-04-24 12:08:00,981 home-fy-Documents-GitHub-erpnext-frappe-bench:default: Job OK (erpnext.localhost||scheduled_job||57fp7enf9v)
2025-04-24 12:08:00,981 Result is kept for 600 seconds
2025-04-24 12:08:00,986 home-fy-Documents-GitHub-erpnext-frappe-bench:default: frappe.utils.background_jobs.execute_job(event=None, is_async=True, job_name='frappe.core.doctype.scheduled_job_type.scheduled_job_type.run_scheduled_jo..., kwargs={'job_type': 'frappe.email.queue.flush', 'scheduled_job_type': '57fu68shpf'..., method='frappe.core.doctype.scheduled_job_type.scheduled_job_type.run_scheduled_jo..., site='erpnext.localhost', user='Administrator') (erpnext.localhost||scheduled_job||57fu68shpf)
2025-04-24 12:08:01,212 Successfully completed frappe.utils.background_jobs.execute_job(event=None, is_async=True, job_name='frappe.core.doctype.scheduled_job_type.scheduled_job_type.run_scheduled_jo..., kwargs={'job_type': 'frappe.email.queue.flush', 'scheduled_job_type': '57fu68shpf'..., method='frappe.core.doctype.scheduled_job_type.scheduled_job_type.run_scheduled_jo..., site='erpnext.localhost', user='Administrator') job in 0:00:00.217938s on worker 21d124db9f084b4f98fb2906c7f1d317
2025-04-24 12:08:01,212 home-fy-Documents-GitHub-erpnext-frappe-bench:default: Job OK (erpnext.localhost||scheduled_job||57fu68shpf)
2025-04-24 12:08:01,212 Result is kept for 600 seconds
2025-04-24 12:08:01,223 home-fy-Documents-GitHub-erpnext-frappe-bench:default: frappe.utils.background_jobs.execute_job(event=None, is_async=True, job_name='frappe.core.doctype.scheduled_job_type.scheduled_job_type.run_scheduled_jo..., kwargs={'job_type': 'frappe.email.doctype.notification.notification.trigger_offset..., method='frappe.core.doctype.scheduled_job_type.scheduled_job_type.run_scheduled_jo..., site='erpnext.localhost', user='Administrator') (erpnext.localhost||scheduled_job||57fmqjdgf7)
2025-04-24 12:08:01,343 Successfully completed frappe.utils.background_jobs.execute_job(event=None, is_async=True, job_name='frappe.core.doctype.scheduled_job_type.scheduled_job_type.run_scheduled_jo..., kwargs={'job_type': 'frappe.email.doctype.notification.notification.trigger_offset..., method='frappe.core.doctype.scheduled_job_type.scheduled_job_type.run_scheduled_jo..., site='erpnext.localhost', user='Administrator') job in 0:00:00.111402s on worker 21d124db9f084b4f98fb2906c7f1d317
2025-04-24 12:08:01,343 home-fy-Documents-GitHub-erpnext-frappe-bench:default: Job OK (erpnext.localhost||scheduled_job||57fmqjdgf7)
2025-04-24 12:08:01,343 Result is kept for 600 seconds
2025-04-24 12:08:01,348 home-fy-Documents-GitHub-erpnext-frappe-bench:default: frappe.utils.background_jobs.execute_job(event=None, is_async=True, job_name='frappe.core.doctype.scheduled_job_type.scheduled_job_type.run_scheduled_jo..., kwargs={'job_type': 'frappe.monitor.flush', 'scheduled_job_type': '57fcr9524j'}, method='frappe.core.doctype.scheduled_job_type.scheduled_job_type.run_scheduled_jo..., site='erpnext.localhost', user='Administrator') (erpnext.localhost||scheduled_job||57fcr9524j)
2025-04-24 12:08:01,466 Successfully completed frappe.utils.background_jobs.execute_job(event=None, is_async=True, job_name='frappe.core.doctype.scheduled_job_type.scheduled_job_type.run_scheduled_jo..., kwargs={'job_type': 'frappe.monitor.flush', 'scheduled_job_type': '57fcr9524j'}, method='frappe.core.doctype.scheduled_job_type.scheduled_job_type.run_scheduled_jo..., site='erpnext.localhost', user='Administrator') job in 0:00:00.109102s on worker 21d124db9f084b4f98fb2906c7f1d317
2025-04-24 12:08:01,466 home-fy-Documents-GitHub-erpnext-frappe-bench:default: Job OK (erpnext.localhost||scheduled_job||57fcr9524j)
2025-04-24 12:08:01,467 Result is kept for 600 seconds
2025-04-24 12:08:01,477 home-fy-Documents-GitHub-erpnext-frappe-bench:long: frappe.utils.background_jobs.execute_job(event=None, is_async=True, job_name='frappe.core.doctype.scheduled_job_type.scheduled_job_type.run_scheduled_jo..., kwargs={'job_type': 'erpnext.utilities.bulk_transaction.retry', 'scheduled_job_typ..., method='frappe.core.doctype.scheduled_job_type.scheduled_job_type.run_scheduled_jo..., site='erpnext.localhost', user='Administrator') (erpnext.localhost||scheduled_job||89klaavja8)
2025-04-24 12:08:01,626 Successfully completed frappe.utils.background_jobs.execute_job(event=None, is_async=True, job_name='frappe.core.doctype.scheduled_job_type.scheduled_job_type.run_scheduled_jo..., kwargs={'job_type': 'erpnext.utilities.bulk_transaction.retry', 'scheduled_job_typ..., method='frappe.core.doctype.scheduled_job_type.scheduled_job_type.run_scheduled_jo..., site='erpnext.localhost', user='Administrator') job in 0:00:00.140509s on worker 21d124db9f084b4f98fb2906c7f1d317
2025-04-24 12:08:01,626 home-fy-Documents-GitHub-erpnext-frappe-bench:long: Job OK (erpnext.localhost||scheduled_job||89klaavja8)
2025-04-24 12:08:01,626 Result is kept for 600 seconds
2025-04-24 12:12:00,861 home-fy-Documents-GitHub-erpnext-frappe-bench:default: frappe.utils.background_jobs.execute_job(event=None, is_async=True, job_name='frappe.core.doctype.scheduled_job_type.scheduled_job_type.run_scheduled_jo..., kwargs={'job_type': 'frappe.email.doctype.email_account.email_account.pull', 'sche..., method='frappe.core.doctype.scheduled_job_type.scheduled_job_type.run_scheduled_jo..., site='erpnext.localhost', user='Administrator') (erpnext.localhost||scheduled_job||57fv1s5ve3)
2025-04-24 12:12:00,993 Successfully completed frappe.utils.background_jobs.execute_job(event=None, is_async=True, job_name='frappe.core.doctype.scheduled_job_type.scheduled_job_type.run_scheduled_jo..., kwargs={'job_type': 'frappe.email.doctype.email_account.email_account.pull', 'sche..., method='frappe.core.doctype.scheduled_job_type.scheduled_job_type.run_scheduled_jo..., site='erpnext.localhost', user='Administrator') job in 0:00:00.126137s on worker 21d124db9f084b4f98fb2906c7f1d317
2025-04-24 12:12:00,993 home-fy-Documents-GitHub-erpnext-frappe-bench:default: Job OK (erpnext.localhost||scheduled_job||57fv1s5ve3)
2025-04-24 12:12:00,993 Result is kept for 600 seconds
2025-04-24 12:12:00,998 home-fy-Documents-GitHub-erpnext-frappe-bench:default: frappe.utils.background_jobs.execute_job(event=None, is_async=True, job_name='frappe.core.doctype.scheduled_job_type.scheduled_job_type.run_scheduled_jo..., kwargs={'job_type': 'frappe.email.queue.flush', 'scheduled_job_type': '57fu68shpf'..., method='frappe.core.doctype.scheduled_job_type.scheduled_job_type.run_scheduled_jo..., site='erpnext.localhost', user='Administrator') (erpnext.localhost||scheduled_job||57fu68shpf)
2025-04-24 12:12:01,186 Successfully completed frappe.utils.background_jobs.execute_job(event=None, is_async=True, job_name='frappe.core.doctype.scheduled_job_type.scheduled_job_type.run_scheduled_jo..., kwargs={'job_type': 'frappe.email.queue.flush', 'scheduled_job_type': '57fu68shpf'..., method='frappe.core.doctype.scheduled_job_type.scheduled_job_type.run_scheduled_jo..., site='erpnext.localhost', user='Administrator') job in 0:00:00.182216s on worker 21d124db9f084b4f98fb2906c7f1d317
2025-04-24 12:12:01,186 home-fy-Documents-GitHub-erpnext-frappe-bench:default: Job OK (erpnext.localhost||scheduled_job||57fu68shpf)
2025-04-24 12:12:01,186 Result is kept for 600 seconds
2025-04-24 12:12:01,191 home-fy-Documents-GitHub-erpnext-frappe-bench:default: frappe.utils.background_jobs.execute_job(event=None, is_async=True, job_name='frappe.core.doctype.scheduled_job_type.scheduled_job_type.run_scheduled_jo..., kwargs={'job_type': 'frappe.monitor.flush', 'scheduled_job_type': '57fcr9524j'}, method='frappe.core.doctype.scheduled_job_type.scheduled_job_type.run_scheduled_jo..., site='erpnext.localhost', user='Administrator') (erpnext.localhost||scheduled_job||57fcr9524j)
2025-04-24 12:12:01,304 Successfully completed frappe.utils.background_jobs.execute_job(event=None, is_async=True, job_name='frappe.core.doctype.scheduled_job_type.scheduled_job_type.run_scheduled_jo..., kwargs={'job_type': 'frappe.monitor.flush', 'scheduled_job_type': '57fcr9524j'}, method='frappe.core.doctype.scheduled_job_type.scheduled_job_type.run_scheduled_jo..., site='erpnext.localhost', user='Administrator') job in 0:00:00.107343s on worker 21d124db9f084b4f98fb2906c7f1d317
2025-04-24 12:12:01,304 home-fy-Documents-GitHub-erpnext-frappe-bench:default: Job OK (erpnext.localhost||scheduled_job||57fcr9524j)
2025-04-24 12:12:01,304 Result is kept for 600 seconds
2025-04-24 12:12:01,309 home-fy-Documents-GitHub-erpnext-frappe-bench:default: frappe.utils.background_jobs.execute_job(event=None, is_async=True, job_name='frappe.core.doctype.scheduled_job_type.scheduled_job_type.run_scheduled_jo..., kwargs={'job_type': 'frappe.email.doctype.notification.notification.trigger_offset..., method='frappe.core.doctype.scheduled_job_type.scheduled_job_type.run_scheduled_jo..., site='erpnext.localhost', user='Administrator') (erpnext.localhost||scheduled_job||57fmqjdgf7)
2025-04-24 12:12:01,443 Successfully completed frappe.utils.background_jobs.execute_job(event=None, is_async=True, job_name='frappe.core.doctype.scheduled_job_type.scheduled_job_type.run_scheduled_jo..., kwargs={'job_type': 'frappe.email.doctype.notification.notification.trigger_offset..., method='frappe.core.doctype.scheduled_job_type.scheduled_job_type.run_scheduled_jo..., site='erpnext.localhost', user='Administrator') job in 0:00:00.127944s on worker 21d124db9f084b4f98fb2906c7f1d317
2025-04-24 12:12:01,443 home-fy-Documents-GitHub-erpnext-frappe-bench:default: Job OK (erpnext.localhost||scheduled_job||57fmqjdgf7)
2025-04-24 12:12:01,443 Result is kept for 600 seconds
2025-04-24 12:12:01,448 home-fy-Documents-GitHub-erpnext-frappe-bench:default: frappe.utils.background_jobs.execute_job(event=None, is_async=True, job_name='frappe.core.doctype.scheduled_job_type.scheduled_job_type.run_scheduled_jo..., kwargs={'job_type': 'frappe.integrations.doctype.google_calendar.google_calendar.s..., method='frappe.core.doctype.scheduled_job_type.scheduled_job_type.run_scheduled_jo..., site='erpnext.localhost', user='Administrator') (erpnext.localhost||scheduled_job||57fp7enf9v)
2025-04-24 12:12:01,723 Successfully completed frappe.utils.background_jobs.execute_job(event=None, is_async=True, job_name='frappe.core.doctype.scheduled_job_type.scheduled_job_type.run_scheduled_jo..., kwargs={'job_type': 'frappe.integrations.doctype.google_calendar.google_calendar.s..., method='frappe.core.doctype.scheduled_job_type.scheduled_job_type.run_scheduled_jo..., site='erpnext.localhost', user='Administrator') job in 0:00:00.269000s on worker 21d124db9f084b4f98fb2906c7f1d317
2025-04-24 12:12:01,723 home-fy-Documents-GitHub-erpnext-frappe-bench:default: Job OK (erpnext.localhost||scheduled_job||57fp7enf9v)
2025-04-24 12:12:01,723 Result is kept for 600 seconds
2025-04-24 12:16:00,989 home-fy-Documents-GitHub-erpnext-frappe-bench:default: frappe.utils.background_jobs.execute_job(event=None, is_async=True, job_name='frappe.core.doctype.scheduled_job_type.scheduled_job_type.run_scheduled_jo..., kwargs={'job_type': 'frappe.integrations.doctype.google_calendar.google_calendar.s..., method='frappe.core.doctype.scheduled_job_type.scheduled_job_type.run_scheduled_jo..., site='erpnext.localhost', user='Administrator') (erpnext.localhost||scheduled_job||57fp7enf9v)
2025-04-24 12:16:01,269 Successfully completed frappe.utils.background_jobs.execute_job(event=None, is_async=True, job_name='frappe.core.doctype.scheduled_job_type.scheduled_job_type.run_scheduled_jo..., kwargs={'job_type': 'frappe.integrations.doctype.google_calendar.google_calendar.s..., method='frappe.core.doctype.scheduled_job_type.scheduled_job_type.run_scheduled_jo..., site='erpnext.localhost', user='Administrator') job in 0:00:00.271857s on worker 21d124db9f084b4f98fb2906c7f1d317
2025-04-24 12:16:01,270 home-fy-Documents-GitHub-erpnext-frappe-bench:default: Job OK (erpnext.localhost||scheduled_job||57fp7enf9v)
2025-04-24 12:16:01,270 Result is kept for 600 seconds
2025-04-24 12:16:01,275 Cleaning registries for queue: home-fy-Documents-GitHub-erpnext-frappe-bench:short
2025-04-24 12:16:01,276 Cleaning registries for queue: home-fy-Documents-GitHub-erpnext-frappe-bench:default
2025-04-24 12:16:01,277 Cleaning registries for queue: home-fy-Documents-GitHub-erpnext-frappe-bench:long
2025-04-24 12:16:01,278 home-fy-Documents-GitHub-erpnext-frappe-bench:default: frappe.utils.background_jobs.execute_job(event=None, is_async=True, job_name='frappe.core.doctype.scheduled_job_type.scheduled_job_type.run_scheduled_jo..., kwargs={'job_type': 'frappe.email.queue.flush', 'scheduled_job_type': '57fu68shpf'..., method='frappe.core.doctype.scheduled_job_type.scheduled_job_type.run_scheduled_jo..., site='erpnext.localhost', user='Administrator') (erpnext.localhost||scheduled_job||57fu68shpf)
2025-04-24 12:16:01,469 Successfully completed frappe.utils.background_jobs.execute_job(event=None, is_async=True, job_name='frappe.core.doctype.scheduled_job_type.scheduled_job_type.run_scheduled_jo..., kwargs={'job_type': 'frappe.email.queue.flush', 'scheduled_job_type': '57fu68shpf'..., method='frappe.core.doctype.scheduled_job_type.scheduled_job_type.run_scheduled_jo..., site='erpnext.localhost', user='Administrator') job in 0:00:00.185844s on worker 21d124db9f084b4f98fb2906c7f1d317
2025-04-24 12:16:01,470 home-fy-Documents-GitHub-erpnext-frappe-bench:default: Job OK (erpnext.localhost||scheduled_job||57fu68shpf)
2025-04-24 12:16:01,470 Result is kept for 600 seconds
2025-04-24 12:16:01,475 home-fy-Documents-GitHub-erpnext-frappe-bench:default: frappe.utils.background_jobs.execute_job(event=None, is_async=True, job_name='frappe.core.doctype.scheduled_job_type.scheduled_job_type.run_scheduled_jo..., kwargs={'job_type': 'frappe.website.doctype.web_page.web_page.check_publish_status..., method='frappe.core.doctype.scheduled_job_type.scheduled_job_type.run_scheduled_jo..., site='erpnext.localhost', user='Administrator') (erpnext.localhost||scheduled_job||57fgj7ebgg)
2025-04-24 12:16:01,647 Successfully completed frappe.utils.background_jobs.execute_job(event=None, is_async=True, job_name='frappe.core.doctype.scheduled_job_type.scheduled_job_type.run_scheduled_jo..., kwargs={'job_type': 'frappe.website.doctype.web_page.web_page.check_publish_status..., method='frappe.core.doctype.scheduled_job_type.scheduled_job_type.run_scheduled_jo..., site='erpnext.localhost', user='Administrator') job in 0:00:00.166538s on worker 21d124db9f084b4f98fb2906c7f1d317
2025-04-24 12:16:01,647 home-fy-Documents-GitHub-erpnext-frappe-bench:default: Job OK (erpnext.localhost||scheduled_job||57fgj7ebgg)
2025-04-24 12:16:01,647 Result is kept for 600 seconds
2025-04-24 12:16:01,652 home-fy-Documents-GitHub-erpnext-frappe-bench:default: frappe.utils.background_jobs.execute_job(event=None, is_async=True, job_name='frappe.core.doctype.scheduled_job_type.scheduled_job_type.run_scheduled_jo..., kwargs={'job_type': 'frappe.oauth.delete_oauth2_data', 'scheduled_job_type': '57fh..., method='frappe.core.doctype.scheduled_job_type.scheduled_job_type.run_scheduled_jo..., site='erpnext.localhost', user='Administrator') (erpnext.localhost||scheduled_job||57fh804btu)
2025-04-24 12:16:01,797 Successfully completed frappe.utils.background_jobs.execute_job(event=None, is_async=True, job_name='frappe.core.doctype.scheduled_job_type.scheduled_job_type.run_scheduled_jo..., kwargs={'job_type': 'frappe.oauth.delete_oauth2_data', 'scheduled_job_type': '57fh..., method='frappe.core.doctype.scheduled_job_type.scheduled_job_type.run_scheduled_jo..., site='erpnext.localhost', user='Administrator') job in 0:00:00.139204s on worker 21d124db9f084b4f98fb2906c7f1d317
2025-04-24 12:16:01,797 home-fy-Documents-GitHub-erpnext-frappe-bench:default: Job OK (erpnext.localhost||scheduled_job||57fh804btu)
2025-04-24 12:16:01,797 Result is kept for 600 seconds
2025-04-24 12:16:01,802 home-fy-Documents-GitHub-erpnext-frappe-bench:default: frappe.utils.background_jobs.execute_job(event=None, is_async=True, job_name='frappe.core.doctype.scheduled_job_type.scheduled_job_type.run_scheduled_jo..., kwargs={'job_type': 'frappe.email.doctype.email_account.email_account.notify_unrep..., method='frappe.core.doctype.scheduled_job_type.scheduled_job_type.run_scheduled_jo..., site='erpnext.localhost', user='Administrator') (erpnext.localhost||scheduled_job||57frb6dct5)
2025-04-24 12:16:01,958 Successfully completed frappe.utils.background_jobs.execute_job(event=None, is_async=True, job_name='frappe.core.doctype.scheduled_job_type.scheduled_job_type.run_scheduled_jo..., kwargs={'job_type': 'frappe.email.doctype.email_account.email_account.notify_unrep..., method='frappe.core.doctype.scheduled_job_type.scheduled_job_type.run_scheduled_jo..., site='erpnext.localhost', user='Administrator') job in 0:00:00.150393s on worker 21d124db9f084b4f98fb2906c7f1d317
2025-04-24 12:16:01,958 home-fy-Documents-GitHub-erpnext-frappe-bench:default: Job OK (erpnext.localhost||scheduled_job||57frb6dct5)
2025-04-24 12:16:01,958 Result is kept for 600 seconds
2025-04-24 12:16:01,962 home-fy-Documents-GitHub-erpnext-frappe-bench:default: frappe.utils.background_jobs.execute_job(event=None, is_async=True, job_name='frappe.core.doctype.scheduled_job_type.scheduled_job_type.run_scheduled_jo..., kwargs={'job_type': 'frappe.utils.global_search.sync_global_search', 'scheduled_jo..., method='frappe.core.doctype.scheduled_job_type.scheduled_job_type.run_scheduled_jo..., site='erpnext.localhost', user='Administrator') (erpnext.localhost||scheduled_job||57f1qn3d5q)
2025-04-24 12:16:02,082 Successfully completed frappe.utils.background_jobs.execute_job(event=None, is_async=True, job_name='frappe.core.doctype.scheduled_job_type.scheduled_job_type.run_scheduled_jo..., kwargs={'job_type': 'frappe.utils.global_search.sync_global_search', 'scheduled_jo..., method='frappe.core.doctype.scheduled_job_type.scheduled_job_type.run_scheduled_jo..., site='erpnext.localhost', user='Administrator') job in 0:00:00.110628s on worker 21d124db9f084b4f98fb2906c7f1d317
2025-04-24 12:16:02,083 home-fy-Documents-GitHub-erpnext-frappe-bench:default: Job OK (erpnext.localhost||scheduled_job||57f1qn3d5q)
2025-04-24 12:16:02,083 Result is kept for 600 seconds
2025-04-24 12:16:02,094 home-fy-Documents-GitHub-erpnext-frappe-bench:default: frappe.utils.background_jobs.execute_job(event=None, is_async=True, job_name='frappe.core.doctype.scheduled_job_type.scheduled_job_type.run_scheduled_jo..., kwargs={'job_type': 'frappe.automation.doctype.reminder.reminder.send_reminders', ..., method='frappe.core.doctype.scheduled_job_type.scheduled_job_type.run_scheduled_jo..., site='erpnext.localhost', user='Administrator') (erpnext.localhost||scheduled_job||57fmah7t11)
2025-04-24 12:16:02,216 Successfully completed frappe.utils.background_jobs.execute_job(event=None, is_async=True, job_name='frappe.core.doctype.scheduled_job_type.scheduled_job_type.run_scheduled_jo..., kwargs={'job_type': 'frappe.automation.doctype.reminder.reminder.send_reminders', ..., method='frappe.core.doctype.scheduled_job_type.scheduled_job_type.run_scheduled_jo..., site='erpnext.localhost', user='Administrator') job in 0:00:00.113920s on worker 21d124db9f084b4f98fb2906c7f1d317
2025-04-24 12:16:02,216 home-fy-Documents-GitHub-erpnext-frappe-bench:default: Job OK (erpnext.localhost||scheduled_job||57fmah7t11)
2025-04-24 12:16:02,216 Result is kept for 600 seconds
2025-04-24 12:16:02,221 home-fy-Documents-GitHub-erpnext-frappe-bench:default: frappe.utils.background_jobs.execute_job(event=None, is_async=True, job_name='frappe.core.doctype.scheduled_job_type.scheduled_job_type.run_scheduled_jo..., kwargs={'job_type': 'erpnext.manufacturing.doctype.bom_update_log.bom_update_log.r..., method='frappe.core.doctype.scheduled_job_type.scheduled_job_type.run_scheduled_jo..., site='erpnext.localhost', user='Administrator') (erpnext.localhost||scheduled_job||89h36b9fje)
2025-04-24 12:16:02,346 Successfully completed frappe.utils.background_jobs.execute_job(event=None, is_async=True, job_name='frappe.core.doctype.scheduled_job_type.scheduled_job_type.run_scheduled_jo..., kwargs={'job_type': 'erpnext.manufacturing.doctype.bom_update_log.bom_update_log.r..., method='frappe.core.doctype.scheduled_job_type.scheduled_job_type.run_scheduled_jo..., site='erpnext.localhost', user='Administrator') job in 0:00:00.119526s on worker 21d124db9f084b4f98fb2906c7f1d317
2025-04-24 12:16:02,346 home-fy-Documents-GitHub-erpnext-frappe-bench:default: Job OK (erpnext.localhost||scheduled_job||89h36b9fje)
2025-04-24 12:16:02,346 Result is kept for 600 seconds
2025-04-24 12:16:02,351 home-fy-Documents-GitHub-erpnext-frappe-bench:default: frappe.utils.background_jobs.execute_job(event=None, is_async=True, job_name='frappe.core.doctype.scheduled_job_type.scheduled_job_type.run_scheduled_jo..., kwargs={'job_type': 'frappe.twofactor.delete_all_barcodes_for_users', 'scheduled_j..., method='frappe.core.doctype.scheduled_job_type.scheduled_job_type.run_scheduled_jo..., site='erpnext.localhost', user='Administrator') (erpnext.localhost||scheduled_job||57f9udt3kh)
2025-04-24 12:16:02,478 Successfully completed frappe.utils.background_jobs.execute_job(event=None, is_async=True, job_name='frappe.core.doctype.scheduled_job_type.scheduled_job_type.run_scheduled_jo..., kwargs={'job_type': 'frappe.twofactor.delete_all_barcodes_for_users', 'scheduled_j..., method='frappe.core.doctype.scheduled_job_type.scheduled_job_type.run_scheduled_jo..., site='erpnext.localhost', user='Administrator') job in 0:00:00.121378s on worker 21d124db9f084b4f98fb2906c7f1d317
2025-04-24 12:16:02,478 home-fy-Documents-GitHub-erpnext-frappe-bench:default: Job OK (erpnext.localhost||scheduled_job||57f9udt3kh)
2025-04-24 12:16:02,478 Result is kept for 600 seconds
2025-04-24 12:16:02,483 home-fy-Documents-GitHub-erpnext-frappe-bench:default: frappe.utils.background_jobs.execute_job(event=None, is_async=True, job_name='frappe.core.doctype.scheduled_job_type.scheduled_job_type.run_scheduled_jo..., kwargs={'job_type': 'frappe.deferred_insert.save_to_db', 'scheduled_job_type': '57..., method='frappe.core.doctype.scheduled_job_type.scheduled_job_type.run_scheduled_jo..., site='erpnext.localhost', user='Administrator') (erpnext.localhost||scheduled_job||57faianiv7)
2025-04-24 12:16:02,596 Successfully completed frappe.utils.background_jobs.execute_job(event=None, is_async=True, job_name='frappe.core.doctype.scheduled_job_type.scheduled_job_type.run_scheduled_jo..., kwargs={'job_type': 'frappe.deferred_insert.save_to_db', 'scheduled_job_type': '57..., method='frappe.core.doctype.scheduled_job_type.scheduled_job_type.run_scheduled_jo..., site='erpnext.localhost', user='Administrator') job in 0:00:00.107130s on worker 21d124db9f084b4f98fb2906c7f1d317
2025-04-24 12:16:02,596 home-fy-Documents-GitHub-erpnext-frappe-bench:default: Job OK (erpnext.localhost||scheduled_job||57faianiv7)
2025-04-24 12:16:02,596 Result is kept for 600 seconds
2025-04-24 12:16:02,601 home-fy-Documents-GitHub-erpnext-frappe-bench:default: frappe.utils.background_jobs.execute_job(event=None, is_async=True, job_name='frappe.core.doctype.scheduled_job_type.scheduled_job_type.run_scheduled_jo..., kwargs={'job_type': 'frappe.monitor.flush', 'scheduled_job_type': '57fcr9524j'}, method='frappe.core.doctype.scheduled_job_type.scheduled_job_type.run_scheduled_jo..., site='erpnext.localhost', user='Administrator') (erpnext.localhost||scheduled_job||57fcr9524j)
2025-04-24 12:16:02,713 Successfully completed frappe.utils.background_jobs.execute_job(event=None, is_async=True, job_name='frappe.core.doctype.scheduled_job_type.scheduled_job_type.run_scheduled_jo..., kwargs={'job_type': 'frappe.monitor.flush', 'scheduled_job_type': '57fcr9524j'}, method='frappe.core.doctype.scheduled_job_type.scheduled_job_type.run_scheduled_jo..., site='erpnext.localhost', user='Administrator') job in 0:00:00.106653s on worker 21d124db9f084b4f98fb2906c7f1d317
2025-04-24 12:16:02,713 home-fy-Documents-GitHub-erpnext-frappe-bench:default: Job OK (erpnext.localhost||scheduled_job||57fcr9524j)
2025-04-24 12:16:02,713 Result is kept for 600 seconds
2025-04-24 12:16:02,718 home-fy-Documents-GitHub-erpnext-frappe-bench:default: frappe.utils.background_jobs.execute_job(event=None, is_async=True, job_name='frappe.core.doctype.scheduled_job_type.scheduled_job_type.run_scheduled_jo..., kwargs={'job_type': 'frappe.email.doctype.notification.notification.trigger_offset..., method='frappe.core.doctype.scheduled_job_type.scheduled_job_type.run_scheduled_jo..., site='erpnext.localhost', user='Administrator') (erpnext.localhost||scheduled_job||57fmqjdgf7)
2025-04-24 12:16:02,855 Successfully completed frappe.utils.background_jobs.execute_job(event=None, is_async=True, job_name='frappe.core.doctype.scheduled_job_type.scheduled_job_type.run_scheduled_jo..., kwargs={'job_type': 'frappe.email.doctype.notification.notification.trigger_offset..., method='frappe.core.doctype.scheduled_job_type.scheduled_job_type.run_scheduled_jo..., site='erpnext.localhost', user='Administrator') job in 0:00:00.130931s on worker 21d124db9f084b4f98fb2906c7f1d317
2025-04-24 12:16:02,855 home-fy-Documents-GitHub-erpnext-frappe-bench:default: Job OK (erpnext.localhost||scheduled_job||57fmqjdgf7)
2025-04-24 12:16:02,855 Result is kept for 600 seconds
2025-04-24 12:20:00,103 home-fy-Documents-GitHub-erpnext-frappe-bench:default: frappe.utils.background_jobs.execute_job(event=None, is_async=True, job_name='frappe.core.doctype.scheduled_job_type.scheduled_job_type.run_scheduled_jo..., kwargs={'job_type': 'frappe.email.doctype.notification.notification.trigger_offset..., method='frappe.core.doctype.scheduled_job_type.scheduled_job_type.run_scheduled_jo..., site='erpnext.localhost', user='Administrator') (erpnext.localhost||scheduled_job||57fmqjdgf7)
2025-04-24 12:20:00,230 Successfully completed frappe.utils.background_jobs.execute_job(event=None, is_async=True, job_name='frappe.core.doctype.scheduled_job_type.scheduled_job_type.run_scheduled_jo..., kwargs={'job_type': 'frappe.email.doctype.notification.notification.trigger_offset..., method='frappe.core.doctype.scheduled_job_type.scheduled_job_type.run_scheduled_jo..., site='erpnext.localhost', user='Administrator') job in 0:00:00.113418s on worker 21d124db9f084b4f98fb2906c7f1d317
2025-04-24 12:20:00,230 home-fy-Documents-GitHub-erpnext-frappe-bench:default: Job OK (erpnext.localhost||scheduled_job||57fmqjdgf7)
2025-04-24 12:20:00,230 Result is kept for 600 seconds
2025-04-24 12:20:00,235 home-fy-Documents-GitHub-erpnext-frappe-bench:default: frappe.utils.background_jobs.execute_job(event=None, is_async=True, job_name='frappe.core.doctype.scheduled_job_type.scheduled_job_type.run_scheduled_jo..., kwargs={'job_type': 'frappe.monitor.flush', 'scheduled_job_type': '57fcr9524j'}, method='frappe.core.doctype.scheduled_job_type.scheduled_job_type.run_scheduled_jo..., site='erpnext.localhost', user='Administrator') (erpnext.localhost||scheduled_job||57fcr9524j)
2025-04-24 12:20:00,346 Successfully completed frappe.utils.background_jobs.execute_job(event=None, is_async=True, job_name='frappe.core.doctype.scheduled_job_type.scheduled_job_type.run_scheduled_jo..., kwargs={'job_type': 'frappe.monitor.flush', 'scheduled_job_type': '57fcr9524j'}, method='frappe.core.doctype.scheduled_job_type.scheduled_job_type.run_scheduled_jo..., site='erpnext.localhost', user='Administrator') job in 0:00:00.105202s on worker 21d124db9f084b4f98fb2906c7f1d317
2025-04-24 12:20:00,346 home-fy-Documents-GitHub-erpnext-frappe-bench:default: Job OK (erpnext.localhost||scheduled_job||57fcr9524j)
2025-04-24 12:20:00,346 Result is kept for 600 seconds
2025-04-24 12:20:00,350 home-fy-Documents-GitHub-erpnext-frappe-bench:default: frappe.utils.background_jobs.execute_job(event=None, is_async=True, job_name='frappe.core.doctype.scheduled_job_type.scheduled_job_type.run_scheduled_jo..., kwargs={'job_type': 'frappe.integrations.doctype.google_calendar.google_calendar.s..., method='frappe.core.doctype.scheduled_job_type.scheduled_job_type.run_scheduled_jo..., site='erpnext.localhost', user='Administrator') (erpnext.localhost||scheduled_job||57fp7enf9v)
2025-04-24 12:20:00,627 Successfully completed frappe.utils.background_jobs.execute_job(event=None, is_async=True, job_name='frappe.core.doctype.scheduled_job_type.scheduled_job_type.run_scheduled_jo..., kwargs={'job_type': 'frappe.integrations.doctype.google_calendar.google_calendar.s..., method='frappe.core.doctype.scheduled_job_type.scheduled_job_type.run_scheduled_jo..., site='erpnext.localhost', user='Administrator') job in 0:00:00.271359s on worker 21d124db9f084b4f98fb2906c7f1d317
2025-04-24 12:20:00,627 home-fy-Documents-GitHub-erpnext-frappe-bench:default: Job OK (erpnext.localhost||scheduled_job||57fp7enf9v)
2025-04-24 12:20:00,628 Result is kept for 600 seconds
2025-04-24 12:20:00,633 home-fy-Documents-GitHub-erpnext-frappe-bench:default: frappe.utils.background_jobs.execute_job(event=None, is_async=True, job_name='frappe.core.doctype.scheduled_job_type.scheduled_job_type.run_scheduled_jo..., kwargs={'job_type': 'frappe.email.queue.flush', 'scheduled_job_type': '57fu68shpf'..., method='frappe.core.doctype.scheduled_job_type.scheduled_job_type.run_scheduled_jo..., site='erpnext.localhost', user='Administrator') (erpnext.localhost||scheduled_job||57fu68shpf)
2025-04-24 12:20:00,822 Successfully completed frappe.utils.background_jobs.execute_job(event=None, is_async=True, job_name='frappe.core.doctype.scheduled_job_type.scheduled_job_type.run_scheduled_jo..., kwargs={'job_type': 'frappe.email.queue.flush', 'scheduled_job_type': '57fu68shpf'..., method='frappe.core.doctype.scheduled_job_type.scheduled_job_type.run_scheduled_jo..., site='erpnext.localhost', user='Administrator') job in 0:00:00.183555s on worker 21d124db9f084b4f98fb2906c7f1d317
2025-04-24 12:20:00,822 home-fy-Documents-GitHub-erpnext-frappe-bench:default: Job OK (erpnext.localhost||scheduled_job||57fu68shpf)
2025-04-24 12:20:00,822 Result is kept for 600 seconds
2025-04-24 12:20:00,827 home-fy-Documents-GitHub-erpnext-frappe-bench:default: frappe.utils.background_jobs.execute_job(event=None, is_async=True, job_name='frappe.core.doctype.scheduled_job_type.scheduled_job_type.run_scheduled_jo..., kwargs={'job_type': 'frappe.email.doctype.email_account.email_account.pull', 'sche..., method='frappe.core.doctype.scheduled_job_type.scheduled_job_type.run_scheduled_jo..., site='erpnext.localhost', user='Administrator') (erpnext.localhost||scheduled_job||57fv1s5ve3)
2025-04-24 12:20:00,960 Successfully completed frappe.utils.background_jobs.execute_job(event=None, is_async=True, job_name='frappe.core.doctype.scheduled_job_type.scheduled_job_type.run_scheduled_jo..., kwargs={'job_type': 'frappe.email.doctype.email_account.email_account.pull', 'sche..., method='frappe.core.doctype.scheduled_job_type.scheduled_job_type.run_scheduled_jo..., site='erpnext.localhost', user='Administrator') job in 0:00:00.127004s on worker 21d124db9f084b4f98fb2906c7f1d317
2025-04-24 12:20:00,960 home-fy-Documents-GitHub-erpnext-frappe-bench:default: Job OK (erpnext.localhost||scheduled_job||57fv1s5ve3)
2025-04-24 12:20:00,960 Result is kept for 600 seconds
2025-04-24 12:24:00,191 home-fy-Documents-GitHub-erpnext-frappe-bench:default: frappe.utils.background_jobs.execute_job(event=None, is_async=True, job_name='frappe.core.doctype.scheduled_job_type.scheduled_job_type.run_scheduled_jo..., kwargs={'job_type': 'frappe.email.queue.flush', 'scheduled_job_type': '57fu68shpf'..., method='frappe.core.doctype.scheduled_job_type.scheduled_job_type.run_scheduled_jo..., site='erpnext.localhost', user='Administrator') (erpnext.localhost||scheduled_job||57fu68shpf)
2025-04-24 12:24:00,380 Successfully completed frappe.utils.background_jobs.execute_job(event=None, is_async=True, job_name='frappe.core.doctype.scheduled_job_type.scheduled_job_type.run_scheduled_jo..., kwargs={'job_type': 'frappe.email.queue.flush', 'scheduled_job_type': '57fu68shpf'..., method='frappe.core.doctype.scheduled_job_type.scheduled_job_type.run_scheduled_jo..., site='erpnext.localhost', user='Administrator') job in 0:00:00.177247s on worker 21d124db9f084b4f98fb2906c7f1d317
2025-04-24 12:24:00,380 home-fy-Documents-GitHub-erpnext-frappe-bench:default: Job OK (erpnext.localhost||scheduled_job||57fu68shpf)
2025-04-24 12:24:00,380 Result is kept for 600 seconds
2025-04-24 12:24:00,385 home-fy-Documents-GitHub-erpnext-frappe-bench:default: frappe.utils.background_jobs.execute_job(event=None, is_async=True, job_name='frappe.core.doctype.scheduled_job_type.scheduled_job_type.run_scheduled_jo..., kwargs={'job_type': 'frappe.integrations.doctype.google_calendar.google_calendar.s..., method='frappe.core.doctype.scheduled_job_type.scheduled_job_type.run_scheduled_jo..., site='erpnext.localhost', user='Administrator') (erpnext.localhost||scheduled_job||57fp7enf9v)
2025-04-24 12:24:00,648 Successfully completed frappe.utils.background_jobs.execute_job(event=None, is_async=True, job_name='frappe.core.doctype.scheduled_job_type.scheduled_job_type.run_scheduled_jo..., kwargs={'job_type': 'frappe.integrations.doctype.google_calendar.google_calendar.s..., method='frappe.core.doctype.scheduled_job_type.scheduled_job_type.run_scheduled_jo..., site='erpnext.localhost', user='Administrator') job in 0:00:00.257614s on worker 21d124db9f084b4f98fb2906c7f1d317
2025-04-24 12:24:00,648 home-fy-Documents-GitHub-erpnext-frappe-bench:default: Job OK (erpnext.localhost||scheduled_job||57fp7enf9v)
2025-04-24 12:24:00,648 Result is kept for 600 seconds
2025-04-24 12:24:00,654 home-fy-Documents-GitHub-erpnext-frappe-bench:default: frappe.utils.background_jobs.execute_job(event=None, is_async=True, job_name='frappe.core.doctype.scheduled_job_type.scheduled_job_type.run_scheduled_jo..., kwargs={'job_type': 'frappe.monitor.flush', 'scheduled_job_type': '57fcr9524j'}, method='frappe.core.doctype.scheduled_job_type.scheduled_job_type.run_scheduled_jo..., site='erpnext.localhost', user='Administrator') (erpnext.localhost||scheduled_job||57fcr9524j)
2025-04-24 12:24:00,765 Successfully completed frappe.utils.background_jobs.execute_job(event=None, is_async=True, job_name='frappe.core.doctype.scheduled_job_type.scheduled_job_type.run_scheduled_jo..., kwargs={'job_type': 'frappe.monitor.flush', 'scheduled_job_type': '57fcr9524j'}, method='frappe.core.doctype.scheduled_job_type.scheduled_job_type.run_scheduled_jo..., site='erpnext.localhost', user='Administrator') job in 0:00:00.105812s on worker 21d124db9f084b4f98fb2906c7f1d317
2025-04-24 12:24:00,765 home-fy-Documents-GitHub-erpnext-frappe-bench:default: Job OK (erpnext.localhost||scheduled_job||57fcr9524j)
2025-04-24 12:24:00,765 Result is kept for 600 seconds
2025-04-24 12:28:00,337 home-fy-Documents-GitHub-erpnext-frappe-bench:default: frappe.utils.background_jobs.execute_job(event=None, is_async=True, job_name='frappe.core.doctype.scheduled_job_type.scheduled_job_type.run_scheduled_jo..., kwargs={'job_type': 'frappe.integrations.doctype.google_calendar.google_calendar.s..., method='frappe.core.doctype.scheduled_job_type.scheduled_job_type.run_scheduled_jo..., site='erpnext.localhost', user='Administrator') (erpnext.localhost||scheduled_job||57fp7enf9v)
2025-04-24 12:28:00,607 Successfully completed frappe.utils.background_jobs.execute_job(event=None, is_async=True, job_name='frappe.core.doctype.scheduled_job_type.scheduled_job_type.run_scheduled_jo..., kwargs={'job_type': 'frappe.integrations.doctype.google_calendar.google_calendar.s..., method='frappe.core.doctype.scheduled_job_type.scheduled_job_type.run_scheduled_jo..., site='erpnext.localhost', user='Administrator') job in 0:00:00.260925s on worker 21d124db9f084b4f98fb2906c7f1d317
2025-04-24 12:28:00,607 home-fy-Documents-GitHub-erpnext-frappe-bench:default: Job OK (erpnext.localhost||scheduled_job||57fp7enf9v)
2025-04-24 12:28:00,607 Result is kept for 600 seconds
2025-04-24 12:28:00,612 Cleaning registries for queue: home-fy-Documents-GitHub-erpnext-frappe-bench:short
2025-04-24 12:28:00,613 Cleaning registries for queue: home-fy-Documents-GitHub-erpnext-frappe-bench:default
2025-04-24 12:28:00,614 Cleaning registries for queue: home-fy-Documents-GitHub-erpnext-frappe-bench:long
2025-04-24 12:28:00,615 home-fy-Documents-GitHub-erpnext-frappe-bench:default: frappe.utils.background_jobs.execute_job(event=None, is_async=True, job_name='frappe.core.doctype.scheduled_job_type.scheduled_job_type.run_scheduled_jo..., kwargs={'job_type': 'frappe.monitor.flush', 'scheduled_job_type': '57fcr9524j'}, method='frappe.core.doctype.scheduled_job_type.scheduled_job_type.run_scheduled_jo..., site='erpnext.localhost', user='Administrator') (erpnext.localhost||scheduled_job||57fcr9524j)
2025-04-24 12:28:00,729 Successfully completed frappe.utils.background_jobs.execute_job(event=None, is_async=True, job_name='frappe.core.doctype.scheduled_job_type.scheduled_job_type.run_scheduled_jo..., kwargs={'job_type': 'frappe.monitor.flush', 'scheduled_job_type': '57fcr9524j'}, method='frappe.core.doctype.scheduled_job_type.scheduled_job_type.run_scheduled_jo..., site='erpnext.localhost', user='Administrator') job in 0:00:00.106745s on worker 21d124db9f084b4f98fb2906c7f1d317
2025-04-24 12:28:00,729 home-fy-Documents-GitHub-erpnext-frappe-bench:default: Job OK (erpnext.localhost||scheduled_job||57fcr9524j)
2025-04-24 12:28:00,730 Result is kept for 600 seconds
2025-04-24 12:28:00,738 home-fy-Documents-GitHub-erpnext-frappe-bench:default: frappe.utils.background_jobs.execute_job(event=None, is_async=True, job_name='frappe.core.doctype.scheduled_job_type.scheduled_job_type.run_scheduled_jo..., kwargs={'job_type': 'frappe.email.queue.flush', 'scheduled_job_type': '57fu68shpf'..., method='frappe.core.doctype.scheduled_job_type.scheduled_job_type.run_scheduled_jo..., site='erpnext.localhost', user='Administrator') (erpnext.localhost||scheduled_job||57fu68shpf)
2025-04-24 12:28:00,928 Successfully completed frappe.utils.background_jobs.execute_job(event=None, is_async=True, job_name='frappe.core.doctype.scheduled_job_type.scheduled_job_type.run_scheduled_jo..., kwargs={'job_type': 'frappe.email.queue.flush', 'scheduled_job_type': '57fu68shpf'..., method='frappe.core.doctype.scheduled_job_type.scheduled_job_type.run_scheduled_jo..., site='erpnext.localhost', user='Administrator') job in 0:00:00.180503s on worker 21d124db9f084b4f98fb2906c7f1d317
2025-04-24 12:28:00,928 home-fy-Documents-GitHub-erpnext-frappe-bench:default: Job OK (erpnext.localhost||scheduled_job||57fu68shpf)
2025-04-24 12:28:00,928 Result is kept for 600 seconds
2025-04-24 12:28:00,934 home-fy-Documents-GitHub-erpnext-frappe-bench:default: frappe.utils.background_jobs.execute_job(event=None, is_async=True, job_name='frappe.core.doctype.scheduled_job_type.scheduled_job_type.run_scheduled_jo..., kwargs={'job_type': 'frappe.email.doctype.notification.notification.trigger_offset..., method='frappe.core.doctype.scheduled_job_type.scheduled_job_type.run_scheduled_jo..., site='erpnext.localhost', user='Administrator') (erpnext.localhost||scheduled_job||57fmqjdgf7)
2025-04-24 12:28:01,052 Successfully completed frappe.utils.background_jobs.execute_job(event=None, is_async=True, job_name='frappe.core.doctype.scheduled_job_type.scheduled_job_type.run_scheduled_jo..., kwargs={'job_type': 'frappe.email.doctype.notification.notification.trigger_offset..., method='frappe.core.doctype.scheduled_job_type.scheduled_job_type.run_scheduled_jo..., site='erpnext.localhost', user='Administrator') job in 0:00:00.112702s on worker 21d124db9f084b4f98fb2906c7f1d317
2025-04-24 12:28:01,052 home-fy-Documents-GitHub-erpnext-frappe-bench:default: Job OK (erpnext.localhost||scheduled_job||57fmqjdgf7)
2025-04-24 12:28:01,052 Result is kept for 600 seconds
2025-04-24 12:32:00,501 home-fy-Documents-GitHub-erpnext-frappe-bench:default: frappe.utils.background_jobs.execute_job(event=None, is_async=True, job_name='frappe.core.doctype.scheduled_job_type.scheduled_job_type.run_scheduled_jo..., kwargs={'job_type': 'frappe.core.doctype.prepared_report.prepared_report.expire_st..., method='frappe.core.doctype.scheduled_job_type.scheduled_job_type.run_scheduled_jo..., site='erpnext.localhost', user='Administrator') (erpnext.localhost||scheduled_job||57f4gapu15)
2025-04-24 12:32:00,618 Successfully completed frappe.utils.background_jobs.execute_job(event=None, is_async=True, job_name='frappe.core.doctype.scheduled_job_type.scheduled_job_type.run_scheduled_jo..., kwargs={'job_type': 'frappe.core.doctype.prepared_report.prepared_report.expire_st..., method='frappe.core.doctype.scheduled_job_type.scheduled_job_type.run_scheduled_jo..., site='erpnext.localhost', user='Administrator') job in 0:00:00.101550s on worker 21d124db9f084b4f98fb2906c7f1d317
2025-04-24 12:32:00,618 home-fy-Documents-GitHub-erpnext-frappe-bench:default: Job OK (erpnext.localhost||scheduled_job||57f4gapu15)
2025-04-24 12:32:00,618 Result is kept for 600 seconds
2025-04-24 12:32:00,623 home-fy-Documents-GitHub-erpnext-frappe-bench:default: frappe.utils.background_jobs.execute_job(event=None, is_async=True, job_name='frappe.core.doctype.scheduled_job_type.scheduled_job_type.run_scheduled_jo..., kwargs={'job_type': 'frappe.email.queue.flush', 'scheduled_job_type': '57fu68shpf'..., method='frappe.core.doctype.scheduled_job_type.scheduled_job_type.run_scheduled_jo..., site='erpnext.localhost', user='Administrator') (erpnext.localhost||scheduled_job||57fu68shpf)
2025-04-24 12:32:00,811 Successfully completed frappe.utils.background_jobs.execute_job(event=None, is_async=True, job_name='frappe.core.doctype.scheduled_job_type.scheduled_job_type.run_scheduled_jo..., kwargs={'job_type': 'frappe.email.queue.flush', 'scheduled_job_type': '57fu68shpf'..., method='frappe.core.doctype.scheduled_job_type.scheduled_job_type.run_scheduled_jo..., site='erpnext.localhost', user='Administrator') job in 0:00:00.182752s on worker 21d124db9f084b4f98fb2906c7f1d317
2025-04-24 12:32:00,811 home-fy-Documents-GitHub-erpnext-frappe-bench:default: Job OK (erpnext.localhost||scheduled_job||57fu68shpf)
2025-04-24 12:32:00,811 Result is kept for 600 seconds
2025-04-24 12:32:00,816 home-fy-Documents-GitHub-erpnext-frappe-bench:default: frappe.utils.background_jobs.execute_job(event=None, is_async=True, job_name='frappe.core.doctype.scheduled_job_type.scheduled_job_type.run_scheduled_jo..., kwargs={'job_type': 'frappe.email.doctype.email_account.email_account.notify_unrep..., method='frappe.core.doctype.scheduled_job_type.scheduled_job_type.run_scheduled_jo..., site='erpnext.localhost', user='Administrator') (erpnext.localhost||scheduled_job||57frb6dct5)
2025-04-24 12:32:00,957 Successfully completed frappe.utils.background_jobs.execute_job(event=None, is_async=True, job_name='frappe.core.doctype.scheduled_job_type.scheduled_job_type.run_scheduled_jo..., kwargs={'job_type': 'frappe.email.doctype.email_account.email_account.notify_unrep..., method='frappe.core.doctype.scheduled_job_type.scheduled_job_type.run_scheduled_jo..., site='erpnext.localhost', user='Administrator') job in 0:00:00.135178s on worker 21d124db9f084b4f98fb2906c7f1d317
2025-04-24 12:32:00,957 home-fy-Documents-GitHub-erpnext-frappe-bench:default: Job OK (erpnext.localhost||scheduled_job||57frb6dct5)
2025-04-24 12:32:00,957 Result is kept for 600 seconds
2025-04-24 12:32:00,962 home-fy-Documents-GitHub-erpnext-frappe-bench:default: frappe.utils.background_jobs.execute_job(event=None, is_async=True, job_name='frappe.core.doctype.scheduled_job_type.scheduled_job_type.run_scheduled_jo..., kwargs={'job_type': 'frappe.twofactor.delete_all_barcodes_for_users', 'scheduled_j..., method='frappe.core.doctype.scheduled_job_type.scheduled_job_type.run_scheduled_jo..., site='erpnext.localhost', user='Administrator') (erpnext.localhost||scheduled_job||57f9udt3kh)
2025-04-24 12:32:01,099 Successfully completed frappe.utils.background_jobs.execute_job(event=None, is_async=True, job_name='frappe.core.doctype.scheduled_job_type.scheduled_job_type.run_scheduled_jo..., kwargs={'job_type': 'frappe.twofactor.delete_all_barcodes_for_users', 'scheduled_j..., method='frappe.core.doctype.scheduled_job_type.scheduled_job_type.run_scheduled_jo..., site='erpnext.localhost', user='Administrator') job in 0:00:00.131822s on worker 21d124db9f084b4f98fb2906c7f1d317
2025-04-24 12:32:01,099 home-fy-Documents-GitHub-erpnext-frappe-bench:default: Job OK (erpnext.localhost||scheduled_job||57f9udt3kh)
2025-04-24 12:32:01,099 Result is kept for 600 seconds
2025-04-24 12:32:01,105 home-fy-Documents-GitHub-erpnext-frappe-bench:default: frappe.utils.background_jobs.execute_job(event=None, is_async=True, job_name='frappe.core.doctype.scheduled_job_type.scheduled_job_type.run_scheduled_jo..., kwargs={'job_type': 'frappe.monitor.flush', 'scheduled_job_type': '57fcr9524j'}, method='frappe.core.doctype.scheduled_job_type.scheduled_job_type.run_scheduled_jo..., site='erpnext.localhost', user='Administrator') (erpnext.localhost||scheduled_job||57fcr9524j)
2025-04-24 12:32:01,218 Successfully completed frappe.utils.background_jobs.execute_job(event=None, is_async=True, job_name='frappe.core.doctype.scheduled_job_type.scheduled_job_type.run_scheduled_jo..., kwargs={'job_type': 'frappe.monitor.flush', 'scheduled_job_type': '57fcr9524j'}, method='frappe.core.doctype.scheduled_job_type.scheduled_job_type.run_scheduled_jo..., site='erpnext.localhost', user='Administrator') job in 0:00:00.107296s on worker 21d124db9f084b4f98fb2906c7f1d317
2025-04-24 12:32:01,218 home-fy-Documents-GitHub-erpnext-frappe-bench:default: Job OK (erpnext.localhost||scheduled_job||57fcr9524j)
2025-04-24 12:32:01,218 Result is kept for 600 seconds
2025-04-24 12:32:01,223 home-fy-Documents-GitHub-erpnext-frappe-bench:default: frappe.utils.background_jobs.execute_job(event=None, is_async=True, job_name='frappe.core.doctype.scheduled_job_type.scheduled_job_type.run_scheduled_jo..., kwargs={'job_type': 'frappe.email.doctype.email_account.email_account.pull', 'sche..., method='frappe.core.doctype.scheduled_job_type.scheduled_job_type.run_scheduled_jo..., site='erpnext.localhost', user='Administrator') (erpnext.localhost||scheduled_job||57fv1s5ve3)
2025-04-24 12:32:01,357 Successfully completed frappe.utils.background_jobs.execute_job(event=None, is_async=True, job_name='frappe.core.doctype.scheduled_job_type.scheduled_job_type.run_scheduled_jo..., kwargs={'job_type': 'frappe.email.doctype.email_account.email_account.pull', 'sche..., method='frappe.core.doctype.scheduled_job_type.scheduled_job_type.run_scheduled_jo..., site='erpnext.localhost', user='Administrator') job in 0:00:00.128510s on worker 21d124db9f084b4f98fb2906c7f1d317
2025-04-24 12:32:01,357 home-fy-Documents-GitHub-erpnext-frappe-bench:default: Job OK (erpnext.localhost||scheduled_job||57fv1s5ve3)
2025-04-24 12:32:01,357 Result is kept for 600 seconds
2025-04-24 12:32:01,362 home-fy-Documents-GitHub-erpnext-frappe-bench:default: frappe.utils.background_jobs.execute_job(event=None, is_async=True, job_name='frappe.core.doctype.scheduled_job_type.scheduled_job_type.run_scheduled_jo..., kwargs={'job_type': 'frappe.oauth.delete_oauth2_data', 'scheduled_job_type': '57fh..., method='frappe.core.doctype.scheduled_job_type.scheduled_job_type.run_scheduled_jo..., site='erpnext.localhost', user='Administrator') (erpnext.localhost||scheduled_job||57fh804btu)
2025-04-24 12:32:01,493 Successfully completed frappe.utils.background_jobs.execute_job(event=None, is_async=True, job_name='frappe.core.doctype.scheduled_job_type.scheduled_job_type.run_scheduled_jo..., kwargs={'job_type': 'frappe.oauth.delete_oauth2_data', 'scheduled_job_type': '57fh..., method='frappe.core.doctype.scheduled_job_type.scheduled_job_type.run_scheduled_jo..., site='erpnext.localhost', user='Administrator') job in 0:00:00.125577s on worker 21d124db9f084b4f98fb2906c7f1d317
2025-04-24 12:32:01,493 home-fy-Documents-GitHub-erpnext-frappe-bench:default: Job OK (erpnext.localhost||scheduled_job||57fh804btu)
2025-04-24 12:32:01,493 Result is kept for 600 seconds
2025-04-24 12:32:01,498 home-fy-Documents-GitHub-erpnext-frappe-bench:default: frappe.utils.background_jobs.execute_job(event=None, is_async=True, job_name='frappe.core.doctype.scheduled_job_type.scheduled_job_type.run_scheduled_jo..., kwargs={'job_type': 'erpnext.manufacturing.doctype.bom_update_log.bom_update_log.r..., method='frappe.core.doctype.scheduled_job_type.scheduled_job_type.run_scheduled_jo..., site='erpnext.localhost', user='Administrator') (erpnext.localhost||scheduled_job||89h36b9fje)
2025-04-24 12:32:01,619 Successfully completed frappe.utils.background_jobs.execute_job(event=None, is_async=True, job_name='frappe.core.doctype.scheduled_job_type.scheduled_job_type.run_scheduled_jo..., kwargs={'job_type': 'erpnext.manufacturing.doctype.bom_update_log.bom_update_log.r..., method='frappe.core.doctype.scheduled_job_type.scheduled_job_type.run_scheduled_jo..., site='erpnext.localhost', user='Administrator') job in 0:00:00.115999s on worker 21d124db9f084b4f98fb2906c7f1d317
2025-04-24 12:32:01,620 home-fy-Documents-GitHub-erpnext-frappe-bench:default: Job OK (erpnext.localhost||scheduled_job||89h36b9fje)
2025-04-24 12:32:01,620 Result is kept for 600 seconds
2025-04-24 12:32:01,625 home-fy-Documents-GitHub-erpnext-frappe-bench:default: frappe.utils.background_jobs.execute_job(event=None, is_async=True, job_name='frappe.core.doctype.scheduled_job_type.scheduled_job_type.run_scheduled_jo..., kwargs={'job_type': 'frappe.deferred_insert.save_to_db', 'scheduled_job_type': '57..., method='frappe.core.doctype.scheduled_job_type.scheduled_job_type.run_scheduled_jo..., site='erpnext.localhost', user='Administrator') (erpnext.localhost||scheduled_job||57faianiv7)
2025-04-24 12:32:01,736 Successfully completed frappe.utils.background_jobs.execute_job(event=None, is_async=True, job_name='frappe.core.doctype.scheduled_job_type.scheduled_job_type.run_scheduled_jo..., kwargs={'job_type': 'frappe.deferred_insert.save_to_db', 'scheduled_job_type': '57..., method='frappe.core.doctype.scheduled_job_type.scheduled_job_type.run_scheduled_jo..., site='erpnext.localhost', user='Administrator') job in 0:00:00.105112s on worker 21d124db9f084b4f98fb2906c7f1d317
2025-04-24 12:32:01,736 home-fy-Documents-GitHub-erpnext-frappe-bench:default: Job OK (erpnext.localhost||scheduled_job||57faianiv7)
2025-04-24 12:32:01,736 Result is kept for 600 seconds
2025-04-24 12:32:01,741 home-fy-Documents-GitHub-erpnext-frappe-bench:default: frappe.utils.background_jobs.execute_job(event=None, is_async=True, job_name='frappe.core.doctype.scheduled_job_type.scheduled_job_type.run_scheduled_jo..., kwargs={'job_type': 'frappe.email.doctype.notification.notification.trigger_offset..., method='frappe.core.doctype.scheduled_job_type.scheduled_job_type.run_scheduled_jo..., site='erpnext.localhost', user='Administrator') (erpnext.localhost||scheduled_job||57fmqjdgf7)
2025-04-24 12:32:01,860 Successfully completed frappe.utils.background_jobs.execute_job(event=None, is_async=True, job_name='frappe.core.doctype.scheduled_job_type.scheduled_job_type.run_scheduled_jo..., kwargs={'job_type': 'frappe.email.doctype.notification.notification.trigger_offset..., method='frappe.core.doctype.scheduled_job_type.scheduled_job_type.run_scheduled_jo..., site='erpnext.localhost', user='Administrator') job in 0:00:00.111841s on worker 21d124db9f084b4f98fb2906c7f1d317
2025-04-24 12:32:01,860 home-fy-Documents-GitHub-erpnext-frappe-bench:default: Job OK (erpnext.localhost||scheduled_job||57fmqjdgf7)
2025-04-24 12:32:01,860 Result is kept for 600 seconds
2025-04-24 12:32:01,865 home-fy-Documents-GitHub-erpnext-frappe-bench:default: frappe.utils.background_jobs.execute_job(event=None, is_async=True, job_name='frappe.core.doctype.scheduled_job_type.scheduled_job_type.run_scheduled_jo..., kwargs={'job_type': 'frappe.integrations.doctype.google_calendar.google_calendar.s..., method='frappe.core.doctype.scheduled_job_type.scheduled_job_type.run_scheduled_jo..., site='erpnext.localhost', user='Administrator') (erpnext.localhost||scheduled_job||57fp7enf9v)
2025-04-24 12:32:02,133 Successfully completed frappe.utils.background_jobs.execute_job(event=None, is_async=True, job_name='frappe.core.doctype.scheduled_job_type.scheduled_job_type.run_scheduled_jo..., kwargs={'job_type': 'frappe.integrations.doctype.google_calendar.google_calendar.s..., method='frappe.core.doctype.scheduled_job_type.scheduled_job_type.run_scheduled_jo..., site='erpnext.localhost', user='Administrator') job in 0:00:00.261689s on worker 21d124db9f084b4f98fb2906c7f1d317
2025-04-24 12:32:02,133 home-fy-Documents-GitHub-erpnext-frappe-bench:default: Job OK (erpnext.localhost||scheduled_job||57fp7enf9v)
2025-04-24 12:32:02,133 Result is kept for 600 seconds
2025-04-24 12:32:02,139 home-fy-Documents-GitHub-erpnext-frappe-bench:default: frappe.utils.background_jobs.execute_job(event=None, is_async=True, job_name='frappe.core.doctype.scheduled_job_type.scheduled_job_type.run_scheduled_jo..., kwargs={'job_type': 'frappe.utils.global_search.sync_global_search', 'scheduled_jo..., method='frappe.core.doctype.scheduled_job_type.scheduled_job_type.run_scheduled_jo..., site='erpnext.localhost', user='Administrator') (erpnext.localhost||scheduled_job||57f1qn3d5q)
2025-04-24 12:32:02,249 Successfully completed frappe.utils.background_jobs.execute_job(event=None, is_async=True, job_name='frappe.core.doctype.scheduled_job_type.scheduled_job_type.run_scheduled_jo..., kwargs={'job_type': 'frappe.utils.global_search.sync_global_search', 'scheduled_jo..., method='frappe.core.doctype.scheduled_job_type.scheduled_job_type.run_scheduled_jo..., site='erpnext.localhost', user='Administrator') job in 0:00:00.104955s on worker 21d124db9f084b4f98fb2906c7f1d317
2025-04-24 12:32:02,249 home-fy-Documents-GitHub-erpnext-frappe-bench:default: Job OK (erpnext.localhost||scheduled_job||57f1qn3d5q)
2025-04-24 12:32:02,249 Result is kept for 600 seconds
2025-04-24 12:32:02,254 home-fy-Documents-GitHub-erpnext-frappe-bench:default: frappe.utils.background_jobs.execute_job(event=None, is_async=True, job_name='frappe.core.doctype.scheduled_job_type.scheduled_job_type.run_scheduled_jo..., kwargs={'job_type': 'frappe.website.doctype.web_page.web_page.check_publish_status..., method='frappe.core.doctype.scheduled_job_type.scheduled_job_type.run_scheduled_jo..., site='erpnext.localhost', user='Administrator') (erpnext.localhost||scheduled_job||57fgj7ebgg)
2025-04-24 12:32:02,419 Successfully completed frappe.utils.background_jobs.execute_job(event=None, is_async=True, job_name='frappe.core.doctype.scheduled_job_type.scheduled_job_type.run_scheduled_jo..., kwargs={'job_type': 'frappe.website.doctype.web_page.web_page.check_publish_status..., method='frappe.core.doctype.scheduled_job_type.scheduled_job_type.run_scheduled_jo..., site='erpnext.localhost', user='Administrator') job in 0:00:00.159457s on worker 21d124db9f084b4f98fb2906c7f1d317
2025-04-24 12:32:02,419 home-fy-Documents-GitHub-erpnext-frappe-bench:default: Job OK (erpnext.localhost||scheduled_job||57fgj7ebgg)
2025-04-24 12:32:02,419 Result is kept for 600 seconds
2025-04-24 12:32:02,424 home-fy-Documents-GitHub-erpnext-frappe-bench:default: frappe.utils.background_jobs.execute_job(event=None, is_async=True, job_name='frappe.core.doctype.scheduled_job_type.scheduled_job_type.run_scheduled_jo..., kwargs={'job_type': 'frappe.automation.doctype.reminder.reminder.send_reminders', ..., method='frappe.core.doctype.scheduled_job_type.scheduled_job_type.run_scheduled_jo..., site='erpnext.localhost', user='Administrator') (erpnext.localhost||scheduled_job||57fmah7t11)
2025-04-24 12:32:02,544 Successfully completed frappe.utils.background_jobs.execute_job(event=None, is_async=True, job_name='frappe.core.doctype.scheduled_job_type.scheduled_job_type.run_scheduled_jo..., kwargs={'job_type': 'frappe.automation.doctype.reminder.reminder.send_reminders', ..., method='frappe.core.doctype.scheduled_job_type.scheduled_job_type.run_scheduled_jo..., site='erpnext.localhost', user='Administrator') job in 0:00:00.115057s on worker 21d124db9f084b4f98fb2906c7f1d317
2025-04-24 12:32:02,545 home-fy-Documents-GitHub-erpnext-frappe-bench:default: Job OK (erpnext.localhost||scheduled_job||57fmah7t11)
2025-04-24 12:32:02,545 Result is kept for 600 seconds
2025-04-24 12:32:02,549 home-fy-Documents-GitHub-erpnext-frappe-bench:default: frappe.utils.background_jobs.execute_job(event=None, is_async=True, job_name='frappe.core.doctype.scheduled_job_type.scheduled_job_type.run_scheduled_jo..., kwargs={'job_type': 'erpnext.accounts.doctype.gl_entry.gl_entry.rename_gle_sle_doc..., method='frappe.core.doctype.scheduled_job_type.scheduled_job_type.run_scheduled_jo..., site='erpnext.localhost', user='Administrator') (erpnext.localhost||scheduled_job||89i8pcirqt)
2025-04-24 12:32:02,705 Successfully completed frappe.utils.background_jobs.execute_job(event=None, is_async=True, job_name='frappe.core.doctype.scheduled_job_type.scheduled_job_type.run_scheduled_jo..., kwargs={'job_type': 'erpnext.accounts.doctype.gl_entry.gl_entry.rename_gle_sle_doc..., method='frappe.core.doctype.scheduled_job_type.scheduled_job_type.run_scheduled_jo..., site='erpnext.localhost', user='Administrator') job in 0:00:00.149893s on worker 21d124db9f084b4f98fb2906c7f1d317
2025-04-24 12:32:02,705 home-fy-Documents-GitHub-erpnext-frappe-bench:default: Job OK (erpnext.localhost||scheduled_job||89i8pcirqt)
2025-04-24 12:32:02,705 Result is kept for 600 seconds
2025-04-24 12:32:02,710 home-fy-Documents-GitHub-erpnext-frappe-bench:default: frappe.utils.background_jobs.execute_job(event=None, is_async=True, job_name='frappe.core.doctype.scheduled_job_type.scheduled_job_type.run_scheduled_jo..., kwargs={'job_type': 'erpnext.utilities.doctype.video.video.update_youtube_data', '..., method='frappe.core.doctype.scheduled_job_type.scheduled_job_type.run_scheduled_jo..., site='erpnext.localhost', user='Administrator') (erpnext.localhost||scheduled_job||89iu8e1d0s)
2025-04-24 12:32:03,016 Successfully completed frappe.utils.background_jobs.execute_job(event=None, is_async=True, job_name='frappe.core.doctype.scheduled_job_type.scheduled_job_type.run_scheduled_jo..., kwargs={'job_type': 'erpnext.utilities.doctype.video.video.update_youtube_data', '..., method='frappe.core.doctype.scheduled_job_type.scheduled_job_type.run_scheduled_jo..., site='erpnext.localhost', user='Administrator') job in 0:00:00.300608s on worker 21d124db9f084b4f98fb2906c7f1d317
2025-04-24 12:32:03,016 home-fy-Documents-GitHub-erpnext-frappe-bench:default: Job OK (erpnext.localhost||scheduled_job||89iu8e1d0s)
2025-04-24 12:32:03,016 Result is kept for 600 seconds
2025-04-24 12:36:00,629 home-fy-Documents-GitHub-erpnext-frappe-bench:default: frappe.utils.background_jobs.execute_job(event=None, is_async=True, job_name='frappe.core.doctype.scheduled_job_type.scheduled_job_type.run_scheduled_jo..., kwargs={'job_type': 'frappe.integrations.doctype.google_calendar.google_calendar.s..., method='frappe.core.doctype.scheduled_job_type.scheduled_job_type.run_scheduled_jo..., site='erpnext.localhost', user='Administrator') (erpnext.localhost||scheduled_job||57fp7enf9v)
2025-04-24 12:36:00,884 Successfully completed frappe.utils.background_jobs.execute_job(event=None, is_async=True, job_name='frappe.core.doctype.scheduled_job_type.scheduled_job_type.run_scheduled_jo..., kwargs={'job_type': 'frappe.integrations.doctype.google_calendar.google_calendar.s..., method='frappe.core.doctype.scheduled_job_type.scheduled_job_type.run_scheduled_jo..., site='erpnext.localhost', user='Administrator') job in 0:00:00.244376s on worker 21d124db9f084b4f98fb2906c7f1d317
2025-04-24 12:36:00,884 home-fy-Documents-GitHub-erpnext-frappe-bench:default: Job OK (erpnext.localhost||scheduled_job||57fp7enf9v)
2025-04-24 12:36:00,884 Result is kept for 600 seconds
2025-04-24 12:36:00,889 home-fy-Documents-GitHub-erpnext-frappe-bench:default: frappe.utils.background_jobs.execute_job(event=None, is_async=True, job_name='frappe.core.doctype.scheduled_job_type.scheduled_job_type.run_scheduled_jo..., kwargs={'job_type': 'frappe.monitor.flush', 'scheduled_job_type': '57fcr9524j'}, method='frappe.core.doctype.scheduled_job_type.scheduled_job_type.run_scheduled_jo..., site='erpnext.localhost', user='Administrator') (erpnext.localhost||scheduled_job||57fcr9524j)
2025-04-24 12:36:01,001 Successfully completed frappe.utils.background_jobs.execute_job(event=None, is_async=True, job_name='frappe.core.doctype.scheduled_job_type.scheduled_job_type.run_scheduled_jo..., kwargs={'job_type': 'frappe.monitor.flush', 'scheduled_job_type': '57fcr9524j'}, method='frappe.core.doctype.scheduled_job_type.scheduled_job_type.run_scheduled_jo..., site='erpnext.localhost', user='Administrator') job in 0:00:00.105937s on worker 21d124db9f084b4f98fb2906c7f1d317
2025-04-24 12:36:01,001 home-fy-Documents-GitHub-erpnext-frappe-bench:default: Job OK (erpnext.localhost||scheduled_job||57fcr9524j)
2025-04-24 12:36:01,001 Result is kept for 600 seconds
2025-04-24 12:36:01,006 home-fy-Documents-GitHub-erpnext-frappe-bench:default: frappe.utils.background_jobs.execute_job(event=None, is_async=True, job_name='frappe.core.doctype.scheduled_job_type.scheduled_job_type.run_scheduled_jo..., kwargs={'job_type': 'frappe.email.doctype.notification.notification.trigger_offset..., method='frappe.core.doctype.scheduled_job_type.scheduled_job_type.run_scheduled_jo..., site='erpnext.localhost', user='Administrator') (erpnext.localhost||scheduled_job||57fmqjdgf7)
2025-04-24 12:36:01,133 Successfully completed frappe.utils.background_jobs.execute_job(event=None, is_async=True, job_name='frappe.core.doctype.scheduled_job_type.scheduled_job_type.run_scheduled_jo..., kwargs={'job_type': 'frappe.email.doctype.notification.notification.trigger_offset..., method='frappe.core.doctype.scheduled_job_type.scheduled_job_type.run_scheduled_jo..., site='erpnext.localhost', user='Administrator') job in 0:00:00.119622s on worker 21d124db9f084b4f98fb2906c7f1d317
2025-04-24 12:36:01,133 home-fy-Documents-GitHub-erpnext-frappe-bench:default: Job OK (erpnext.localhost||scheduled_job||57fmqjdgf7)
2025-04-24 12:36:01,134 Result is kept for 600 seconds
2025-04-24 12:36:01,142 home-fy-Documents-GitHub-erpnext-frappe-bench:default: frappe.utils.background_jobs.execute_job(event=None, is_async=True, job_name='frappe.core.doctype.scheduled_job_type.scheduled_job_type.run_scheduled_jo..., kwargs={'job_type': 'frappe.email.queue.flush', 'scheduled_job_type': '57fu68shpf'..., method='frappe.core.doctype.scheduled_job_type.scheduled_job_type.run_scheduled_jo..., site='erpnext.localhost', user='Administrator') (erpnext.localhost||scheduled_job||57fu68shpf)
2025-04-24 12:36:01,331 Successfully completed frappe.utils.background_jobs.execute_job(event=None, is_async=True, job_name='frappe.core.doctype.scheduled_job_type.scheduled_job_type.run_scheduled_jo..., kwargs={'job_type': 'frappe.email.queue.flush', 'scheduled_job_type': '57fu68shpf'..., method='frappe.core.doctype.scheduled_job_type.scheduled_job_type.run_scheduled_jo..., site='erpnext.localhost', user='Administrator') job in 0:00:00.181256s on worker 21d124db9f084b4f98fb2906c7f1d317
2025-04-24 12:36:01,331 home-fy-Documents-GitHub-erpnext-frappe-bench:default: Job OK (erpnext.localhost||scheduled_job||57fu68shpf)
2025-04-24 12:36:01,331 Result is kept for 600 seconds
2025-04-24 12:40:00,800 home-fy-Documents-GitHub-erpnext-frappe-bench:default: frappe.utils.background_jobs.execute_job(event=None, is_async=True, job_name='frappe.core.doctype.scheduled_job_type.scheduled_job_type.run_scheduled_jo..., kwargs={'job_type': 'frappe.monitor.flush', 'scheduled_job_type': '57fcr9524j'}, method='frappe.core.doctype.scheduled_job_type.scheduled_job_type.run_scheduled_jo..., site='erpnext.localhost', user='Administrator') (erpnext.localhost||scheduled_job||57fcr9524j)
2025-04-24 12:40:00,909 Successfully completed frappe.utils.background_jobs.execute_job(event=None, is_async=True, job_name='frappe.core.doctype.scheduled_job_type.scheduled_job_type.run_scheduled_jo..., kwargs={'job_type': 'frappe.monitor.flush', 'scheduled_job_type': '57fcr9524j'}, method='frappe.core.doctype.scheduled_job_type.scheduled_job_type.run_scheduled_jo..., site='erpnext.localhost', user='Administrator') job in 0:00:00.099774s on worker 21d124db9f084b4f98fb2906c7f1d317
2025-04-24 12:40:00,909 home-fy-Documents-GitHub-erpnext-frappe-bench:default: Job OK (erpnext.localhost||scheduled_job||57fcr9524j)
2025-04-24 12:40:00,909 Result is kept for 600 seconds
2025-04-24 12:40:00,913 Cleaning registries for queue: home-fy-Documents-GitHub-erpnext-frappe-bench:short
2025-04-24 12:40:00,914 Cleaning registries for queue: home-fy-Documents-GitHub-erpnext-frappe-bench:default
2025-04-24 12:40:00,915 Cleaning registries for queue: home-fy-Documents-GitHub-erpnext-frappe-bench:long
2025-04-24 12:40:00,917 home-fy-Documents-GitHub-erpnext-frappe-bench:default: frappe.utils.background_jobs.execute_job(event=None, is_async=True, job_name='frappe.core.doctype.scheduled_job_type.scheduled_job_type.run_scheduled_jo..., kwargs={'job_type': 'frappe.integrations.doctype.google_calendar.google_calendar.s..., method='frappe.core.doctype.scheduled_job_type.scheduled_job_type.run_scheduled_jo..., site='erpnext.localhost', user='Administrator') (erpnext.localhost||scheduled_job||57fp7enf9v)
2025-04-24 12:40:01,172 Successfully completed frappe.utils.background_jobs.execute_job(event=None, is_async=True, job_name='frappe.core.doctype.scheduled_job_type.scheduled_job_type.run_scheduled_jo..., kwargs={'job_type': 'frappe.integrations.doctype.google_calendar.google_calendar.s..., method='frappe.core.doctype.scheduled_job_type.scheduled_job_type.run_scheduled_jo..., site='erpnext.localhost', user='Administrator') job in 0:00:00.249746s on worker 21d124db9f084b4f98fb2906c7f1d317
2025-04-24 12:40:01,172 home-fy-Documents-GitHub-erpnext-frappe-bench:default: Job OK (erpnext.localhost||scheduled_job||57fp7enf9v)
2025-04-24 12:40:01,172 Result is kept for 600 seconds
2025-04-24 12:40:01,178 home-fy-Documents-GitHub-erpnext-frappe-bench:default: frappe.utils.background_jobs.execute_job(event=None, is_async=True, job_name='frappe.core.doctype.scheduled_job_type.scheduled_job_type.run_scheduled_jo..., kwargs={'job_type': 'frappe.email.doctype.email_account.email_account.pull', 'sche..., method='frappe.core.doctype.scheduled_job_type.scheduled_job_type.run_scheduled_jo..., site='erpnext.localhost', user='Administrator') (erpnext.localhost||scheduled_job||57fv1s5ve3)
2025-04-24 12:40:01,311 Successfully completed frappe.utils.background_jobs.execute_job(event=None, is_async=True, job_name='frappe.core.doctype.scheduled_job_type.scheduled_job_type.run_scheduled_jo..., kwargs={'job_type': 'frappe.email.doctype.email_account.email_account.pull', 'sche..., method='frappe.core.doctype.scheduled_job_type.scheduled_job_type.run_scheduled_jo..., site='erpnext.localhost', user='Administrator') job in 0:00:00.128156s on worker 21d124db9f084b4f98fb2906c7f1d317
2025-04-24 12:40:01,311 home-fy-Documents-GitHub-erpnext-frappe-bench:default: Job OK (erpnext.localhost||scheduled_job||57fv1s5ve3)
2025-04-24 12:40:01,311 Result is kept for 600 seconds
2025-04-24 12:40:01,316 home-fy-Documents-GitHub-erpnext-frappe-bench:default: frappe.utils.background_jobs.execute_job(event=None, is_async=True, job_name='frappe.core.doctype.scheduled_job_type.scheduled_job_type.run_scheduled_jo..., kwargs={'job_type': 'frappe.email.doctype.notification.notification.trigger_offset..., method='frappe.core.doctype.scheduled_job_type.scheduled_job_type.run_scheduled_jo..., site='erpnext.localhost', user='Administrator') (erpnext.localhost||scheduled_job||57fmqjdgf7)
2025-04-24 12:40:01,438 Successfully completed frappe.utils.background_jobs.execute_job(event=None, is_async=True, job_name='frappe.core.doctype.scheduled_job_type.scheduled_job_type.run_scheduled_jo..., kwargs={'job_type': 'frappe.email.doctype.notification.notification.trigger_offset..., method='frappe.core.doctype.scheduled_job_type.scheduled_job_type.run_scheduled_jo..., site='erpnext.localhost', user='Administrator') job in 0:00:00.116115s on worker 21d124db9f084b4f98fb2906c7f1d317
2025-04-24 12:40:01,438 home-fy-Documents-GitHub-erpnext-frappe-bench:default: Job OK (erpnext.localhost||scheduled_job||57fmqjdgf7)
2025-04-24 12:40:01,438 Result is kept for 600 seconds
2025-04-24 12:40:01,443 home-fy-Documents-GitHub-erpnext-frappe-bench:default: frappe.utils.background_jobs.execute_job(event=None, is_async=True, job_name='frappe.core.doctype.scheduled_job_type.scheduled_job_type.run_scheduled_jo..., kwargs={'job_type': 'frappe.email.queue.flush', 'scheduled_job_type': '57fu68shpf'..., method='frappe.core.doctype.scheduled_job_type.scheduled_job_type.run_scheduled_jo..., site='erpnext.localhost', user='Administrator') (erpnext.localhost||scheduled_job||57fu68shpf)
2025-04-24 12:40:01,630 Successfully completed frappe.utils.background_jobs.execute_job(event=None, is_async=True, job_name='frappe.core.doctype.scheduled_job_type.scheduled_job_type.run_scheduled_jo..., kwargs={'job_type': 'frappe.email.queue.flush', 'scheduled_job_type': '57fu68shpf'..., method='frappe.core.doctype.scheduled_job_type.scheduled_job_type.run_scheduled_jo..., site='erpnext.localhost', user='Administrator') job in 0:00:00.180866s on worker 21d124db9f084b4f98fb2906c7f1d317
2025-04-24 12:40:01,630 home-fy-Documents-GitHub-erpnext-frappe-bench:default: Job OK (erpnext.localhost||scheduled_job||57fu68shpf)
2025-04-24 12:40:01,630 Result is kept for 600 seconds
2025-04-24 12:44:00,957 home-fy-Documents-GitHub-erpnext-frappe-bench:default: frappe.utils.background_jobs.execute_job(event=None, is_async=True, job_name='frappe.core.doctype.scheduled_job_type.scheduled_job_type.run_scheduled_jo..., kwargs={'job_type': 'frappe.email.queue.flush', 'scheduled_job_type': '57fu68shpf'..., method='frappe.core.doctype.scheduled_job_type.scheduled_job_type.run_scheduled_jo..., site='erpnext.localhost', user='Administrator') (erpnext.localhost||scheduled_job||57fu68shpf)
2025-04-24 12:44:01,155 Successfully completed frappe.utils.background_jobs.execute_job(event=None, is_async=True, job_name='frappe.core.doctype.scheduled_job_type.scheduled_job_type.run_scheduled_jo..., kwargs={'job_type': 'frappe.email.queue.flush', 'scheduled_job_type': '57fu68shpf'..., method='frappe.core.doctype.scheduled_job_type.scheduled_job_type.run_scheduled_jo..., site='erpnext.localhost', user='Administrator') job in 0:00:00.190355s on worker 21d124db9f084b4f98fb2906c7f1d317
2025-04-24 12:44:01,155 home-fy-Documents-GitHub-erpnext-frappe-bench:default: Job OK (erpnext.localhost||scheduled_job||57fu68shpf)
2025-04-24 12:44:01,155 Result is kept for 600 seconds
2025-04-24 12:44:01,160 home-fy-Documents-GitHub-erpnext-frappe-bench:default: frappe.utils.background_jobs.execute_job(event=None, is_async=True, job_name='frappe.core.doctype.scheduled_job_type.scheduled_job_type.run_scheduled_jo..., kwargs={'job_type': 'frappe.integrations.doctype.google_calendar.google_calendar.s..., method='frappe.core.doctype.scheduled_job_type.scheduled_job_type.run_scheduled_jo..., site='erpnext.localhost', user='Administrator') (erpnext.localhost||scheduled_job||57fp7enf9v)
2025-04-24 12:44:01,426 Successfully completed frappe.utils.background_jobs.execute_job(event=None, is_async=True, job_name='frappe.core.doctype.scheduled_job_type.scheduled_job_type.run_scheduled_jo..., kwargs={'job_type': 'frappe.integrations.doctype.google_calendar.google_calendar.s..., method='frappe.core.doctype.scheduled_job_type.scheduled_job_type.run_scheduled_jo..., site='erpnext.localhost', user='Administrator') job in 0:00:00.260083s on worker 21d124db9f084b4f98fb2906c7f1d317
2025-04-24 12:44:01,426 home-fy-Documents-GitHub-erpnext-frappe-bench:default: Job OK (erpnext.localhost||scheduled_job||57fp7enf9v)
2025-04-24 12:44:01,426 Result is kept for 600 seconds
2025-04-24 12:44:01,431 home-fy-Documents-GitHub-erpnext-frappe-bench:default: frappe.utils.background_jobs.execute_job(event=None, is_async=True, job_name='frappe.core.doctype.scheduled_job_type.scheduled_job_type.run_scheduled_jo..., kwargs={'job_type': 'frappe.monitor.flush', 'scheduled_job_type': '57fcr9524j'}, method='frappe.core.doctype.scheduled_job_type.scheduled_job_type.run_scheduled_jo..., site='erpnext.localhost', user='Administrator') (erpnext.localhost||scheduled_job||57fcr9524j)
2025-04-24 12:44:01,543 Successfully completed frappe.utils.background_jobs.execute_job(event=None, is_async=True, job_name='frappe.core.doctype.scheduled_job_type.scheduled_job_type.run_scheduled_jo..., kwargs={'job_type': 'frappe.monitor.flush', 'scheduled_job_type': '57fcr9524j'}, method='frappe.core.doctype.scheduled_job_type.scheduled_job_type.run_scheduled_jo..., site='erpnext.localhost', user='Administrator') job in 0:00:00.105869s on worker 21d124db9f084b4f98fb2906c7f1d317
2025-04-24 12:44:01,543 home-fy-Documents-GitHub-erpnext-frappe-bench:default: Job OK (erpnext.localhost||scheduled_job||57fcr9524j)
2025-04-24 12:44:01,543 Result is kept for 600 seconds
2025-04-24 12:48:01,082 home-fy-Documents-GitHub-erpnext-frappe-bench:default: frappe.utils.background_jobs.execute_job(event=None, is_async=True, job_name='frappe.core.doctype.scheduled_job_type.scheduled_job_type.run_scheduled_jo..., kwargs={'job_type': 'frappe.twofactor.delete_all_barcodes_for_users', 'scheduled_j..., method='frappe.core.doctype.scheduled_job_type.scheduled_job_type.run_scheduled_jo..., site='erpnext.localhost', user='Administrator') (erpnext.localhost||scheduled_job||57f9udt3kh)
2025-04-24 12:48:01,222 Successfully completed frappe.utils.background_jobs.execute_job(event=None, is_async=True, job_name='frappe.core.doctype.scheduled_job_type.scheduled_job_type.run_scheduled_jo..., kwargs={'job_type': 'frappe.twofactor.delete_all_barcodes_for_users', 'scheduled_j..., method='frappe.core.doctype.scheduled_job_type.scheduled_job_type.run_scheduled_jo..., site='erpnext.localhost', user='Administrator') job in 0:00:00.131759s on worker 21d124db9f084b4f98fb2906c7f1d317
2025-04-24 12:48:01,223 home-fy-Documents-GitHub-erpnext-frappe-bench:default: Job OK (erpnext.localhost||scheduled_job||57f9udt3kh)
2025-04-24 12:48:01,223 Result is kept for 600 seconds
2025-04-24 12:48:01,227 home-fy-Documents-GitHub-erpnext-frappe-bench:default: frappe.utils.background_jobs.execute_job(event=None, is_async=True, job_name='frappe.core.doctype.scheduled_job_type.scheduled_job_type.run_scheduled_jo..., kwargs={'job_type': 'frappe.oauth.delete_oauth2_data', 'scheduled_job_type': '57fh..., method='frappe.core.doctype.scheduled_job_type.scheduled_job_type.run_scheduled_jo..., site='erpnext.localhost', user='Administrator') (erpnext.localhost||scheduled_job||57fh804btu)
2025-04-24 12:48:01,359 Successfully completed frappe.utils.background_jobs.execute_job(event=None, is_async=True, job_name='frappe.core.doctype.scheduled_job_type.scheduled_job_type.run_scheduled_jo..., kwargs={'job_type': 'frappe.oauth.delete_oauth2_data', 'scheduled_job_type': '57fh..., method='frappe.core.doctype.scheduled_job_type.scheduled_job_type.run_scheduled_jo..., site='erpnext.localhost', user='Administrator') job in 0:00:00.125959s on worker 21d124db9f084b4f98fb2906c7f1d317
2025-04-24 12:48:01,359 home-fy-Documents-GitHub-erpnext-frappe-bench:default: Job OK (erpnext.localhost||scheduled_job||57fh804btu)
2025-04-24 12:48:01,359 Result is kept for 600 seconds
2025-04-24 12:48:01,364 home-fy-Documents-GitHub-erpnext-frappe-bench:default: frappe.utils.background_jobs.execute_job(event=None, is_async=True, job_name='frappe.core.doctype.scheduled_job_type.scheduled_job_type.run_scheduled_jo..., kwargs={'job_type': 'frappe.utils.global_search.sync_global_search', 'scheduled_jo..., method='frappe.core.doctype.scheduled_job_type.scheduled_job_type.run_scheduled_jo..., site='erpnext.localhost', user='Administrator') (erpnext.localhost||scheduled_job||57f1qn3d5q)
2025-04-24 12:48:01,477 Successfully completed frappe.utils.background_jobs.execute_job(event=None, is_async=True, job_name='frappe.core.doctype.scheduled_job_type.scheduled_job_type.run_scheduled_jo..., kwargs={'job_type': 'frappe.utils.global_search.sync_global_search', 'scheduled_jo..., method='frappe.core.doctype.scheduled_job_type.scheduled_job_type.run_scheduled_jo..., site='erpnext.localhost', user='Administrator') job in 0:00:00.106450s on worker 21d124db9f084b4f98fb2906c7f1d317
2025-04-24 12:48:01,477 home-fy-Documents-GitHub-erpnext-frappe-bench:default: Job OK (erpnext.localhost||scheduled_job||57f1qn3d5q)
2025-04-24 12:48:01,477 Result is kept for 600 seconds
2025-04-24 12:48:01,484 home-fy-Documents-GitHub-erpnext-frappe-bench:default: frappe.utils.background_jobs.execute_job(event=None, is_async=True, job_name='frappe.core.doctype.scheduled_job_type.scheduled_job_type.run_scheduled_jo..., kwargs={'job_type': 'frappe.email.doctype.email_account.email_account.notify_unrep..., method='frappe.core.doctype.scheduled_job_type.scheduled_job_type.run_scheduled_jo..., site='erpnext.localhost', user='Administrator') (erpnext.localhost||scheduled_job||57frb6dct5)
2025-04-24 12:48:01,632 Successfully completed frappe.utils.background_jobs.execute_job(event=None, is_async=True, job_name='frappe.core.doctype.scheduled_job_type.scheduled_job_type.run_scheduled_jo..., kwargs={'job_type': 'frappe.email.doctype.email_account.email_account.notify_unrep..., method='frappe.core.doctype.scheduled_job_type.scheduled_job_type.run_scheduled_jo..., site='erpnext.localhost', user='Administrator') job in 0:00:00.141119s on worker 21d124db9f084b4f98fb2906c7f1d317
2025-04-24 12:48:01,632 home-fy-Documents-GitHub-erpnext-frappe-bench:default: Job OK (erpnext.localhost||scheduled_job||57frb6dct5)
2025-04-24 12:48:01,632 Result is kept for 600 seconds
2025-04-24 12:48:01,636 home-fy-Documents-GitHub-erpnext-frappe-bench:default: frappe.utils.background_jobs.execute_job(event=None, is_async=True, job_name='frappe.core.doctype.scheduled_job_type.scheduled_job_type.run_scheduled_jo..., kwargs={'job_type': 'frappe.monitor.flush', 'scheduled_job_type': '57fcr9524j'}, method='frappe.core.doctype.scheduled_job_type.scheduled_job_type.run_scheduled_jo..., site='erpnext.localhost', user='Administrator') (erpnext.localhost||scheduled_job||57fcr9524j)
2025-04-24 12:48:01,749 Successfully completed frappe.utils.background_jobs.execute_job(event=None, is_async=True, job_name='frappe.core.doctype.scheduled_job_type.scheduled_job_type.run_scheduled_jo..., kwargs={'job_type': 'frappe.monitor.flush', 'scheduled_job_type': '57fcr9524j'}, method='frappe.core.doctype.scheduled_job_type.scheduled_job_type.run_scheduled_jo..., site='erpnext.localhost', user='Administrator') job in 0:00:00.106482s on worker 21d124db9f084b4f98fb2906c7f1d317
2025-04-24 12:48:01,749 home-fy-Documents-GitHub-erpnext-frappe-bench:default: Job OK (erpnext.localhost||scheduled_job||57fcr9524j)
2025-04-24 12:48:01,749 Result is kept for 600 seconds
2025-04-24 12:48:01,753 home-fy-Documents-GitHub-erpnext-frappe-bench:default: frappe.utils.background_jobs.execute_job(event=None, is_async=True, job_name='frappe.core.doctype.scheduled_job_type.scheduled_job_type.run_scheduled_jo..., kwargs={'job_type': 'frappe.automation.doctype.reminder.reminder.send_reminders', ..., method='frappe.core.doctype.scheduled_job_type.scheduled_job_type.run_scheduled_jo..., site='erpnext.localhost', user='Administrator') (erpnext.localhost||scheduled_job||57fmah7t11)
2025-04-24 12:48:01,874 Successfully completed frappe.utils.background_jobs.execute_job(event=None, is_async=True, job_name='frappe.core.doctype.scheduled_job_type.scheduled_job_type.run_scheduled_jo..., kwargs={'job_type': 'frappe.automation.doctype.reminder.reminder.send_reminders', ..., method='frappe.core.doctype.scheduled_job_type.scheduled_job_type.run_scheduled_jo..., site='erpnext.localhost', user='Administrator') job in 0:00:00.115450s on worker 21d124db9f084b4f98fb2906c7f1d317
2025-04-24 12:48:01,874 home-fy-Documents-GitHub-erpnext-frappe-bench:default: Job OK (erpnext.localhost||scheduled_job||57fmah7t11)
2025-04-24 12:48:01,875 Result is kept for 600 seconds
2025-04-24 12:48:01,879 home-fy-Documents-GitHub-erpnext-frappe-bench:default: frappe.utils.background_jobs.execute_job(event=None, is_async=True, job_name='frappe.core.doctype.scheduled_job_type.scheduled_job_type.run_scheduled_jo..., kwargs={'job_type': 'frappe.email.queue.flush', 'scheduled_job_type': '57fu68shpf'..., method='frappe.core.doctype.scheduled_job_type.scheduled_job_type.run_scheduled_jo..., site='erpnext.localhost', user='Administrator') (erpnext.localhost||scheduled_job||57fu68shpf)
2025-04-24 12:48:02,072 Successfully completed frappe.utils.background_jobs.execute_job(event=None, is_async=True, job_name='frappe.core.doctype.scheduled_job_type.scheduled_job_type.run_scheduled_jo..., kwargs={'job_type': 'frappe.email.queue.flush', 'scheduled_job_type': '57fu68shpf'..., method='frappe.core.doctype.scheduled_job_type.scheduled_job_type.run_scheduled_jo..., site='erpnext.localhost', user='Administrator') job in 0:00:00.186320s on worker 21d124db9f084b4f98fb2906c7f1d317
2025-04-24 12:48:02,072 home-fy-Documents-GitHub-erpnext-frappe-bench:default: Job OK (erpnext.localhost||scheduled_job||57fu68shpf)
2025-04-24 12:48:02,072 Result is kept for 600 seconds
2025-04-24 12:48:02,077 home-fy-Documents-GitHub-erpnext-frappe-bench:default: frappe.utils.background_jobs.execute_job(event=None, is_async=True, job_name='frappe.core.doctype.scheduled_job_type.scheduled_job_type.run_scheduled_jo..., kwargs={'job_type': 'frappe.deferred_insert.save_to_db', 'scheduled_job_type': '57..., method='frappe.core.doctype.scheduled_job_type.scheduled_job_type.run_scheduled_jo..., site='erpnext.localhost', user='Administrator') (erpnext.localhost||scheduled_job||57faianiv7)
2025-04-24 12:48:02,188 Successfully completed frappe.utils.background_jobs.execute_job(event=None, is_async=True, job_name='frappe.core.doctype.scheduled_job_type.scheduled_job_type.run_scheduled_jo..., kwargs={'job_type': 'frappe.deferred_insert.save_to_db', 'scheduled_job_type': '57..., method='frappe.core.doctype.scheduled_job_type.scheduled_job_type.run_scheduled_jo..., site='erpnext.localhost', user='Administrator') job in 0:00:00.104319s on worker 21d124db9f084b4f98fb2906c7f1d317
2025-04-24 12:48:02,188 home-fy-Documents-GitHub-erpnext-frappe-bench:default: Job OK (erpnext.localhost||scheduled_job||57faianiv7)
2025-04-24 12:48:02,188 Result is kept for 600 seconds
2025-04-24 12:48:02,193 home-fy-Documents-GitHub-erpnext-frappe-bench:default: frappe.utils.background_jobs.execute_job(event=None, is_async=True, job_name='frappe.core.doctype.scheduled_job_type.scheduled_job_type.run_scheduled_jo..., kwargs={'job_type': 'frappe.integrations.doctype.google_calendar.google_calendar.s..., method='frappe.core.doctype.scheduled_job_type.scheduled_job_type.run_scheduled_jo..., site='erpnext.localhost', user='Administrator') (erpnext.localhost||scheduled_job||57fp7enf9v)
2025-04-24 12:48:02,453 Successfully completed frappe.utils.background_jobs.execute_job(event=None, is_async=True, job_name='frappe.core.doctype.scheduled_job_type.scheduled_job_type.run_scheduled_jo..., kwargs={'job_type': 'frappe.integrations.doctype.google_calendar.google_calendar.s..., method='frappe.core.doctype.scheduled_job_type.scheduled_job_type.run_scheduled_jo..., site='erpnext.localhost', user='Administrator') job in 0:00:00.253745s on worker 21d124db9f084b4f98fb2906c7f1d317
2025-04-24 12:48:02,453 home-fy-Documents-GitHub-erpnext-frappe-bench:default: Job OK (erpnext.localhost||scheduled_job||57fp7enf9v)
2025-04-24 12:48:02,453 Result is kept for 600 seconds
2025-04-24 12:48:02,459 home-fy-Documents-GitHub-erpnext-frappe-bench:default: frappe.utils.background_jobs.execute_job(event=None, is_async=True, job_name='frappe.core.doctype.scheduled_job_type.scheduled_job_type.run_scheduled_jo..., kwargs={'job_type': 'erpnext.manufacturing.doctype.bom_update_log.bom_update_log.r..., method='frappe.core.doctype.scheduled_job_type.scheduled_job_type.run_scheduled_jo..., site='erpnext.localhost', user='Administrator') (erpnext.localhost||scheduled_job||89h36b9fje)
2025-04-24 12:48:02,586 Successfully completed frappe.utils.background_jobs.execute_job(event=None, is_async=True, job_name='frappe.core.doctype.scheduled_job_type.scheduled_job_type.run_scheduled_jo..., kwargs={'job_type': 'erpnext.manufacturing.doctype.bom_update_log.bom_update_log.r..., method='frappe.core.doctype.scheduled_job_type.scheduled_job_type.run_scheduled_jo..., site='erpnext.localhost', user='Administrator') job in 0:00:00.119794s on worker 21d124db9f084b4f98fb2906c7f1d317
2025-04-24 12:48:02,586 home-fy-Documents-GitHub-erpnext-frappe-bench:default: Job OK (erpnext.localhost||scheduled_job||89h36b9fje)
2025-04-24 12:48:02,586 Result is kept for 600 seconds
2025-04-24 12:48:02,591 home-fy-Documents-GitHub-erpnext-frappe-bench:default: frappe.utils.background_jobs.execute_job(event=None, is_async=True, job_name='frappe.core.doctype.scheduled_job_type.scheduled_job_type.run_scheduled_jo..., kwargs={'job_type': 'frappe.website.doctype.web_page.web_page.check_publish_status..., method='frappe.core.doctype.scheduled_job_type.scheduled_job_type.run_scheduled_jo..., site='erpnext.localhost', user='Administrator') (erpnext.localhost||scheduled_job||57fgj7ebgg)
2025-04-24 12:48:02,754 Successfully completed frappe.utils.background_jobs.execute_job(event=None, is_async=True, job_name='frappe.core.doctype.scheduled_job_type.scheduled_job_type.run_scheduled_jo..., kwargs={'job_type': 'frappe.website.doctype.web_page.web_page.check_publish_status..., method='frappe.core.doctype.scheduled_job_type.scheduled_job_type.run_scheduled_jo..., site='erpnext.localhost', user='Administrator') job in 0:00:00.156425s on worker 21d124db9f084b4f98fb2906c7f1d317
2025-04-24 12:48:02,754 home-fy-Documents-GitHub-erpnext-frappe-bench:default: Job OK (erpnext.localhost||scheduled_job||57fgj7ebgg)
2025-04-24 12:48:02,754 Result is kept for 600 seconds
2025-04-24 12:48:02,759 home-fy-Documents-GitHub-erpnext-frappe-bench:default: frappe.utils.background_jobs.execute_job(event=None, is_async=True, job_name='frappe.core.doctype.scheduled_job_type.scheduled_job_type.run_scheduled_jo..., kwargs={'job_type': 'frappe.email.doctype.notification.notification.trigger_offset..., method='frappe.core.doctype.scheduled_job_type.scheduled_job_type.run_scheduled_jo..., site='erpnext.localhost', user='Administrator') (erpnext.localhost||scheduled_job||57fmqjdgf7)
2025-04-24 12:48:02,877 Successfully completed frappe.utils.background_jobs.execute_job(event=None, is_async=True, job_name='frappe.core.doctype.scheduled_job_type.scheduled_job_type.run_scheduled_jo..., kwargs={'job_type': 'frappe.email.doctype.notification.notification.trigger_offset..., method='frappe.core.doctype.scheduled_job_type.scheduled_job_type.run_scheduled_jo..., site='erpnext.localhost', user='Administrator') job in 0:00:00.112902s on worker 21d124db9f084b4f98fb2906c7f1d317
2025-04-24 12:48:02,878 home-fy-Documents-GitHub-erpnext-frappe-bench:default: Job OK (erpnext.localhost||scheduled_job||57fmqjdgf7)
2025-04-24 12:48:02,878 Result is kept for 600 seconds
2025-04-24 12:52:00,257 home-fy-Documents-GitHub-erpnext-frappe-bench:default: frappe.utils.background_jobs.execute_job(event=None, is_async=True, job_name='frappe.core.doctype.scheduled_job_type.scheduled_job_type.run_scheduled_jo..., kwargs={'job_type': 'frappe.email.queue.flush', 'scheduled_job_type': '57fu68shpf'..., method='frappe.core.doctype.scheduled_job_type.scheduled_job_type.run_scheduled_jo..., site='erpnext.localhost', user='Administrator') (erpnext.localhost||scheduled_job||57fu68shpf)
2025-04-24 12:52:00,441 Successfully completed frappe.utils.background_jobs.execute_job(event=None, is_async=True, job_name='frappe.core.doctype.scheduled_job_type.scheduled_job_type.run_scheduled_jo..., kwargs={'job_type': 'frappe.email.queue.flush', 'scheduled_job_type': '57fu68shpf'..., method='frappe.core.doctype.scheduled_job_type.scheduled_job_type.run_scheduled_jo..., site='erpnext.localhost', user='Administrator') job in 0:00:00.174583s on worker 21d124db9f084b4f98fb2906c7f1d317
2025-04-24 12:52:00,441 home-fy-Documents-GitHub-erpnext-frappe-bench:default: Job OK (erpnext.localhost||scheduled_job||57fu68shpf)
2025-04-24 12:52:00,441 Result is kept for 600 seconds
2025-04-24 12:52:00,446 Cleaning registries for queue: home-fy-Documents-GitHub-erpnext-frappe-bench:short
2025-04-24 12:52:00,447 Cleaning registries for queue: home-fy-Documents-GitHub-erpnext-frappe-bench:default
2025-04-24 12:52:00,448 Cleaning registries for queue: home-fy-Documents-GitHub-erpnext-frappe-bench:long
2025-04-24 12:52:00,449 home-fy-Documents-GitHub-erpnext-frappe-bench:default: frappe.utils.background_jobs.execute_job(event=None, is_async=True, job_name='frappe.core.doctype.scheduled_job_type.scheduled_job_type.run_scheduled_jo..., kwargs={'job_type': 'frappe.email.doctype.notification.notification.trigger_offset..., method='frappe.core.doctype.scheduled_job_type.scheduled_job_type.run_scheduled_jo..., site='erpnext.localhost', user='Administrator') (erpnext.localhost||scheduled_job||57fmqjdgf7)
2025-04-24 12:52:00,565 Successfully completed frappe.utils.background_jobs.execute_job(event=None, is_async=True, job_name='frappe.core.doctype.scheduled_job_type.scheduled_job_type.run_scheduled_jo..., kwargs={'job_type': 'frappe.email.doctype.notification.notification.trigger_offset..., method='frappe.core.doctype.scheduled_job_type.scheduled_job_type.run_scheduled_jo..., site='erpnext.localhost', user='Administrator') job in 0:00:00.110091s on worker 21d124db9f084b4f98fb2906c7f1d317
2025-04-24 12:52:00,565 home-fy-Documents-GitHub-erpnext-frappe-bench:default: Job OK (erpnext.localhost||scheduled_job||57fmqjdgf7)
2025-04-24 12:52:00,565 Result is kept for 600 seconds
2025-04-24 12:52:00,570 home-fy-Documents-GitHub-erpnext-frappe-bench:default: frappe.utils.background_jobs.execute_job(event=None, is_async=True, job_name='frappe.core.doctype.scheduled_job_type.scheduled_job_type.run_scheduled_jo..., kwargs={'job_type': 'frappe.monitor.flush', 'scheduled_job_type': '57fcr9524j'}, method='frappe.core.doctype.scheduled_job_type.scheduled_job_type.run_scheduled_jo..., site='erpnext.localhost', user='Administrator') (erpnext.localhost||scheduled_job||57fcr9524j)
2025-04-24 12:52:00,687 Successfully completed frappe.utils.background_jobs.execute_job(event=None, is_async=True, job_name='frappe.core.doctype.scheduled_job_type.scheduled_job_type.run_scheduled_jo..., kwargs={'job_type': 'frappe.monitor.flush', 'scheduled_job_type': '57fcr9524j'}, method='frappe.core.doctype.scheduled_job_type.scheduled_job_type.run_scheduled_jo..., site='erpnext.localhost', user='Administrator') job in 0:00:00.111535s on worker 21d124db9f084b4f98fb2906c7f1d317
2025-04-24 12:52:00,687 home-fy-Documents-GitHub-erpnext-frappe-bench:default: Job OK (erpnext.localhost||scheduled_job||57fcr9524j)
2025-04-24 12:52:00,687 Result is kept for 600 seconds
2025-04-24 12:52:00,692 home-fy-Documents-GitHub-erpnext-frappe-bench:default: frappe.utils.background_jobs.execute_job(event=None, is_async=True, job_name='frappe.core.doctype.scheduled_job_type.scheduled_job_type.run_scheduled_jo..., kwargs={'job_type': 'frappe.email.doctype.email_account.email_account.pull', 'sche..., method='frappe.core.doctype.scheduled_job_type.scheduled_job_type.run_scheduled_jo..., site='erpnext.localhost', user='Administrator') (erpnext.localhost||scheduled_job||57fv1s5ve3)
2025-04-24 12:52:00,824 Successfully completed frappe.utils.background_jobs.execute_job(event=None, is_async=True, job_name='frappe.core.doctype.scheduled_job_type.scheduled_job_type.run_scheduled_jo..., kwargs={'job_type': 'frappe.email.doctype.email_account.email_account.pull', 'sche..., method='frappe.core.doctype.scheduled_job_type.scheduled_job_type.run_scheduled_jo..., site='erpnext.localhost', user='Administrator') job in 0:00:00.126563s on worker 21d124db9f084b4f98fb2906c7f1d317
2025-04-24 12:52:00,824 home-fy-Documents-GitHub-erpnext-frappe-bench:default: Job OK (erpnext.localhost||scheduled_job||57fv1s5ve3)
2025-04-24 12:52:00,824 Result is kept for 600 seconds
2025-04-24 12:52:00,829 home-fy-Documents-GitHub-erpnext-frappe-bench:default: frappe.utils.background_jobs.execute_job(event=None, is_async=True, job_name='frappe.core.doctype.scheduled_job_type.scheduled_job_type.run_scheduled_jo..., kwargs={'job_type': 'frappe.integrations.doctype.google_calendar.google_calendar.s..., method='frappe.core.doctype.scheduled_job_type.scheduled_job_type.run_scheduled_jo..., site='erpnext.localhost', user='Administrator') (erpnext.localhost||scheduled_job||57fp7enf9v)
2025-04-24 12:52:01,095 Successfully completed frappe.utils.background_jobs.execute_job(event=None, is_async=True, job_name='frappe.core.doctype.scheduled_job_type.scheduled_job_type.run_scheduled_jo..., kwargs={'job_type': 'frappe.integrations.doctype.google_calendar.google_calendar.s..., method='frappe.core.doctype.scheduled_job_type.scheduled_job_type.run_scheduled_jo..., site='erpnext.localhost', user='Administrator') job in 0:00:00.258310s on worker 21d124db9f084b4f98fb2906c7f1d317
2025-04-24 12:52:01,096 home-fy-Documents-GitHub-erpnext-frappe-bench:default: Job OK (erpnext.localhost||scheduled_job||57fp7enf9v)
2025-04-24 12:52:01,096 Result is kept for 600 seconds
2025-04-24 12:56:00,408 home-fy-Documents-GitHub-erpnext-frappe-bench:default: frappe.utils.background_jobs.execute_job(event=None, is_async=True, job_name='frappe.core.doctype.scheduled_job_type.scheduled_job_type.run_scheduled_jo..., kwargs={'job_type': 'frappe.email.doctype.notification.notification.trigger_offset..., method='frappe.core.doctype.scheduled_job_type.scheduled_job_type.run_scheduled_jo..., site='erpnext.localhost', user='Administrator') (erpnext.localhost||scheduled_job||57fmqjdgf7)
2025-04-24 12:56:00,529 Successfully completed frappe.utils.background_jobs.execute_job(event=None, is_async=True, job_name='frappe.core.doctype.scheduled_job_type.scheduled_job_type.run_scheduled_jo..., kwargs={'job_type': 'frappe.email.doctype.notification.notification.trigger_offset..., method='frappe.core.doctype.scheduled_job_type.scheduled_job_type.run_scheduled_jo..., site='erpnext.localhost', user='Administrator') job in 0:00:00.110772s on worker 21d124db9f084b4f98fb2906c7f1d317
2025-04-24 12:56:00,529 home-fy-Documents-GitHub-erpnext-frappe-bench:default: Job OK (erpnext.localhost||scheduled_job||57fmqjdgf7)
2025-04-24 12:56:00,529 Result is kept for 600 seconds
2025-04-24 12:56:00,534 home-fy-Documents-GitHub-erpnext-frappe-bench:default: frappe.utils.background_jobs.execute_job(event=None, is_async=True, job_name='frappe.core.doctype.scheduled_job_type.scheduled_job_type.run_scheduled_jo..., kwargs={'job_type': 'frappe.integrations.doctype.google_calendar.google_calendar.s..., method='frappe.core.doctype.scheduled_job_type.scheduled_job_type.run_scheduled_jo..., site='erpnext.localhost', user='Administrator') (erpnext.localhost||scheduled_job||57fp7enf9v)
2025-04-24 12:56:00,801 Successfully completed frappe.utils.background_jobs.execute_job(event=None, is_async=True, job_name='frappe.core.doctype.scheduled_job_type.scheduled_job_type.run_scheduled_jo..., kwargs={'job_type': 'frappe.integrations.doctype.google_calendar.google_calendar.s..., method='frappe.core.doctype.scheduled_job_type.scheduled_job_type.run_scheduled_jo..., site='erpnext.localhost', user='Administrator') job in 0:00:00.261655s on worker 21d124db9f084b4f98fb2906c7f1d317
2025-04-24 12:56:00,801 home-fy-Documents-GitHub-erpnext-frappe-bench:default: Job OK (erpnext.localhost||scheduled_job||57fp7enf9v)
2025-04-24 12:56:00,801 Result is kept for 600 seconds
2025-04-24 12:56:00,807 home-fy-Documents-GitHub-erpnext-frappe-bench:default: frappe.utils.background_jobs.execute_job(event=None, is_async=True, job_name='frappe.core.doctype.scheduled_job_type.scheduled_job_type.run_scheduled_jo..., kwargs={'job_type': 'frappe.email.queue.flush', 'scheduled_job_type': '57fu68shpf'..., method='frappe.core.doctype.scheduled_job_type.scheduled_job_type.run_scheduled_jo..., site='erpnext.localhost', user='Administrator') (erpnext.localhost||scheduled_job||57fu68shpf)
2025-04-24 12:56:01,028 Successfully completed frappe.utils.background_jobs.execute_job(event=None, is_async=True, job_name='frappe.core.doctype.scheduled_job_type.scheduled_job_type.run_scheduled_jo..., kwargs={'job_type': 'frappe.email.queue.flush', 'scheduled_job_type': '57fu68shpf'..., method='frappe.core.doctype.scheduled_job_type.scheduled_job_type.run_scheduled_jo..., site='erpnext.localhost', user='Administrator') job in 0:00:00.215197s on worker 21d124db9f084b4f98fb2906c7f1d317
2025-04-24 12:56:01,028 home-fy-Documents-GitHub-erpnext-frappe-bench:default: Job OK (erpnext.localhost||scheduled_job||57fu68shpf)
2025-04-24 12:56:01,028 Result is kept for 600 seconds
2025-04-24 12:56:01,034 home-fy-Documents-GitHub-erpnext-frappe-bench:default: frappe.utils.background_jobs.execute_job(event=None, is_async=True, job_name='frappe.core.doctype.scheduled_job_type.scheduled_job_type.run_scheduled_jo..., kwargs={'job_type': 'frappe.monitor.flush', 'scheduled_job_type': '57fcr9524j'}, method='frappe.core.doctype.scheduled_job_type.scheduled_job_type.run_scheduled_jo..., site='erpnext.localhost', user='Administrator') (erpnext.localhost||scheduled_job||57fcr9524j)
2025-04-24 12:56:01,153 Successfully completed frappe.utils.background_jobs.execute_job(event=None, is_async=True, job_name='frappe.core.doctype.scheduled_job_type.scheduled_job_type.run_scheduled_jo..., kwargs={'job_type': 'frappe.monitor.flush', 'scheduled_job_type': '57fcr9524j'}, method='frappe.core.doctype.scheduled_job_type.scheduled_job_type.run_scheduled_jo..., site='erpnext.localhost', user='Administrator') job in 0:00:00.111502s on worker 21d124db9f084b4f98fb2906c7f1d317
2025-04-24 12:56:01,153 home-fy-Documents-GitHub-erpnext-frappe-bench:default: Job OK (erpnext.localhost||scheduled_job||57fcr9524j)
2025-04-24 12:56:01,154 Result is kept for 600 seconds
2025-04-24 13:00:00,548 home-fy-Documents-GitHub-erpnext-frappe-bench:default: frappe.utils.background_jobs.execute_job(event=None, is_async=True, job_name='frappe.core.doctype.scheduled_job_type.scheduled_job_type.run_scheduled_jo..., kwargs={'job_type': 'erpnext.projects.doctype.project.project.project_status_updat..., method='frappe.core.doctype.scheduled_job_type.scheduled_job_type.run_scheduled_jo..., site='erpnext.localhost', user='Administrator') (erpnext.localhost||scheduled_job||89i4q6i7rg)
2025-04-24 13:00:00,709 Successfully completed frappe.utils.background_jobs.execute_job(event=None, is_async=True, job_name='frappe.core.doctype.scheduled_job_type.scheduled_job_type.run_scheduled_jo..., kwargs={'job_type': 'erpnext.projects.doctype.project.project.project_status_updat..., method='frappe.core.doctype.scheduled_job_type.scheduled_job_type.run_scheduled_jo..., site='erpnext.localhost', user='Administrator') job in 0:00:00.154197s on worker 21d124db9f084b4f98fb2906c7f1d317
2025-04-24 13:00:00,709 home-fy-Documents-GitHub-erpnext-frappe-bench:default: Job OK (erpnext.localhost||scheduled_job||89i4q6i7rg)
2025-04-24 13:00:00,709 Result is kept for 600 seconds
2025-04-24 13:00:00,714 home-fy-Documents-GitHub-erpnext-frappe-bench:default: frappe.utils.background_jobs.execute_job(event=None, is_async=True, job_name='frappe.core.doctype.scheduled_job_type.scheduled_job_type.run_scheduled_jo..., kwargs={'job_type': 'erpnext.projects.doctype.project.project.collect_project_stat..., method='frappe.core.doctype.scheduled_job_type.scheduled_job_type.run_scheduled_jo..., site='erpnext.localhost', user='Administrator') (erpnext.localhost||scheduled_job||89icse71ar)
2025-04-24 13:00:00,858 Successfully completed frappe.utils.background_jobs.execute_job(event=None, is_async=True, job_name='frappe.core.doctype.scheduled_job_type.scheduled_job_type.run_scheduled_jo..., kwargs={'job_type': 'erpnext.projects.doctype.project.project.collect_project_stat..., method='frappe.core.doctype.scheduled_job_type.scheduled_job_type.run_scheduled_jo..., site='erpnext.localhost', user='Administrator') job in 0:00:00.138626s on worker 21d124db9f084b4f98fb2906c7f1d317
2025-04-24 13:00:00,858 home-fy-Documents-GitHub-erpnext-frappe-bench:default: Job OK (erpnext.localhost||scheduled_job||89icse71ar)
2025-04-24 13:00:00,858 Result is kept for 600 seconds
2025-04-24 13:00:00,863 home-fy-Documents-GitHub-erpnext-frappe-bench:default: frappe.utils.background_jobs.execute_job(event=None, is_async=True, job_name='frappe.core.doctype.scheduled_job_type.scheduled_job_type.run_scheduled_jo..., kwargs={'job_type': 'frappe.oauth.delete_oauth2_data', 'scheduled_job_type': '57fh..., method='frappe.core.doctype.scheduled_job_type.scheduled_job_type.run_scheduled_jo..., site='erpnext.localhost', user='Administrator') (erpnext.localhost||scheduled_job||57fh804btu)
2025-04-24 13:00:00,995 Successfully completed frappe.utils.background_jobs.execute_job(event=None, is_async=True, job_name='frappe.core.doctype.scheduled_job_type.scheduled_job_type.run_scheduled_jo..., kwargs={'job_type': 'frappe.oauth.delete_oauth2_data', 'scheduled_job_type': '57fh..., method='frappe.core.doctype.scheduled_job_type.scheduled_job_type.run_scheduled_jo..., site='erpnext.localhost', user='Administrator') job in 0:00:00.126605s on worker 21d124db9f084b4f98fb2906c7f1d317
2025-04-24 13:00:00,995 home-fy-Documents-GitHub-erpnext-frappe-bench:default: Job OK (erpnext.localhost||scheduled_job||57fh804btu)
2025-04-24 13:00:00,995 Result is kept for 600 seconds
2025-04-24 13:00:01,001 home-fy-Documents-GitHub-erpnext-frappe-bench:default: frappe.utils.background_jobs.execute_job(event=None, is_async=True, job_name='frappe.core.doctype.scheduled_job_type.scheduled_job_type.run_scheduled_jo..., kwargs={'job_type': 'erpnext.utilities.doctype.video.video.update_youtube_data', '..., method='frappe.core.doctype.scheduled_job_type.scheduled_job_type.run_scheduled_jo..., site='erpnext.localhost', user='Administrator') (erpnext.localhost||scheduled_job||89iu8e1d0s)
2025-04-24 13:00:01,305 Successfully completed frappe.utils.background_jobs.execute_job(event=None, is_async=True, job_name='frappe.core.doctype.scheduled_job_type.scheduled_job_type.run_scheduled_jo..., kwargs={'job_type': 'erpnext.utilities.doctype.video.video.update_youtube_data', '..., method='frappe.core.doctype.scheduled_job_type.scheduled_job_type.run_scheduled_jo..., site='erpnext.localhost', user='Administrator') job in 0:00:00.298922s on worker 21d124db9f084b4f98fb2906c7f1d317
2025-04-24 13:00:01,305 home-fy-Documents-GitHub-erpnext-frappe-bench:default: Job OK (erpnext.localhost||scheduled_job||89iu8e1d0s)
2025-04-24 13:00:01,305 Result is kept for 600 seconds
2025-04-24 13:00:01,311 home-fy-Documents-GitHub-erpnext-frappe-bench:default: frappe.utils.background_jobs.execute_job(event=None, is_async=True, job_name='frappe.core.doctype.scheduled_job_type.scheduled_job_type.run_scheduled_jo..., kwargs={'job_type': 'erpnext.erpnext_integrations.doctype.plaid_settings.plaid_set..., method='frappe.core.doctype.scheduled_job_type.scheduled_job_type.run_scheduled_jo..., site='erpnext.localhost', user='Administrator') (erpnext.localhost||scheduled_job||89i1mb4413)
2025-04-24 13:00:01,442 Successfully completed frappe.utils.background_jobs.execute_job(event=None, is_async=True, job_name='frappe.core.doctype.scheduled_job_type.scheduled_job_type.run_scheduled_jo..., kwargs={'job_type': 'erpnext.erpnext_integrations.doctype.plaid_settings.plaid_set..., method='frappe.core.doctype.scheduled_job_type.scheduled_job_type.run_scheduled_jo..., site='erpnext.localhost', user='Administrator') job in 0:00:00.125631s on worker 21d124db9f084b4f98fb2906c7f1d317
2025-04-24 13:00:01,442 home-fy-Documents-GitHub-erpnext-frappe-bench:default: Job OK (erpnext.localhost||scheduled_job||89i1mb4413)
2025-04-24 13:00:01,442 Result is kept for 600 seconds
2025-04-24 13:00:01,447 home-fy-Documents-GitHub-erpnext-frappe-bench:default: frappe.utils.background_jobs.execute_job(event=None, is_async=True, job_name='frappe.core.doctype.scheduled_job_type.scheduled_job_type.run_scheduled_jo..., kwargs={'job_type': 'frappe.model.utils.user_settings.sync_user_settings', 'schedu..., method='frappe.core.doctype.scheduled_job_type.scheduled_job_type.run_scheduled_jo..., site='erpnext.localhost', user='Administrator') (erpnext.localhost||scheduled_job||57fpat692s)
2025-04-24 13:00:01,576 Successfully completed frappe.utils.background_jobs.execute_job(event=None, is_async=True, job_name='frappe.core.doctype.scheduled_job_type.scheduled_job_type.run_scheduled_jo..., kwargs={'job_type': 'frappe.model.utils.user_settings.sync_user_settings', 'schedu..., method='frappe.core.doctype.scheduled_job_type.scheduled_job_type.run_scheduled_jo..., site='erpnext.localhost', user='Administrator') job in 0:00:00.122647s on worker 21d124db9f084b4f98fb2906c7f1d317
2025-04-24 13:00:01,576 home-fy-Documents-GitHub-erpnext-frappe-bench:default: Job OK (erpnext.localhost||scheduled_job||57fpat692s)
2025-04-24 13:00:01,576 Result is kept for 600 seconds
2025-04-24 13:00:01,580 home-fy-Documents-GitHub-erpnext-frappe-bench:default: frappe.utils.background_jobs.execute_job(event=None, is_async=True, job_name='frappe.core.doctype.scheduled_job_type.scheduled_job_type.run_scheduled_jo..., kwargs={'job_type': 'erpnext.projects.doctype.project.project.hourly_reminder', 's..., method='frappe.core.doctype.scheduled_job_type.scheduled_job_type.run_scheduled_jo..., site='erpnext.localhost', user='Administrator') (erpnext.localhost||scheduled_job||89i2c3pn5b)
2025-04-24 13:00:01,725 Successfully completed frappe.utils.background_jobs.execute_job(event=None, is_async=True, job_name='frappe.core.doctype.scheduled_job_type.scheduled_job_type.run_scheduled_jo..., kwargs={'job_type': 'erpnext.projects.doctype.project.project.hourly_reminder', 's..., method='frappe.core.doctype.scheduled_job_type.scheduled_job_type.run_scheduled_jo..., site='erpnext.localhost', user='Administrator') job in 0:00:00.139052s on worker 21d124db9f084b4f98fb2906c7f1d317
2025-04-24 13:00:01,725 home-fy-Documents-GitHub-erpnext-frappe-bench:default: Job OK (erpnext.localhost||scheduled_job||89i2c3pn5b)
2025-04-24 13:00:01,725 Result is kept for 600 seconds
2025-04-24 13:00:01,731 home-fy-Documents-GitHub-erpnext-frappe-bench:default: frappe.utils.background_jobs.execute_job(event=None, is_async=True, job_name='frappe.core.doctype.scheduled_job_type.scheduled_job_type.run_scheduled_jo..., kwargs={'job_type': 'frappe.email.queue.flush', 'scheduled_job_type': '57fu68shpf'..., method='frappe.core.doctype.scheduled_job_type.scheduled_job_type.run_scheduled_jo..., site='erpnext.localhost', user='Administrator') (erpnext.localhost||scheduled_job||57fu68shpf)
2025-04-24 13:00:01,917 Successfully completed frappe.utils.background_jobs.execute_job(event=None, is_async=True, job_name='frappe.core.doctype.scheduled_job_type.scheduled_job_type.run_scheduled_jo..., kwargs={'job_type': 'frappe.email.queue.flush', 'scheduled_job_type': '57fu68shpf'..., method='frappe.core.doctype.scheduled_job_type.scheduled_job_type.run_scheduled_jo..., site='erpnext.localhost', user='Administrator') job in 0:00:00.180517s on worker 21d124db9f084b4f98fb2906c7f1d317
2025-04-24 13:00:01,917 home-fy-Documents-GitHub-erpnext-frappe-bench:default: Job OK (erpnext.localhost||scheduled_job||57fu68shpf)
2025-04-24 13:00:01,917 Result is kept for 600 seconds
2025-04-24 13:00:01,922 home-fy-Documents-GitHub-erpnext-frappe-bench:default: frappe.utils.background_jobs.execute_job(event=None, is_async=True, job_name='frappe.core.doctype.scheduled_job_type.scheduled_job_type.run_scheduled_jo..., kwargs={'job_type': 'frappe.email.doctype.notification.notification.trigger_offset..., method='frappe.core.doctype.scheduled_job_type.scheduled_job_type.run_scheduled_jo..., site='erpnext.localhost', user='Administrator') (erpnext.localhost||scheduled_job||57fmqjdgf7)
2025-04-24 13:00:02,041 Successfully completed frappe.utils.background_jobs.execute_job(event=None, is_async=True, job_name='frappe.core.doctype.scheduled_job_type.scheduled_job_type.run_scheduled_jo..., kwargs={'job_type': 'frappe.email.doctype.notification.notification.trigger_offset..., method='frappe.core.doctype.scheduled_job_type.scheduled_job_type.run_scheduled_jo..., site='erpnext.localhost', user='Administrator') job in 0:00:00.112959s on worker 21d124db9f084b4f98fb2906c7f1d317
2025-04-24 13:00:02,041 home-fy-Documents-GitHub-erpnext-frappe-bench:default: Job OK (erpnext.localhost||scheduled_job||57fmqjdgf7)
2025-04-24 13:00:02,041 Result is kept for 600 seconds
2025-04-24 13:00:02,046 home-fy-Documents-GitHub-erpnext-frappe-bench:default: frappe.utils.background_jobs.execute_job(event=None, is_async=True, job_name='frappe.core.doctype.scheduled_job_type.scheduled_job_type.run_scheduled_jo..., kwargs={'job_type': 'frappe.website.doctype.web_page.web_page.check_publish_status..., method='frappe.core.doctype.scheduled_job_type.scheduled_job_type.run_scheduled_jo..., site='erpnext.localhost', user='Administrator') (erpnext.localhost||scheduled_job||57fgj7ebgg)
2025-04-24 13:00:02,222 Successfully completed frappe.utils.background_jobs.execute_job(event=None, is_async=True, job_name='frappe.core.doctype.scheduled_job_type.scheduled_job_type.run_scheduled_jo..., kwargs={'job_type': 'frappe.website.doctype.web_page.web_page.check_publish_status..., method='frappe.core.doctype.scheduled_job_type.scheduled_job_type.run_scheduled_jo..., site='erpnext.localhost', user='Administrator') job in 0:00:00.169755s on worker 21d124db9f084b4f98fb2906c7f1d317
2025-04-24 13:00:02,222 home-fy-Documents-GitHub-erpnext-frappe-bench:default: Job OK (erpnext.localhost||scheduled_job||57fgj7ebgg)
2025-04-24 13:00:02,222 Result is kept for 600 seconds
2025-04-24 13:00:02,227 home-fy-Documents-GitHub-erpnext-frappe-bench:default: frappe.utils.background_jobs.execute_job(event=None, is_async=True, job_name='frappe.core.doctype.scheduled_job_type.scheduled_job_type.run_scheduled_jo..., kwargs={'job_type': 'frappe.desk.page.backups.backups.delete_downloadable_backups'..., method='frappe.core.doctype.scheduled_job_type.scheduled_job_type.run_scheduled_jo..., site='erpnext.localhost', user='Administrator') (erpnext.localhost||scheduled_job||57fh0vh801)
2025-04-24 13:00:02,351 Successfully completed frappe.utils.background_jobs.execute_job(event=None, is_async=True, job_name='frappe.core.doctype.scheduled_job_type.scheduled_job_type.run_scheduled_jo..., kwargs={'job_type': 'frappe.desk.page.backups.backups.delete_downloadable_backups'..., method='frappe.core.doctype.scheduled_job_type.scheduled_job_type.run_scheduled_jo..., site='erpnext.localhost', user='Administrator') job in 0:00:00.118335s on worker 21d124db9f084b4f98fb2906c7f1d317
2025-04-24 13:00:02,351 home-fy-Documents-GitHub-erpnext-frappe-bench:default: Job OK (erpnext.localhost||scheduled_job||57fh0vh801)
2025-04-24 13:00:02,351 Result is kept for 600 seconds
2025-04-24 13:00:02,356 home-fy-Documents-GitHub-erpnext-frappe-bench:default: frappe.utils.background_jobs.execute_job(event=None, is_async=True, job_name='frappe.core.doctype.scheduled_job_type.scheduled_job_type.run_scheduled_jo..., kwargs={'job_type': 'frappe.website.doctype.personal_data_deletion_request.persona..., method='frappe.core.doctype.scheduled_job_type.scheduled_job_type.run_scheduled_jo..., site='erpnext.localhost', user='Administrator') (erpnext.localhost||scheduled_job||57fiv1u7v1)
2025-04-24 13:00:02,490 Successfully completed frappe.utils.background_jobs.execute_job(event=None, is_async=True, job_name='frappe.core.doctype.scheduled_job_type.scheduled_job_type.run_scheduled_jo..., kwargs={'job_type': 'frappe.website.doctype.personal_data_deletion_request.persona..., method='frappe.core.doctype.scheduled_job_type.scheduled_job_type.run_scheduled_jo..., site='erpnext.localhost', user='Administrator') job in 0:00:00.128193s on worker 21d124db9f084b4f98fb2906c7f1d317
2025-04-24 13:00:02,490 home-fy-Documents-GitHub-erpnext-frappe-bench:default: Job OK (erpnext.localhost||scheduled_job||57fiv1u7v1)
2025-04-24 13:00:02,490 Result is kept for 600 seconds
2025-04-24 13:00:02,495 home-fy-Documents-GitHub-erpnext-frappe-bench:default: frappe.utils.background_jobs.execute_job(event=None, is_async=True, job_name='frappe.core.doctype.scheduled_job_type.scheduled_job_type.run_scheduled_jo..., kwargs={'job_type': 'frappe.monitor.flush', 'scheduled_job_type': '57fcr9524j'}, method='frappe.core.doctype.scheduled_job_type.scheduled_job_type.run_scheduled_jo..., site='erpnext.localhost', user='Administrator') (erpnext.localhost||scheduled_job||57fcr9524j)
2025-04-24 13:00:02,614 Successfully completed frappe.utils.background_jobs.execute_job(event=None, is_async=True, job_name='frappe.core.doctype.scheduled_job_type.scheduled_job_type.run_scheduled_jo..., kwargs={'job_type': 'frappe.monitor.flush', 'scheduled_job_type': '57fcr9524j'}, method='frappe.core.doctype.scheduled_job_type.scheduled_job_type.run_scheduled_jo..., site='erpnext.localhost', user='Administrator') job in 0:00:00.112303s on worker 21d124db9f084b4f98fb2906c7f1d317
2025-04-24 13:00:02,614 home-fy-Documents-GitHub-erpnext-frappe-bench:default: Job OK (erpnext.localhost||scheduled_job||57fcr9524j)
2025-04-24 13:00:02,615 Result is kept for 600 seconds
2025-04-24 13:00:02,623 home-fy-Documents-GitHub-erpnext-frappe-bench:default: frappe.utils.background_jobs.execute_job(event=None, is_async=True, job_name='frappe.core.doctype.scheduled_job_type.scheduled_job_type.run_scheduled_jo..., kwargs={'job_type': 'frappe.integrations.doctype.google_calendar.google_calendar.s..., method='frappe.core.doctype.scheduled_job_type.scheduled_job_type.run_scheduled_jo..., site='erpnext.localhost', user='Administrator') (erpnext.localhost||scheduled_job||57fp7enf9v)
2025-04-24 13:00:02,889 Successfully completed frappe.utils.background_jobs.execute_job(event=None, is_async=True, job_name='frappe.core.doctype.scheduled_job_type.scheduled_job_type.run_scheduled_jo..., kwargs={'job_type': 'frappe.integrations.doctype.google_calendar.google_calendar.s..., method='frappe.core.doctype.scheduled_job_type.scheduled_job_type.run_scheduled_jo..., site='erpnext.localhost', user='Administrator') job in 0:00:00.258911s on worker 21d124db9f084b4f98fb2906c7f1d317
2025-04-24 13:00:02,889 home-fy-Documents-GitHub-erpnext-frappe-bench:default: Job OK (erpnext.localhost||scheduled_job||57fp7enf9v)
2025-04-24 13:00:02,889 Result is kept for 600 seconds
2025-04-24 13:00:02,894 home-fy-Documents-GitHub-erpnext-frappe-bench:default: frappe.utils.background_jobs.execute_job(event=None, is_async=True, job_name='frappe.core.doctype.scheduled_job_type.scheduled_job_type.run_scheduled_jo..., kwargs={'job_type': 'frappe.email.doctype.email_account.email_account.notify_unrep..., method='frappe.core.doctype.scheduled_job_type.scheduled_job_type.run_scheduled_jo..., site='erpnext.localhost', user='Administrator') (erpnext.localhost||scheduled_job||57frb6dct5)
2025-04-24 13:00:03,029 Successfully completed frappe.utils.background_jobs.execute_job(event=None, is_async=True, job_name='frappe.core.doctype.scheduled_job_type.scheduled_job_type.run_scheduled_jo..., kwargs={'job_type': 'frappe.email.doctype.email_account.email_account.notify_unrep..., method='frappe.core.doctype.scheduled_job_type.scheduled_job_type.run_scheduled_jo..., site='erpnext.localhost', user='Administrator') job in 0:00:00.129329s on worker 21d124db9f084b4f98fb2906c7f1d317
2025-04-24 13:00:03,029 home-fy-Documents-GitHub-erpnext-frappe-bench:default: Job OK (erpnext.localhost||scheduled_job||57frb6dct5)
2025-04-24 13:00:03,029 Result is kept for 600 seconds
2025-04-24 13:00:03,034 home-fy-Documents-GitHub-erpnext-frappe-bench:default: frappe.utils.background_jobs.execute_job(event=None, is_async=True, job_name='frappe.core.doctype.scheduled_job_type.scheduled_job_type.run_scheduled_jo..., kwargs={'job_type': 'frappe.email.doctype.email_account.email_account.pull', 'sche..., method='frappe.core.doctype.scheduled_job_type.scheduled_job_type.run_scheduled_jo..., site='erpnext.localhost', user='Administrator') (erpnext.localhost||scheduled_job||57fv1s5ve3)
2025-04-24 13:00:03,168 Successfully completed frappe.utils.background_jobs.execute_job(event=None, is_async=True, job_name='frappe.core.doctype.scheduled_job_type.scheduled_job_type.run_scheduled_jo..., kwargs={'job_type': 'frappe.email.doctype.email_account.email_account.pull', 'sche..., method='frappe.core.doctype.scheduled_job_type.scheduled_job_type.run_scheduled_jo..., site='erpnext.localhost', user='Administrator') job in 0:00:00.128031s on worker 21d124db9f084b4f98fb2906c7f1d317
2025-04-24 13:00:03,168 home-fy-Documents-GitHub-erpnext-frappe-bench:default: Job OK (erpnext.localhost||scheduled_job||57fv1s5ve3)
2025-04-24 13:00:03,169 Result is kept for 600 seconds
2025-04-24 13:00:03,173 home-fy-Documents-GitHub-erpnext-frappe-bench:default: frappe.utils.background_jobs.execute_job(event=None, is_async=True, job_name='frappe.core.doctype.scheduled_job_type.scheduled_job_type.run_scheduled_jo..., kwargs={'job_type': 'frappe.automation.doctype.reminder.reminder.send_reminders', ..., method='frappe.core.doctype.scheduled_job_type.scheduled_job_type.run_scheduled_jo..., site='erpnext.localhost', user='Administrator') (erpnext.localhost||scheduled_job||57fmah7t11)
2025-04-24 13:00:03,294 Successfully completed frappe.utils.background_jobs.execute_job(event=None, is_async=True, job_name='frappe.core.doctype.scheduled_job_type.scheduled_job_type.run_scheduled_jo..., kwargs={'job_type': 'frappe.automation.doctype.reminder.reminder.send_reminders', ..., method='frappe.core.doctype.scheduled_job_type.scheduled_job_type.run_scheduled_jo..., site='erpnext.localhost', user='Administrator') job in 0:00:00.115084s on worker 21d124db9f084b4f98fb2906c7f1d317
2025-04-24 13:00:03,294 home-fy-Documents-GitHub-erpnext-frappe-bench:default: Job OK (erpnext.localhost||scheduled_job||57fmah7t11)
2025-04-24 13:00:03,294 Result is kept for 600 seconds
2025-04-24 13:00:03,299 home-fy-Documents-GitHub-erpnext-frappe-bench:default: frappe.utils.background_jobs.execute_job(event=None, is_async=True, job_name='frappe.core.doctype.scheduled_job_type.scheduled_job_type.run_scheduled_jo..., kwargs={'job_type': 'frappe.deferred_insert.save_to_db', 'scheduled_job_type': '57..., method='frappe.core.doctype.scheduled_job_type.scheduled_job_type.run_scheduled_jo..., site='erpnext.localhost', user='Administrator') (erpnext.localhost||scheduled_job||57faianiv7)
2025-04-24 13:00:03,413 Successfully completed frappe.utils.background_jobs.execute_job(event=None, is_async=True, job_name='frappe.core.doctype.scheduled_job_type.scheduled_job_type.run_scheduled_jo..., kwargs={'job_type': 'frappe.deferred_insert.save_to_db', 'scheduled_job_type': '57..., method='frappe.core.doctype.scheduled_job_type.scheduled_job_type.run_scheduled_jo..., site='erpnext.localhost', user='Administrator') job in 0:00:00.107849s on worker 21d124db9f084b4f98fb2906c7f1d317
2025-04-24 13:00:03,413 home-fy-Documents-GitHub-erpnext-frappe-bench:default: Job OK (erpnext.localhost||scheduled_job||57faianiv7)
2025-04-24 13:00:03,413 Result is kept for 600 seconds
2025-04-24 13:00:03,418 home-fy-Documents-GitHub-erpnext-frappe-bench:default: frappe.utils.background_jobs.execute_job(event=None, is_async=True, job_name='frappe.core.doctype.scheduled_job_type.scheduled_job_type.run_scheduled_jo..., kwargs={'job_type': 'frappe.desk.form.document_follow.send_hourly_updates', 'sched..., method='frappe.core.doctype.scheduled_job_type.scheduled_job_type.run_scheduled_jo..., site='erpnext.localhost', user='Administrator') (erpnext.localhost||scheduled_job||57fos75t6p)
2025-04-24 13:00:03,545 Successfully completed frappe.utils.background_jobs.execute_job(event=None, is_async=True, job_name='frappe.core.doctype.scheduled_job_type.scheduled_job_type.run_scheduled_jo..., kwargs={'job_type': 'frappe.desk.form.document_follow.send_hourly_updates', 'sched..., method='frappe.core.doctype.scheduled_job_type.scheduled_job_type.run_scheduled_jo..., site='erpnext.localhost', user='Administrator') job in 0:00:00.121606s on worker 21d124db9f084b4f98fb2906c7f1d317
2025-04-24 13:00:03,545 home-fy-Documents-GitHub-erpnext-frappe-bench:default: Job OK (erpnext.localhost||scheduled_job||57fos75t6p)
2025-04-24 13:00:03,545 Result is kept for 600 seconds
2025-04-24 13:00:03,550 home-fy-Documents-GitHub-erpnext-frappe-bench:default: frappe.utils.background_jobs.execute_job(event=None, is_async=True, job_name='frappe.core.doctype.scheduled_job_type.scheduled_job_type.run_scheduled_jo..., kwargs={'job_type': 'erpnext.manufacturing.doctype.bom_update_log.bom_update_log.r..., method='frappe.core.doctype.scheduled_job_type.scheduled_job_type.run_scheduled_jo..., site='erpnext.localhost', user='Administrator') (erpnext.localhost||scheduled_job||89h36b9fje)
2025-04-24 13:00:03,673 Successfully completed frappe.utils.background_jobs.execute_job(event=None, is_async=True, job_name='frappe.core.doctype.scheduled_job_type.scheduled_job_type.run_scheduled_jo..., kwargs={'job_type': 'erpnext.manufacturing.doctype.bom_update_log.bom_update_log.r..., method='frappe.core.doctype.scheduled_job_type.scheduled_job_type.run_scheduled_jo..., site='erpnext.localhost', user='Administrator') job in 0:00:00.116777s on worker 21d124db9f084b4f98fb2906c7f1d317
2025-04-24 13:00:03,673 home-fy-Documents-GitHub-erpnext-frappe-bench:default: Job OK (erpnext.localhost||scheduled_job||89h36b9fje)
2025-04-24 13:00:03,673 Result is kept for 600 seconds
2025-04-24 13:00:03,678 home-fy-Documents-GitHub-erpnext-frappe-bench:default: frappe.utils.background_jobs.execute_job(event=None, is_async=True, job_name='frappe.core.doctype.scheduled_job_type.scheduled_job_type.run_scheduled_jo..., kwargs={'job_type': 'frappe.utils.global_search.sync_global_search', 'scheduled_jo..., method='frappe.core.doctype.scheduled_job_type.scheduled_job_type.run_scheduled_jo..., site='erpnext.localhost', user='Administrator') (erpnext.localhost||scheduled_job||57f1qn3d5q)
2025-04-24 13:00:03,795 Successfully completed frappe.utils.background_jobs.execute_job(event=None, is_async=True, job_name='frappe.core.doctype.scheduled_job_type.scheduled_job_type.run_scheduled_jo..., kwargs={'job_type': 'frappe.utils.global_search.sync_global_search', 'scheduled_jo..., method='frappe.core.doctype.scheduled_job_type.scheduled_job_type.run_scheduled_jo..., site='erpnext.localhost', user='Administrator') job in 0:00:00.107973s on worker 21d124db9f084b4f98fb2906c7f1d317
2025-04-24 13:00:03,795 home-fy-Documents-GitHub-erpnext-frappe-bench:default: Job OK (erpnext.localhost||scheduled_job||57f1qn3d5q)
2025-04-24 13:00:03,795 Result is kept for 600 seconds
2025-04-24 13:00:03,806 home-fy-Documents-GitHub-erpnext-frappe-bench:default: frappe.utils.background_jobs.execute_job(event=None, is_async=True, job_name='frappe.core.doctype.scheduled_job_type.scheduled_job_type.run_scheduled_jo..., kwargs={'job_type': 'frappe.model.utils.link_count.update_link_count', 'scheduled_..., method='frappe.core.doctype.scheduled_job_type.scheduled_job_type.run_scheduled_jo..., site='erpnext.localhost', user='Administrator') (erpnext.localhost||scheduled_job||57frs43oag)
2025-04-24 13:00:03,938 Successfully completed frappe.utils.background_jobs.execute_job(event=None, is_async=True, job_name='frappe.core.doctype.scheduled_job_type.scheduled_job_type.run_scheduled_jo..., kwargs={'job_type': 'frappe.model.utils.link_count.update_link_count', 'scheduled_..., method='frappe.core.doctype.scheduled_job_type.scheduled_job_type.run_scheduled_jo..., site='erpnext.localhost', user='Administrator') job in 0:00:00.123167s on worker 21d124db9f084b4f98fb2906c7f1d317
2025-04-24 13:00:03,938 home-fy-Documents-GitHub-erpnext-frappe-bench:default: Job OK (erpnext.localhost||scheduled_job||57frs43oag)
2025-04-24 13:00:03,938 Result is kept for 600 seconds
2025-04-24 13:00:03,943 home-fy-Documents-GitHub-erpnext-frappe-bench:default: frappe.utils.background_jobs.execute_job(event=None, is_async=True, job_name='frappe.core.doctype.scheduled_job_type.scheduled_job_type.run_scheduled_jo..., kwargs={'job_type': 'frappe.twofactor.delete_all_barcodes_for_users', 'scheduled_j..., method='frappe.core.doctype.scheduled_job_type.scheduled_job_type.run_scheduled_jo..., site='erpnext.localhost', user='Administrator') (erpnext.localhost||scheduled_job||57f9udt3kh)
2025-04-24 13:00:04,067 Successfully completed frappe.utils.background_jobs.execute_job(event=None, is_async=True, job_name='frappe.core.doctype.scheduled_job_type.scheduled_job_type.run_scheduled_jo..., kwargs={'job_type': 'frappe.twofactor.delete_all_barcodes_for_users', 'scheduled_j..., method='frappe.core.doctype.scheduled_job_type.scheduled_job_type.run_scheduled_jo..., site='erpnext.localhost', user='Administrator') job in 0:00:00.118745s on worker 21d124db9f084b4f98fb2906c7f1d317
2025-04-24 13:00:04,067 home-fy-Documents-GitHub-erpnext-frappe-bench:default: Job OK (erpnext.localhost||scheduled_job||57f9udt3kh)
2025-04-24 13:00:04,067 Result is kept for 600 seconds
2025-04-24 13:00:04,072 home-fy-Documents-GitHub-erpnext-frappe-bench:default: frappe.utils.background_jobs.execute_job(event=None, is_async=True, job_name='frappe.core.doctype.scheduled_job_type.scheduled_job_type.run_scheduled_jo..., kwargs={'job_type': 'frappe.email.doctype.newsletter.newsletter.send_scheduled_ema..., method='frappe.core.doctype.scheduled_job_type.scheduled_job_type.run_scheduled_jo..., site='erpnext.localhost', user='Administrator') (erpnext.localhost||scheduled_job||57fmngj7vv)
2025-04-24 13:00:04,242 Successfully completed frappe.utils.background_jobs.execute_job(event=None, is_async=True, job_name='frappe.core.doctype.scheduled_job_type.scheduled_job_type.run_scheduled_jo..., kwargs={'job_type': 'frappe.email.doctype.newsletter.newsletter.send_scheduled_ema..., method='frappe.core.doctype.scheduled_job_type.scheduled_job_type.run_scheduled_jo..., site='erpnext.localhost', user='Administrator') job in 0:00:00.163801s on worker 21d124db9f084b4f98fb2906c7f1d317
2025-04-24 13:00:04,242 home-fy-Documents-GitHub-erpnext-frappe-bench:default: Job OK (erpnext.localhost||scheduled_job||57fmngj7vv)
2025-04-24 13:00:04,242 Result is kept for 600 seconds
2025-04-24 13:04:00,700 home-fy-Documents-GitHub-erpnext-frappe-bench:default: frappe.utils.background_jobs.execute_job(event=None, is_async=True, job_name='frappe.core.doctype.scheduled_job_type.scheduled_job_type.run_scheduled_jo..., kwargs={'job_type': 'frappe.integrations.doctype.google_calendar.google_calendar.s..., method='frappe.core.doctype.scheduled_job_type.scheduled_job_type.run_scheduled_jo..., site='erpnext.localhost', user='Administrator') (erpnext.localhost||scheduled_job||57fp7enf9v)
2025-04-24 13:04:00,959 Successfully completed frappe.utils.background_jobs.execute_job(event=None, is_async=True, job_name='frappe.core.doctype.scheduled_job_type.scheduled_job_type.run_scheduled_jo..., kwargs={'job_type': 'frappe.integrations.doctype.google_calendar.google_calendar.s..., method='frappe.core.doctype.scheduled_job_type.scheduled_job_type.run_scheduled_jo..., site='erpnext.localhost', user='Administrator') job in 0:00:00.249655s on worker 21d124db9f084b4f98fb2906c7f1d317
2025-04-24 13:04:00,959 home-fy-Documents-GitHub-erpnext-frappe-bench:default: Job OK (erpnext.localhost||scheduled_job||57fp7enf9v)
2025-04-24 13:04:00,959 Result is kept for 600 seconds
2025-04-24 13:04:00,964 Cleaning registries for queue: home-fy-Documents-GitHub-erpnext-frappe-bench:short
2025-04-24 13:04:00,965 Cleaning registries for queue: home-fy-Documents-GitHub-erpnext-frappe-bench:default
2025-04-24 13:04:00,966 Cleaning registries for queue: home-fy-Documents-GitHub-erpnext-frappe-bench:long
2025-04-24 13:04:00,968 home-fy-Documents-GitHub-erpnext-frappe-bench:default: frappe.utils.background_jobs.execute_job(event=None, is_async=True, job_name='frappe.core.doctype.scheduled_job_type.scheduled_job_type.run_scheduled_jo..., kwargs={'job_type': 'frappe.monitor.flush', 'scheduled_job_type': '57fcr9524j'}, method='frappe.core.doctype.scheduled_job_type.scheduled_job_type.run_scheduled_jo..., site='erpnext.localhost', user='Administrator') (erpnext.localhost||scheduled_job||57fcr9524j)
2025-04-24 13:04:01,078 Successfully completed frappe.utils.background_jobs.execute_job(event=None, is_async=True, job_name='frappe.core.doctype.scheduled_job_type.scheduled_job_type.run_scheduled_jo..., kwargs={'job_type': 'frappe.monitor.flush', 'scheduled_job_type': '57fcr9524j'}, method='frappe.core.doctype.scheduled_job_type.scheduled_job_type.run_scheduled_jo..., site='erpnext.localhost', user='Administrator') job in 0:00:00.104639s on worker 21d124db9f084b4f98fb2906c7f1d317
2025-04-24 13:04:01,078 home-fy-Documents-GitHub-erpnext-frappe-bench:default: Job OK (erpnext.localhost||scheduled_job||57fcr9524j)
2025-04-24 13:04:01,078 Result is kept for 600 seconds
2025-04-24 13:04:01,082 home-fy-Documents-GitHub-erpnext-frappe-bench:default: frappe.utils.background_jobs.execute_job(event=None, is_async=True, job_name='frappe.core.doctype.scheduled_job_type.scheduled_job_type.run_scheduled_jo..., kwargs={'job_type': 'frappe.email.queue.flush', 'scheduled_job_type': '57fu68shpf'..., method='frappe.core.doctype.scheduled_job_type.scheduled_job_type.run_scheduled_jo..., site='erpnext.localhost', user='Administrator') (erpnext.localhost||scheduled_job||57fu68shpf)
2025-04-24 13:04:01,282 Successfully completed frappe.utils.background_jobs.execute_job(event=None, is_async=True, job_name='frappe.core.doctype.scheduled_job_type.scheduled_job_type.run_scheduled_jo..., kwargs={'job_type': 'frappe.email.queue.flush', 'scheduled_job_type': '57fu68shpf'..., method='frappe.core.doctype.scheduled_job_type.scheduled_job_type.run_scheduled_jo..., site='erpnext.localhost', user='Administrator') job in 0:00:00.194093s on worker 21d124db9f084b4f98fb2906c7f1d317
2025-04-24 13:04:01,282 home-fy-Documents-GitHub-erpnext-frappe-bench:default: Job OK (erpnext.localhost||scheduled_job||57fu68shpf)
2025-04-24 13:04:01,282 Result is kept for 600 seconds
2025-04-24 13:08:00,875 home-fy-Documents-GitHub-erpnext-frappe-bench:default: frappe.utils.background_jobs.execute_job(event=None, is_async=True, job_name='frappe.core.doctype.scheduled_job_type.scheduled_job_type.run_scheduled_jo..., kwargs={'job_type': 'frappe.email.doctype.notification.notification.trigger_offset..., method='frappe.core.doctype.scheduled_job_type.scheduled_job_type.run_scheduled_jo..., site='erpnext.localhost', user='Administrator') (erpnext.localhost||scheduled_job||57fmqjdgf7)
2025-04-24 13:08:00,989 Successfully completed frappe.utils.background_jobs.execute_job(event=None, is_async=True, job_name='frappe.core.doctype.scheduled_job_type.scheduled_job_type.run_scheduled_jo..., kwargs={'job_type': 'frappe.email.doctype.notification.notification.trigger_offset..., method='frappe.core.doctype.scheduled_job_type.scheduled_job_type.run_scheduled_jo..., site='erpnext.localhost', user='Administrator') job in 0:00:00.106793s on worker 21d124db9f084b4f98fb2906c7f1d317
2025-04-24 13:08:00,989 home-fy-Documents-GitHub-erpnext-frappe-bench:default: Job OK (erpnext.localhost||scheduled_job||57fmqjdgf7)
2025-04-24 13:08:00,989 Result is kept for 600 seconds
2025-04-24 13:08:00,994 home-fy-Documents-GitHub-erpnext-frappe-bench:default: frappe.utils.background_jobs.execute_job(event=None, is_async=True, job_name='frappe.core.doctype.scheduled_job_type.scheduled_job_type.run_scheduled_jo..., kwargs={'job_type': 'frappe.integrations.doctype.google_calendar.google_calendar.s..., method='frappe.core.doctype.scheduled_job_type.scheduled_job_type.run_scheduled_jo..., site='erpnext.localhost', user='Administrator') (erpnext.localhost||scheduled_job||57fp7enf9v)
2025-04-24 13:08:01,254 Successfully completed frappe.utils.background_jobs.execute_job(event=None, is_async=True, job_name='frappe.core.doctype.scheduled_job_type.scheduled_job_type.run_scheduled_jo..., kwargs={'job_type': 'frappe.integrations.doctype.google_calendar.google_calendar.s..., method='frappe.core.doctype.scheduled_job_type.scheduled_job_type.run_scheduled_jo..., site='erpnext.localhost', user='Administrator') job in 0:00:00.254544s on worker 21d124db9f084b4f98fb2906c7f1d317
2025-04-24 13:08:01,254 home-fy-Documents-GitHub-erpnext-frappe-bench:default: Job OK (erpnext.localhost||scheduled_job||57fp7enf9v)
2025-04-24 13:08:01,254 Result is kept for 600 seconds
2025-04-24 13:08:01,259 home-fy-Documents-GitHub-erpnext-frappe-bench:default: frappe.utils.background_jobs.execute_job(event=None, is_async=True, job_name='frappe.core.doctype.scheduled_job_type.scheduled_job_type.run_scheduled_jo..., kwargs={'job_type': 'frappe.email.queue.flush', 'scheduled_job_type': '57fu68shpf'..., method='frappe.core.doctype.scheduled_job_type.scheduled_job_type.run_scheduled_jo..., site='erpnext.localhost', user='Administrator') (erpnext.localhost||scheduled_job||57fu68shpf)
2025-04-24 13:08:01,448 Successfully completed frappe.utils.background_jobs.execute_job(event=None, is_async=True, job_name='frappe.core.doctype.scheduled_job_type.scheduled_job_type.run_scheduled_jo..., kwargs={'job_type': 'frappe.email.queue.flush', 'scheduled_job_type': '57fu68shpf'..., method='frappe.core.doctype.scheduled_job_type.scheduled_job_type.run_scheduled_jo..., site='erpnext.localhost', user='Administrator') job in 0:00:00.183025s on worker 21d124db9f084b4f98fb2906c7f1d317
2025-04-24 13:08:01,448 home-fy-Documents-GitHub-erpnext-frappe-bench:default: Job OK (erpnext.localhost||scheduled_job||57fu68shpf)
2025-04-24 13:08:01,448 Result is kept for 600 seconds
2025-04-24 13:08:01,454 home-fy-Documents-GitHub-erpnext-frappe-bench:default: frappe.utils.background_jobs.execute_job(event=None, is_async=True, job_name='frappe.core.doctype.scheduled_job_type.scheduled_job_type.run_scheduled_jo..., kwargs={'job_type': 'frappe.monitor.flush', 'scheduled_job_type': '57fcr9524j'}, method='frappe.core.doctype.scheduled_job_type.scheduled_job_type.run_scheduled_jo..., site='erpnext.localhost', user='Administrator') (erpnext.localhost||scheduled_job||57fcr9524j)
2025-04-24 13:08:01,563 Successfully completed frappe.utils.background_jobs.execute_job(event=None, is_async=True, job_name='frappe.core.doctype.scheduled_job_type.scheduled_job_type.run_scheduled_jo..., kwargs={'job_type': 'frappe.monitor.flush', 'scheduled_job_type': '57fcr9524j'}, method='frappe.core.doctype.scheduled_job_type.scheduled_job_type.run_scheduled_jo..., site='erpnext.localhost', user='Administrator') job in 0:00:00.103724s on worker 21d124db9f084b4f98fb2906c7f1d317
2025-04-24 13:08:01,564 home-fy-Documents-GitHub-erpnext-frappe-bench:default: Job OK (erpnext.localhost||scheduled_job||57fcr9524j)
2025-04-24 13:08:01,564 Result is kept for 600 seconds
2025-04-24 13:08:01,568 home-fy-Documents-GitHub-erpnext-frappe-bench:long: frappe.utils.background_jobs.execute_job(event=None, is_async=True, job_name='frappe.core.doctype.scheduled_job_type.scheduled_job_type.run_scheduled_jo..., kwargs={'job_type': 'erpnext.utilities.bulk_transaction.retry', 'scheduled_job_typ..., method='frappe.core.doctype.scheduled_job_type.scheduled_job_type.run_scheduled_jo..., site='erpnext.localhost', user='Administrator') (erpnext.localhost||scheduled_job||89klaavja8)
2025-04-24 13:08:01,704 Successfully completed frappe.utils.background_jobs.execute_job(event=None, is_async=True, job_name='frappe.core.doctype.scheduled_job_type.scheduled_job_type.run_scheduled_jo..., kwargs={'job_type': 'erpnext.utilities.bulk_transaction.retry', 'scheduled_job_typ..., method='frappe.core.doctype.scheduled_job_type.scheduled_job_type.run_scheduled_jo..., site='erpnext.localhost', user='Administrator') job in 0:00:00.130453s on worker 21d124db9f084b4f98fb2906c7f1d317
2025-04-24 13:08:01,704 home-fy-Documents-GitHub-erpnext-frappe-bench:long: Job OK (erpnext.localhost||scheduled_job||89klaavja8)
2025-04-24 13:08:01,704 Result is kept for 600 seconds
2025-04-24 13:10:42,775 Worker 21d124db9f084b4f98fb2906c7f1d317 [PID 5607]: warm shut down requested
2025-04-24 13:10:42,780 Unsubscribing from channel rq:pubsub:21d124db9f084b4f98fb2906c7f1d317
2025-04-27 20:50:23,585 Worker rq:worker:9857f917bb3a411a8e5afb7abda2b7da started with PID 14643, version 2.3.2
2025-04-27 20:50:23,586 Subscribing to channel rq:pubsub:9857f917bb3a411a8e5afb7abda2b7da
2025-04-27 20:50:23,591 *** Listening on home-fy-Documents-GitHub-erpnext-frappe-bench:short, home-fy-Documents-GitHub-erpnext-frappe-bench:default, home-fy-Documents-GitHub-erpnext-frappe-bench:long...
2025-04-27 20:50:23,594 Cleaning registries for queue: home-fy-Documents-GitHub-erpnext-frappe-bench:short
2025-04-27 20:50:23,603 Cleaning registries for queue: home-fy-Documents-GitHub-erpnext-frappe-bench:default
2025-04-27 20:50:23,610 Cleaning registries for queue: home-fy-Documents-GitHub-erpnext-frappe-bench:long
2025-04-27 20:52:00,347 home-fy-Documents-GitHub-erpnext-frappe-bench:default: frappe.utils.background_jobs.execute_job(event=None, is_async=True, job_name='frappe.core.doctype.scheduled_job_type.scheduled_job_type.run_scheduled_jo..., kwargs={'job_type': 'frappe.desk.page.backups.backups.delete_downloadable_backups'..., method='frappe.core.doctype.scheduled_job_type.scheduled_job_type.run_scheduled_jo..., site='erpnext.localhost', user='Administrator') (erpnext.localhost||scheduled_job||57fh0vh801)
2025-04-27 20:52:00,753 Successfully completed frappe.utils.background_jobs.execute_job(event=None, is_async=True, job_name='frappe.core.doctype.scheduled_job_type.scheduled_job_type.run_scheduled_jo..., kwargs={'job_type': 'frappe.desk.page.backups.backups.delete_downloadable_backups'..., method='frappe.core.doctype.scheduled_job_type.scheduled_job_type.run_scheduled_jo..., site='erpnext.localhost', user='Administrator') job in 0:00:00.370139s on worker 9857f917bb3a411a8e5afb7abda2b7da
2025-04-27 20:52:00,753 home-fy-Documents-GitHub-erpnext-frappe-bench:default: Job OK (erpnext.localhost||scheduled_job||57fh0vh801)
2025-04-27 20:52:00,753 Result is kept for 600 seconds
2025-04-27 20:52:00,758 home-fy-Documents-GitHub-erpnext-frappe-bench:default: frappe.utils.background_jobs.execute_job(event=None, is_async=True, job_name='frappe.core.doctype.scheduled_job_type.scheduled_job_type.run_scheduled_jo..., kwargs={'job_type': 'erpnext.setup.doctype.company.company.cache_companies_monthly..., method='frappe.core.doctype.scheduled_job_type.scheduled_job_type.run_scheduled_jo..., site='erpnext.localhost', user='Administrator') (erpnext.localhost||scheduled_job||89im7uqo8l)
2025-04-27 20:52:00,985 Successfully completed frappe.utils.background_jobs.execute_job(event=None, is_async=True, job_name='frappe.core.doctype.scheduled_job_type.scheduled_job_type.run_scheduled_jo..., kwargs={'job_type': 'erpnext.setup.doctype.company.company.cache_companies_monthly..., method='frappe.core.doctype.scheduled_job_type.scheduled_job_type.run_scheduled_jo..., site='erpnext.localhost', user='Administrator') job in 0:00:00.217076s on worker 9857f917bb3a411a8e5afb7abda2b7da
2025-04-27 20:52:00,985 home-fy-Documents-GitHub-erpnext-frappe-bench:default: Job OK (erpnext.localhost||scheduled_job||89im7uqo8l)
2025-04-27 20:52:00,986 Result is kept for 600 seconds
2025-04-27 20:52:01,002 home-fy-Documents-GitHub-erpnext-frappe-bench:default: frappe.utils.background_jobs.execute_job(event=None, is_async=True, job_name='frappe.core.doctype.scheduled_job_type.scheduled_job_type.run_scheduled_jo..., kwargs={'job_type': 'erpnext.assets.doctype.asset.asset.make_post_gl_entry', 'sche..., method='frappe.core.doctype.scheduled_job_type.scheduled_job_type.run_scheduled_jo..., site='erpnext.localhost', user='Administrator') (erpnext.localhost||scheduled_job||89ioui2io6)
2025-04-27 20:52:01,272 Successfully completed frappe.utils.background_jobs.execute_job(event=None, is_async=True, job_name='frappe.core.doctype.scheduled_job_type.scheduled_job_type.run_scheduled_jo..., kwargs={'job_type': 'erpnext.assets.doctype.asset.asset.make_post_gl_entry', 'sche..., method='frappe.core.doctype.scheduled_job_type.scheduled_job_type.run_scheduled_jo..., site='erpnext.localhost', user='Administrator') job in 0:00:00.259335s on worker 9857f917bb3a411a8e5afb7abda2b7da
2025-04-27 20:52:01,272 home-fy-Documents-GitHub-erpnext-frappe-bench:default: Job OK (erpnext.localhost||scheduled_job||89ioui2io6)
2025-04-27 20:52:01,272 Result is kept for 600 seconds
2025-04-27 20:52:01,278 home-fy-Documents-GitHub-erpnext-frappe-bench:default: frappe.utils.background_jobs.execute_job(event=None, is_async=True, job_name='frappe.core.doctype.scheduled_job_type.scheduled_job_type.run_scheduled_jo..., kwargs={'job_type': 'frappe.deferred_insert.save_to_db', 'scheduled_job_type': '57..., method='frappe.core.doctype.scheduled_job_type.scheduled_job_type.run_scheduled_jo..., site='erpnext.localhost', user='Administrator') (erpnext.localhost||scheduled_job||57faianiv7)
2025-04-27 20:52:01,403 Successfully completed frappe.utils.background_jobs.execute_job(event=None, is_async=True, job_name='frappe.core.doctype.scheduled_job_type.scheduled_job_type.run_scheduled_jo..., kwargs={'job_type': 'frappe.deferred_insert.save_to_db', 'scheduled_job_type': '57..., method='frappe.core.doctype.scheduled_job_type.scheduled_job_type.run_scheduled_jo..., site='erpnext.localhost', user='Administrator') job in 0:00:00.119332s on worker 9857f917bb3a411a8e5afb7abda2b7da
2025-04-27 20:52:01,403 home-fy-Documents-GitHub-erpnext-frappe-bench:default: Job OK (erpnext.localhost||scheduled_job||57faianiv7)
2025-04-27 20:52:01,403 Result is kept for 600 seconds
2025-04-27 20:52:01,408 home-fy-Documents-GitHub-erpnext-frappe-bench:default: frappe.utils.background_jobs.execute_job(event=None, is_async=True, job_name='frappe.core.doctype.scheduled_job_type.scheduled_job_type.run_scheduled_jo..., kwargs={'job_type': 'frappe.desk.doctype.event.event.send_event_digest', 'schedule..., method='frappe.core.doctype.scheduled_job_type.scheduled_job_type.run_scheduled_jo..., site='erpnext.localhost', user='Administrator') (erpnext.localhost||scheduled_job||57fq430oom)
2025-04-27 20:52:01,594 Successfully completed frappe.utils.background_jobs.execute_job(event=None, is_async=True, job_name='frappe.core.doctype.scheduled_job_type.scheduled_job_type.run_scheduled_jo..., kwargs={'job_type': 'frappe.desk.doctype.event.event.send_event_digest', 'schedule..., method='frappe.core.doctype.scheduled_job_type.scheduled_job_type.run_scheduled_jo..., site='erpnext.localhost', user='Administrator') job in 0:00:00.179360s on worker 9857f917bb3a411a8e5afb7abda2b7da
2025-04-27 20:52:01,594 home-fy-Documents-GitHub-erpnext-frappe-bench:default: Job OK (erpnext.localhost||scheduled_job||57fq430oom)
2025-04-27 20:52:01,594 Result is kept for 600 seconds
2025-04-27 20:52:01,602 home-fy-Documents-GitHub-erpnext-frappe-bench:default: frappe.utils.background_jobs.execute_job(event=None, is_async=True, job_name='frappe.core.doctype.scheduled_job_type.scheduled_job_type.run_scheduled_jo..., kwargs={'job_type': 'frappe.utils.global_search.sync_global_search', 'scheduled_jo..., method='frappe.core.doctype.scheduled_job_type.scheduled_job_type.run_scheduled_jo..., site='erpnext.localhost', user='Administrator') (erpnext.localhost||scheduled_job||57f1qn3d5q)
2025-04-27 20:52:01,732 Successfully completed frappe.utils.background_jobs.execute_job(event=None, is_async=True, job_name='frappe.core.doctype.scheduled_job_type.scheduled_job_type.run_scheduled_jo..., kwargs={'job_type': 'frappe.utils.global_search.sync_global_search', 'scheduled_jo..., method='frappe.core.doctype.scheduled_job_type.scheduled_job_type.run_scheduled_jo..., site='erpnext.localhost', user='Administrator') job in 0:00:00.121363s on worker 9857f917bb3a411a8e5afb7abda2b7da
2025-04-27 20:52:01,732 home-fy-Documents-GitHub-erpnext-frappe-bench:default: Job OK (erpnext.localhost||scheduled_job||57f1qn3d5q)
2025-04-27 20:52:01,732 Result is kept for 600 seconds
2025-04-27 20:52:01,738 home-fy-Documents-GitHub-erpnext-frappe-bench:default: frappe.utils.background_jobs.execute_job(event=None, is_async=True, job_name='frappe.core.doctype.scheduled_job_type.scheduled_job_type.run_scheduled_jo..., kwargs={'job_type': 'erpnext.buying.doctype.supplier_scorecard.supplier_scorecard...., method='frappe.core.doctype.scheduled_job_type.scheduled_job_type.run_scheduled_jo..., site='erpnext.localhost', user='Administrator') (erpnext.localhost||scheduled_job||89i601mkoc)
2025-04-27 20:52:01,906 Successfully completed frappe.utils.background_jobs.execute_job(event=None, is_async=True, job_name='frappe.core.doctype.scheduled_job_type.scheduled_job_type.run_scheduled_jo..., kwargs={'job_type': 'erpnext.buying.doctype.supplier_scorecard.supplier_scorecard...., method='frappe.core.doctype.scheduled_job_type.scheduled_job_type.run_scheduled_jo..., site='erpnext.localhost', user='Administrator') job in 0:00:00.161331s on worker 9857f917bb3a411a8e5afb7abda2b7da
2025-04-27 20:52:01,907 home-fy-Documents-GitHub-erpnext-frappe-bench:default: Job OK (erpnext.localhost||scheduled_job||89i601mkoc)
2025-04-27 20:52:01,907 Result is kept for 600 seconds
2025-04-27 20:52:01,919 home-fy-Documents-GitHub-erpnext-frappe-bench:default: frappe.utils.background_jobs.execute_job(event=None, is_async=True, job_name='frappe.core.doctype.scheduled_job_type.scheduled_job_type.run_scheduled_jo..., kwargs={'job_type': 'erpnext.projects.doctype.project.project.send_project_status_..., method='frappe.core.doctype.scheduled_job_type.scheduled_job_type.run_scheduled_jo..., site='erpnext.localhost', user='Administrator') (erpnext.localhost||scheduled_job||89iqekdrhm)
2025-04-27 20:52:02,184 Successfully completed frappe.utils.background_jobs.execute_job(event=None, is_async=True, job_name='frappe.core.doctype.scheduled_job_type.scheduled_job_type.run_scheduled_jo..., kwargs={'job_type': 'erpnext.projects.doctype.project.project.send_project_status_..., method='frappe.core.doctype.scheduled_job_type.scheduled_job_type.run_scheduled_jo..., site='erpnext.localhost', user='Administrator') job in 0:00:00.254779s on worker 9857f917bb3a411a8e5afb7abda2b7da
2025-04-27 20:52:02,184 home-fy-Documents-GitHub-erpnext-frappe-bench:default: Job OK (erpnext.localhost||scheduled_job||89iqekdrhm)
2025-04-27 20:52:02,184 Result is kept for 600 seconds
2025-04-27 20:52:02,189 home-fy-Documents-GitHub-erpnext-frappe-bench:default: frappe.utils.background_jobs.execute_job(event=None, is_async=True, job_name='frappe.core.doctype.scheduled_job_type.scheduled_job_type.run_scheduled_jo..., kwargs={'job_type': 'erpnext.crm.doctype.email_campaign.email_campaign.send_email_..., method='frappe.core.doctype.scheduled_job_type.scheduled_job_type.run_scheduled_jo..., site='erpnext.localhost', user='Administrator') (erpnext.localhost||scheduled_job||89jhfpu5gu)
2025-04-27 20:52:02,524 Successfully completed frappe.utils.background_jobs.execute_job(event=None, is_async=True, job_name='frappe.core.doctype.scheduled_job_type.scheduled_job_type.run_scheduled_jo..., kwargs={'job_type': 'erpnext.crm.doctype.email_campaign.email_campaign.send_email_..., method='frappe.core.doctype.scheduled_job_type.scheduled_job_type.run_scheduled_jo..., site='erpnext.localhost', user='Administrator') job in 0:00:00.327296s on worker 9857f917bb3a411a8e5afb7abda2b7da
2025-04-27 20:52:02,524 home-fy-Documents-GitHub-erpnext-frappe-bench:default: Job OK (erpnext.localhost||scheduled_job||89jhfpu5gu)
2025-04-27 20:52:02,525 Result is kept for 600 seconds
2025-04-27 20:52:02,532 home-fy-Documents-GitHub-erpnext-frappe-bench:default: frappe.utils.background_jobs.execute_job(event=None, is_async=True, job_name='frappe.core.doctype.scheduled_job_type.scheduled_job_type.run_scheduled_jo..., kwargs={'job_type': 'erpnext.crm.doctype.contract.contract.update_status_for_contr..., method='frappe.core.doctype.scheduled_job_type.scheduled_job_type.run_scheduled_jo..., site='erpnext.localhost', user='Administrator') (erpnext.localhost||scheduled_job||89ivbe8d1h)
2025-04-27 20:52:02,765 Successfully completed frappe.utils.background_jobs.execute_job(event=None, is_async=True, job_name='frappe.core.doctype.scheduled_job_type.scheduled_job_type.run_scheduled_jo..., kwargs={'job_type': 'erpnext.crm.doctype.contract.contract.update_status_for_contr..., method='frappe.core.doctype.scheduled_job_type.scheduled_job_type.run_scheduled_jo..., site='erpnext.localhost', user='Administrator') job in 0:00:00.225037s on worker 9857f917bb3a411a8e5afb7abda2b7da
2025-04-27 20:52:02,765 home-fy-Documents-GitHub-erpnext-frappe-bench:default: Job OK (erpnext.localhost||scheduled_job||89ivbe8d1h)
2025-04-27 20:52:02,765 Result is kept for 600 seconds
2025-04-27 20:52:02,773 home-fy-Documents-GitHub-erpnext-frappe-bench:default: frappe.utils.background_jobs.execute_job(event=None, is_async=True, job_name='frappe.core.doctype.scheduled_job_type.scheduled_job_type.run_scheduled_jo..., kwargs={'job_type': 'frappe.core.doctype.prepared_report.prepared_report.expire_st..., method='frappe.core.doctype.scheduled_job_type.scheduled_job_type.run_scheduled_jo..., site='erpnext.localhost', user='Administrator') (erpnext.localhost||scheduled_job||57f4gapu15)
2025-04-27 20:52:02,985 Successfully completed frappe.utils.background_jobs.execute_job(event=None, is_async=True, job_name='frappe.core.doctype.scheduled_job_type.scheduled_job_type.run_scheduled_jo..., kwargs={'job_type': 'frappe.core.doctype.prepared_report.prepared_report.expire_st..., method='frappe.core.doctype.scheduled_job_type.scheduled_job_type.run_scheduled_jo..., site='erpnext.localhost', user='Administrator') job in 0:00:00.205341s on worker 9857f917bb3a411a8e5afb7abda2b7da
2025-04-27 20:52:02,985 home-fy-Documents-GitHub-erpnext-frappe-bench:default: Job OK (erpnext.localhost||scheduled_job||57f4gapu15)
2025-04-27 20:52:02,985 Result is kept for 600 seconds
2025-04-27 20:52:02,990 home-fy-Documents-GitHub-erpnext-frappe-bench:default: frappe.utils.background_jobs.execute_job(event=None, is_async=True, job_name='frappe.core.doctype.scheduled_job_type.scheduled_job_type.run_scheduled_jo..., kwargs={'job_type': 'frappe.core.doctype.log_settings.log_settings.run_log_clean_u..., method='frappe.core.doctype.scheduled_job_type.scheduled_job_type.run_scheduled_jo..., site='erpnext.localhost', user='Administrator') (erpnext.localhost||scheduled_job||57f4eg906r)
2025-04-27 20:52:03,546 Successfully completed frappe.utils.background_jobs.execute_job(event=None, is_async=True, job_name='frappe.core.doctype.scheduled_job_type.scheduled_job_type.run_scheduled_jo..., kwargs={'job_type': 'frappe.core.doctype.log_settings.log_settings.run_log_clean_u..., method='frappe.core.doctype.scheduled_job_type.scheduled_job_type.run_scheduled_jo..., site='erpnext.localhost', user='Administrator') job in 0:00:00.548894s on worker 9857f917bb3a411a8e5afb7abda2b7da
2025-04-27 20:52:03,546 home-fy-Documents-GitHub-erpnext-frappe-bench:default: Job OK (erpnext.localhost||scheduled_job||57f4eg906r)
2025-04-27 20:52:03,546 Result is kept for 600 seconds
2025-04-27 20:52:03,554 home-fy-Documents-GitHub-erpnext-frappe-bench:default: frappe.utils.background_jobs.execute_job(event=None, is_async=True, job_name='frappe.core.doctype.scheduled_job_type.scheduled_job_type.run_scheduled_jo..., kwargs={'job_type': 'frappe.desk.form.document_follow.send_hourly_updates', 'sched..., method='frappe.core.doctype.scheduled_job_type.scheduled_job_type.run_scheduled_jo..., site='erpnext.localhost', user='Administrator') (erpnext.localhost||scheduled_job||57fos75t6p)
2025-04-27 20:52:03,763 Successfully completed frappe.utils.background_jobs.execute_job(event=None, is_async=True, job_name='frappe.core.doctype.scheduled_job_type.scheduled_job_type.run_scheduled_jo..., kwargs={'job_type': 'frappe.desk.form.document_follow.send_hourly_updates', 'sched..., method='frappe.core.doctype.scheduled_job_type.scheduled_job_type.run_scheduled_jo..., site='erpnext.localhost', user='Administrator') job in 0:00:00.196657s on worker 9857f917bb3a411a8e5afb7abda2b7da
2025-04-27 20:52:03,763 home-fy-Documents-GitHub-erpnext-frappe-bench:default: Job OK (erpnext.localhost||scheduled_job||57fos75t6p)
2025-04-27 20:52:03,763 Result is kept for 600 seconds
2025-04-27 20:52:03,777 home-fy-Documents-GitHub-erpnext-frappe-bench:default: frappe.utils.background_jobs.execute_job(event=None, is_async=True, job_name='frappe.core.doctype.scheduled_job_type.scheduled_job_type.run_scheduled_jo..., kwargs={'job_type': 'erpnext.controllers.accounts_controller.update_invoice_status..., method='frappe.core.doctype.scheduled_job_type.scheduled_job_type.run_scheduled_jo..., site='erpnext.localhost', user='Administrator') (erpnext.localhost||scheduled_job||89ilhtsjq7)
2025-04-27 20:52:04,108 Successfully completed frappe.utils.background_jobs.execute_job(event=None, is_async=True, job_name='frappe.core.doctype.scheduled_job_type.scheduled_job_type.run_scheduled_jo..., kwargs={'job_type': 'erpnext.controllers.accounts_controller.update_invoice_status..., method='frappe.core.doctype.scheduled_job_type.scheduled_job_type.run_scheduled_jo..., site='erpnext.localhost', user='Administrator') job in 0:00:00.310848s on worker 9857f917bb3a411a8e5afb7abda2b7da
2025-04-27 20:52:04,108 home-fy-Documents-GitHub-erpnext-frappe-bench:default: Job OK (erpnext.localhost||scheduled_job||89ilhtsjq7)
2025-04-27 20:52:04,108 Result is kept for 600 seconds
2025-04-27 20:52:04,115 home-fy-Documents-GitHub-erpnext-frappe-bench:default: frappe.utils.background_jobs.execute_job(event=None, is_async=True, job_name='frappe.core.doctype.scheduled_job_type.scheduled_job_type.run_scheduled_jo..., kwargs={'job_type': 'erpnext.support.doctype.service_level_agreement.service_level..., method='frappe.core.doctype.scheduled_job_type.scheduled_job_type.run_scheduled_jo..., site='erpnext.localhost', user='Administrator') (erpnext.localhost||scheduled_job||89j4g6dod0)
2025-04-27 20:52:04,288 Successfully completed frappe.utils.background_jobs.execute_job(event=None, is_async=True, job_name='frappe.core.doctype.scheduled_job_type.scheduled_job_type.run_scheduled_jo..., kwargs={'job_type': 'erpnext.support.doctype.service_level_agreement.service_level..., method='frappe.core.doctype.scheduled_job_type.scheduled_job_type.run_scheduled_jo..., site='erpnext.localhost', user='Administrator') job in 0:00:00.166029s on worker 9857f917bb3a411a8e5afb7abda2b7da
2025-04-27 20:52:04,288 home-fy-Documents-GitHub-erpnext-frappe-bench:default: Job OK (erpnext.localhost||scheduled_job||89j4g6dod0)
2025-04-27 20:52:04,288 Result is kept for 600 seconds
2025-04-27 20:52:04,294 home-fy-Documents-GitHub-erpnext-frappe-bench:default: frappe.utils.background_jobs.execute_job(event=None, is_async=True, job_name='frappe.core.doctype.scheduled_job_type.scheduled_job_type.run_scheduled_jo..., kwargs={'job_type': 'erpnext.quality_management.doctype.quality_review.quality_rev..., method='frappe.core.doctype.scheduled_job_type.scheduled_job_type.run_scheduled_jo..., site='erpnext.localhost', user='Administrator') (erpnext.localhost||scheduled_job||89itmq5uh8)
2025-04-27 20:52:04,489 Successfully completed frappe.utils.background_jobs.execute_job(event=None, is_async=True, job_name='frappe.core.doctype.scheduled_job_type.scheduled_job_type.run_scheduled_jo..., kwargs={'job_type': 'erpnext.quality_management.doctype.quality_review.quality_rev..., method='frappe.core.doctype.scheduled_job_type.scheduled_job_type.run_scheduled_jo..., site='erpnext.localhost', user='Administrator') job in 0:00:00.186783s on worker 9857f917bb3a411a8e5afb7abda2b7da
2025-04-27 20:52:04,489 home-fy-Documents-GitHub-erpnext-frappe-bench:default: Job OK (erpnext.localhost||scheduled_job||89itmq5uh8)
2025-04-27 20:52:04,489 Result is kept for 600 seconds
2025-04-27 20:52:04,495 home-fy-Documents-GitHub-erpnext-frappe-bench:default: frappe.utils.background_jobs.execute_job(event=None, is_async=True, job_name='frappe.core.doctype.scheduled_job_type.scheduled_job_type.run_scheduled_jo..., kwargs={'job_type': 'frappe.integrations.doctype.google_contacts.google_contacts.s..., method='frappe.core.doctype.scheduled_job_type.scheduled_job_type.run_scheduled_jo..., site='erpnext.localhost', user='Administrator') (erpnext.localhost||scheduled_job||57fi0jclhm)
2025-04-27 20:52:04,892 Successfully completed frappe.utils.background_jobs.execute_job(event=None, is_async=True, job_name='frappe.core.doctype.scheduled_job_type.scheduled_job_type.run_scheduled_jo..., kwargs={'job_type': 'frappe.integrations.doctype.google_contacts.google_contacts.s..., method='frappe.core.doctype.scheduled_job_type.scheduled_job_type.run_scheduled_jo..., site='erpnext.localhost', user='Administrator') job in 0:00:00.390249s on worker 9857f917bb3a411a8e5afb7abda2b7da
2025-04-27 20:52:04,893 home-fy-Documents-GitHub-erpnext-frappe-bench:default: Job OK (erpnext.localhost||scheduled_job||57fi0jclhm)
2025-04-27 20:52:04,893 Result is kept for 600 seconds
2025-04-27 20:52:04,902 home-fy-Documents-GitHub-erpnext-frappe-bench:default: frappe.utils.background_jobs.execute_job(event=None, is_async=True, job_name='frappe.core.doctype.scheduled_job_type.scheduled_job_type.run_scheduled_jo..., kwargs={'job_type': 'erpnext.assets.doctype.asset_maintenance_log.asset_maintenanc..., method='frappe.core.doctype.scheduled_job_type.scheduled_job_type.run_scheduled_jo..., site='erpnext.localhost', user='Administrator') (erpnext.localhost||scheduled_job||89j9un4vf5)
2025-04-27 20:52:05,077 Successfully completed frappe.utils.background_jobs.execute_job(event=None, is_async=True, job_name='frappe.core.doctype.scheduled_job_type.scheduled_job_type.run_scheduled_jo..., kwargs={'job_type': 'erpnext.assets.doctype.asset_maintenance_log.asset_maintenanc..., method='frappe.core.doctype.scheduled_job_type.scheduled_job_type.run_scheduled_jo..., site='erpnext.localhost', user='Administrator') job in 0:00:00.168899s on worker 9857f917bb3a411a8e5afb7abda2b7da
2025-04-27 20:52:05,078 home-fy-Documents-GitHub-erpnext-frappe-bench:default: Job OK (erpnext.localhost||scheduled_job||89j9un4vf5)
2025-04-27 20:52:05,078 Result is kept for 600 seconds
2025-04-27 20:52:05,086 home-fy-Documents-GitHub-erpnext-frappe-bench:default: frappe.utils.background_jobs.execute_job(event=None, is_async=True, job_name='frappe.core.doctype.scheduled_job_type.scheduled_job_type.run_scheduled_jo..., kwargs={'job_type': 'erpnext.accounts.doctype.gl_entry.gl_entry.rename_gle_sle_doc..., method='frappe.core.doctype.scheduled_job_type.scheduled_job_type.run_scheduled_jo..., site='erpnext.localhost', user='Administrator') (erpnext.localhost||scheduled_job||89i8pcirqt)
2025-04-27 20:52:05,345 Successfully completed frappe.utils.background_jobs.execute_job(event=None, is_async=True, job_name='frappe.core.doctype.scheduled_job_type.scheduled_job_type.run_scheduled_jo..., kwargs={'job_type': 'erpnext.accounts.doctype.gl_entry.gl_entry.rename_gle_sle_doc..., method='frappe.core.doctype.scheduled_job_type.scheduled_job_type.run_scheduled_jo..., site='erpnext.localhost', user='Administrator') job in 0:00:00.247105s on worker 9857f917bb3a411a8e5afb7abda2b7da
2025-04-27 20:52:05,346 home-fy-Documents-GitHub-erpnext-frappe-bench:default: Job OK (erpnext.localhost||scheduled_job||89i8pcirqt)
2025-04-27 20:52:05,346 Result is kept for 600 seconds
2025-04-27 20:52:05,368 home-fy-Documents-GitHub-erpnext-frappe-bench:default: frappe.utils.background_jobs.execute_job(event=None, is_async=True, job_name='frappe.core.doctype.scheduled_job_type.scheduled_job_type.run_scheduled_jo..., kwargs={'job_type': 'erpnext.stock.doctype.serial_no.serial_no.update_maintenance_..., method='frappe.core.doctype.scheduled_job_type.scheduled_job_type.run_scheduled_jo..., site='erpnext.localhost', user='Administrator') (erpnext.localhost||scheduled_job||89i5knnrg3)
2025-04-27 20:52:05,635 Successfully completed frappe.utils.background_jobs.execute_job(event=None, is_async=True, job_name='frappe.core.doctype.scheduled_job_type.scheduled_job_type.run_scheduled_jo..., kwargs={'job_type': 'erpnext.stock.doctype.serial_no.serial_no.update_maintenance_..., method='frappe.core.doctype.scheduled_job_type.scheduled_job_type.run_scheduled_jo..., site='erpnext.localhost', user='Administrator') job in 0:00:00.253484s on worker 9857f917bb3a411a8e5afb7abda2b7da
2025-04-27 20:52:05,636 home-fy-Documents-GitHub-erpnext-frappe-bench:default: Job OK (erpnext.localhost||scheduled_job||89i5knnrg3)
2025-04-27 20:52:05,636 Result is kept for 600 seconds
2025-04-27 20:52:05,641 home-fy-Documents-GitHub-erpnext-frappe-bench:default: frappe.utils.background_jobs.execute_job(event=None, is_async=True, job_name='frappe.core.doctype.scheduled_job_type.scheduled_job_type.run_scheduled_jo..., kwargs={'job_type': 'erpnext.accounts.doctype.process_statement_of_accounts.proces..., method='frappe.core.doctype.scheduled_job_type.scheduled_job_type.run_scheduled_jo..., site='erpnext.localhost', user='Administrator') (erpnext.localhost||scheduled_job||89ju28ubsl)
2025-04-27 20:52:05,988 Successfully completed frappe.utils.background_jobs.execute_job(event=None, is_async=True, job_name='frappe.core.doctype.scheduled_job_type.scheduled_job_type.run_scheduled_jo..., kwargs={'job_type': 'erpnext.accounts.doctype.process_statement_of_accounts.proces..., method='frappe.core.doctype.scheduled_job_type.scheduled_job_type.run_scheduled_jo..., site='erpnext.localhost', user='Administrator') job in 0:00:00.341853s on worker 9857f917bb3a411a8e5afb7abda2b7da
2025-04-27 20:52:05,989 home-fy-Documents-GitHub-erpnext-frappe-bench:default: Job OK (erpnext.localhost||scheduled_job||89ju28ubsl)
2025-04-27 20:52:05,989 Result is kept for 600 seconds
2025-04-27 20:52:05,995 home-fy-Documents-GitHub-erpnext-frappe-bench:default: frappe.utils.background_jobs.execute_job(event=None, is_async=True, job_name='frappe.core.doctype.scheduled_job_type.scheduled_job_type.run_scheduled_jo..., kwargs={'job_type': 'erpnext.selling.doctype.quotation.quotation.set_expired_statu..., method='frappe.core.doctype.scheduled_job_type.scheduled_job_type.run_scheduled_jo..., site='erpnext.localhost', user='Administrator') (erpnext.localhost||scheduled_job||89jefmu9b0)
2025-04-27 20:52:06,189 Successfully completed frappe.utils.background_jobs.execute_job(event=None, is_async=True, job_name='frappe.core.doctype.scheduled_job_type.scheduled_job_type.run_scheduled_jo..., kwargs={'job_type': 'erpnext.selling.doctype.quotation.quotation.set_expired_statu..., method='frappe.core.doctype.scheduled_job_type.scheduled_job_type.run_scheduled_jo..., site='erpnext.localhost', user='Administrator') job in 0:00:00.186483s on worker 9857f917bb3a411a8e5afb7abda2b7da
2025-04-27 20:52:06,189 home-fy-Documents-GitHub-erpnext-frappe-bench:default: Job OK (erpnext.localhost||scheduled_job||89jefmu9b0)
2025-04-27 20:52:06,189 Result is kept for 600 seconds
2025-04-27 20:52:06,198 home-fy-Documents-GitHub-erpnext-frappe-bench:default: frappe.utils.background_jobs.execute_job(event=None, is_async=True, job_name='frappe.core.doctype.scheduled_job_type.scheduled_job_type.run_scheduled_jo..., kwargs={'job_type': 'frappe.email.doctype.email_account.email_account.pull', 'sche..., method='frappe.core.doctype.scheduled_job_type.scheduled_job_type.run_scheduled_jo..., site='erpnext.localhost', user='Administrator') (erpnext.localhost||scheduled_job||57fv1s5ve3)
2025-04-27 20:52:06,364 Successfully completed frappe.utils.background_jobs.execute_job(event=None, is_async=True, job_name='frappe.core.doctype.scheduled_job_type.scheduled_job_type.run_scheduled_jo..., kwargs={'job_type': 'frappe.email.doctype.email_account.email_account.pull', 'sche..., method='frappe.core.doctype.scheduled_job_type.scheduled_job_type.run_scheduled_jo..., site='erpnext.localhost', user='Administrator') job in 0:00:00.158824s on worker 9857f917bb3a411a8e5afb7abda2b7da
2025-04-27 20:52:06,365 home-fy-Documents-GitHub-erpnext-frappe-bench:default: Job OK (erpnext.localhost||scheduled_job||57fv1s5ve3)
2025-04-27 20:52:06,365 Result is kept for 600 seconds
2025-04-27 20:52:06,370 home-fy-Documents-GitHub-erpnext-frappe-bench:default: frappe.utils.background_jobs.execute_job(event=None, is_async=True, job_name='frappe.core.doctype.scheduled_job_type.scheduled_job_type.run_scheduled_jo..., kwargs={'job_type': 'frappe.sessions.clear_expired_sessions', 'scheduled_job_type'..., method='frappe.core.doctype.scheduled_job_type.scheduled_job_type.run_scheduled_jo..., site='erpnext.localhost', user='Administrator') (erpnext.localhost||scheduled_job||57fshimmes)
2025-04-27 20:52:06,519 Successfully completed frappe.utils.background_jobs.execute_job(event=None, is_async=True, job_name='frappe.core.doctype.scheduled_job_type.scheduled_job_type.run_scheduled_jo..., kwargs={'job_type': 'frappe.sessions.clear_expired_sessions', 'scheduled_job_type'..., method='frappe.core.doctype.scheduled_job_type.scheduled_job_type.run_scheduled_jo..., site='erpnext.localhost', user='Administrator') job in 0:00:00.143573s on worker 9857f917bb3a411a8e5afb7abda2b7da
2025-04-27 20:52:06,520 home-fy-Documents-GitHub-erpnext-frappe-bench:default: Job OK (erpnext.localhost||scheduled_job||57fshimmes)
2025-04-27 20:52:06,520 Result is kept for 600 seconds
2025-04-27 20:52:06,525 home-fy-Documents-GitHub-erpnext-frappe-bench:default: frappe.utils.background_jobs.execute_job(event=None, is_async=True, job_name='frappe.core.doctype.scheduled_job_type.scheduled_job_type.run_scheduled_jo..., kwargs={'job_type': 'erpnext.projects.doctype.project.project.update_project_sales..., method='frappe.core.doctype.scheduled_job_type.scheduled_job_type.run_scheduled_jo..., site='erpnext.localhost', user='Administrator') (erpnext.localhost||scheduled_job||89ipo5n35d)
2025-04-27 20:52:06,683 Successfully completed frappe.utils.background_jobs.execute_job(event=None, is_async=True, job_name='frappe.core.doctype.scheduled_job_type.scheduled_job_type.run_scheduled_jo..., kwargs={'job_type': 'erpnext.projects.doctype.project.project.update_project_sales..., method='frappe.core.doctype.scheduled_job_type.scheduled_job_type.run_scheduled_jo..., site='erpnext.localhost', user='Administrator') job in 0:00:00.151073s on worker 9857f917bb3a411a8e5afb7abda2b7da
2025-04-27 20:52:06,684 home-fy-Documents-GitHub-erpnext-frappe-bench:default: Job OK (erpnext.localhost||scheduled_job||89ipo5n35d)
2025-04-27 20:52:06,684 Result is kept for 600 seconds
2025-04-27 20:52:06,689 home-fy-Documents-GitHub-erpnext-frappe-bench:default: frappe.utils.background_jobs.execute_job(event=None, is_async=True, job_name='frappe.core.doctype.scheduled_job_type.scheduled_job_type.run_scheduled_jo..., kwargs={'job_type': 'erpnext.projects.doctype.project.project.hourly_reminder', 's..., method='frappe.core.doctype.scheduled_job_type.scheduled_job_type.run_scheduled_jo..., site='erpnext.localhost', user='Administrator') (erpnext.localhost||scheduled_job||89i2c3pn5b)
2025-04-27 20:52:06,883 Successfully completed frappe.utils.background_jobs.execute_job(event=None, is_async=True, job_name='frappe.core.doctype.scheduled_job_type.scheduled_job_type.run_scheduled_jo..., kwargs={'job_type': 'erpnext.projects.doctype.project.project.hourly_reminder', 's..., method='frappe.core.doctype.scheduled_job_type.scheduled_job_type.run_scheduled_jo..., site='erpnext.localhost', user='Administrator') job in 0:00:00.186522s on worker 9857f917bb3a411a8e5afb7abda2b7da
2025-04-27 20:52:06,883 home-fy-Documents-GitHub-erpnext-frappe-bench:default: Job OK (erpnext.localhost||scheduled_job||89i2c3pn5b)
2025-04-27 20:52:06,883 Result is kept for 600 seconds
2025-04-27 20:52:06,888 home-fy-Documents-GitHub-erpnext-frappe-bench:default: frappe.utils.background_jobs.execute_job(event=None, is_async=True, job_name='frappe.core.doctype.scheduled_job_type.scheduled_job_type.run_scheduled_jo..., kwargs={'job_type': 'erpnext.accounts.doctype.fiscal_year.fiscal_year.auto_create_..., method='frappe.core.doctype.scheduled_job_type.scheduled_job_type.run_scheduled_jo..., site='erpnext.localhost', user='Administrator') (erpnext.localhost||scheduled_job||89ij00qlmm)
2025-04-27 20:52:07,036 Successfully completed frappe.utils.background_jobs.execute_job(event=None, is_async=True, job_name='frappe.core.doctype.scheduled_job_type.scheduled_job_type.run_scheduled_jo..., kwargs={'job_type': 'erpnext.accounts.doctype.fiscal_year.fiscal_year.auto_create_..., method='frappe.core.doctype.scheduled_job_type.scheduled_job_type.run_scheduled_jo..., site='erpnext.localhost', user='Administrator') job in 0:00:00.141655s on worker 9857f917bb3a411a8e5afb7abda2b7da
2025-04-27 20:52:07,036 home-fy-Documents-GitHub-erpnext-frappe-bench:default: Job OK (erpnext.localhost||scheduled_job||89ij00qlmm)
2025-04-27 20:52:07,036 Result is kept for 600 seconds
2025-04-27 20:52:07,042 home-fy-Documents-GitHub-erpnext-frappe-bench:default: frappe.utils.background_jobs.execute_job(event=None, is_async=True, job_name='frappe.core.doctype.scheduled_job_type.scheduled_job_type.run_scheduled_jo..., kwargs={'job_type': 'frappe.model.utils.link_count.update_link_count', 'scheduled_..., method='frappe.core.doctype.scheduled_job_type.scheduled_job_type.run_scheduled_jo..., site='erpnext.localhost', user='Administrator') (erpnext.localhost||scheduled_job||57frs43oag)
2025-04-27 20:52:07,208 Successfully completed frappe.utils.background_jobs.execute_job(event=None, is_async=True, job_name='frappe.core.doctype.scheduled_job_type.scheduled_job_type.run_scheduled_jo..., kwargs={'job_type': 'frappe.model.utils.link_count.update_link_count', 'scheduled_..., method='frappe.core.doctype.scheduled_job_type.scheduled_job_type.run_scheduled_jo..., site='erpnext.localhost', user='Administrator') job in 0:00:00.158779s on worker 9857f917bb3a411a8e5afb7abda2b7da
2025-04-27 20:52:07,208 home-fy-Documents-GitHub-erpnext-frappe-bench:default: Job OK (erpnext.localhost||scheduled_job||57frs43oag)
2025-04-27 20:52:07,208 Result is kept for 600 seconds
2025-04-27 20:52:07,215 home-fy-Documents-GitHub-erpnext-frappe-bench:default: frappe.utils.background_jobs.execute_job(event=None, is_async=True, job_name='frappe.core.doctype.scheduled_job_type.scheduled_job_type.run_scheduled_jo..., kwargs={'job_type': 'erpnext.utilities.doctype.video.video.update_youtube_data', '..., method='frappe.core.doctype.scheduled_job_type.scheduled_job_type.run_scheduled_jo..., site='erpnext.localhost', user='Administrator') (erpnext.localhost||scheduled_job||89iu8e1d0s)
2025-04-27 20:52:07,721 Successfully completed frappe.utils.background_jobs.execute_job(event=None, is_async=True, job_name='frappe.core.doctype.scheduled_job_type.scheduled_job_type.run_scheduled_jo..., kwargs={'job_type': 'erpnext.utilities.doctype.video.video.update_youtube_data', '..., method='frappe.core.doctype.scheduled_job_type.scheduled_job_type.run_scheduled_jo..., site='erpnext.localhost', user='Administrator') job in 0:00:00.497326s on worker 9857f917bb3a411a8e5afb7abda2b7da
2025-04-27 20:52:07,721 home-fy-Documents-GitHub-erpnext-frappe-bench:default: Job OK (erpnext.localhost||scheduled_job||89iu8e1d0s)
2025-04-27 20:52:07,721 Result is kept for 600 seconds
2025-04-27 20:52:07,733 home-fy-Documents-GitHub-erpnext-frappe-bench:default: frappe.utils.background_jobs.execute_job(event=None, is_async=True, job_name='frappe.core.doctype.scheduled_job_type.scheduled_job_type.run_scheduled_jo..., kwargs={'job_type': 'erpnext.projects.doctype.project.project.collect_project_stat..., method='frappe.core.doctype.scheduled_job_type.scheduled_job_type.run_scheduled_jo..., site='erpnext.localhost', user='Administrator') (erpnext.localhost||scheduled_job||89icse71ar)
2025-04-27 20:52:07,896 Successfully completed frappe.utils.background_jobs.execute_job(event=None, is_async=True, job_name='frappe.core.doctype.scheduled_job_type.scheduled_job_type.run_scheduled_jo..., kwargs={'job_type': 'erpnext.projects.doctype.project.project.collect_project_stat..., method='frappe.core.doctype.scheduled_job_type.scheduled_job_type.run_scheduled_jo..., site='erpnext.localhost', user='Administrator') job in 0:00:00.155265s on worker 9857f917bb3a411a8e5afb7abda2b7da
2025-04-27 20:52:07,896 home-fy-Documents-GitHub-erpnext-frappe-bench:default: Job OK (erpnext.localhost||scheduled_job||89icse71ar)
2025-04-27 20:52:07,896 Result is kept for 600 seconds
2025-04-27 20:52:07,903 home-fy-Documents-GitHub-erpnext-frappe-bench:default: frappe.utils.background_jobs.execute_job(event=None, is_async=True, job_name='frappe.core.doctype.scheduled_job_type.scheduled_job_type.run_scheduled_jo..., kwargs={'job_type': 'frappe.website.doctype.web_page.web_page.check_publish_status..., method='frappe.core.doctype.scheduled_job_type.scheduled_job_type.run_scheduled_jo..., site='erpnext.localhost', user='Administrator') (erpnext.localhost||scheduled_job||57fgj7ebgg)
2025-04-27 20:52:08,141 Successfully completed frappe.utils.background_jobs.execute_job(event=None, is_async=True, job_name='frappe.core.doctype.scheduled_job_type.scheduled_job_type.run_scheduled_jo..., kwargs={'job_type': 'frappe.website.doctype.web_page.web_page.check_publish_status..., method='frappe.core.doctype.scheduled_job_type.scheduled_job_type.run_scheduled_jo..., site='erpnext.localhost', user='Administrator') job in 0:00:00.233328s on worker 9857f917bb3a411a8e5afb7abda2b7da
2025-04-27 20:52:08,142 home-fy-Documents-GitHub-erpnext-frappe-bench:default: Job OK (erpnext.localhost||scheduled_job||57fgj7ebgg)
2025-04-27 20:52:08,142 Result is kept for 600 seconds
2025-04-27 20:52:08,147 home-fy-Documents-GitHub-erpnext-frappe-bench:default: frappe.utils.background_jobs.execute_job(event=None, is_async=True, job_name='frappe.core.doctype.scheduled_job_type.scheduled_job_type.run_scheduled_jo..., kwargs={'job_type': 'erpnext.accounts.utils.run_ledger_health_checks', 'scheduled_..., method='frappe.core.doctype.scheduled_job_type.scheduled_job_type.run_scheduled_jo..., site='erpnext.localhost', user='Administrator') (erpnext.localhost||scheduled_job||89j67482f0)
2025-04-27 20:52:08,375 Successfully completed frappe.utils.background_jobs.execute_job(event=None, is_async=True, job_name='frappe.core.doctype.scheduled_job_type.scheduled_job_type.run_scheduled_jo..., kwargs={'job_type': 'erpnext.accounts.utils.run_ledger_health_checks', 'scheduled_..., method='frappe.core.doctype.scheduled_job_type.scheduled_job_type.run_scheduled_jo..., site='erpnext.localhost', user='Administrator') job in 0:00:00.222319s on worker 9857f917bb3a411a8e5afb7abda2b7da
2025-04-27 20:52:08,375 home-fy-Documents-GitHub-erpnext-frappe-bench:default: Job OK (erpnext.localhost||scheduled_job||89j67482f0)
2025-04-27 20:52:08,375 Result is kept for 600 seconds
2025-04-27 20:52:08,380 home-fy-Documents-GitHub-erpnext-frappe-bench:default: frappe.utils.background_jobs.execute_job(event=None, is_async=True, job_name='frappe.core.doctype.scheduled_job_type.scheduled_job_type.run_scheduled_jo..., kwargs={'job_type': 'erpnext.stock.reorder_item.reorder_item', 'scheduled_job_type..., method='frappe.core.doctype.scheduled_job_type.scheduled_job_type.run_scheduled_jo..., site='erpnext.localhost', user='Administrator') (erpnext.localhost||scheduled_job||89i90uqdl8)
2025-04-27 20:52:08,633 Successfully completed frappe.utils.background_jobs.execute_job(event=None, is_async=True, job_name='frappe.core.doctype.scheduled_job_type.scheduled_job_type.run_scheduled_jo..., kwargs={'job_type': 'erpnext.stock.reorder_item.reorder_item', 'scheduled_job_type..., method='frappe.core.doctype.scheduled_job_type.scheduled_job_type.run_scheduled_jo..., site='erpnext.localhost', user='Administrator') job in 0:00:00.246917s on worker 9857f917bb3a411a8e5afb7abda2b7da
2025-04-27 20:52:08,633 home-fy-Documents-GitHub-erpnext-frappe-bench:default: Job OK (erpnext.localhost||scheduled_job||89i90uqdl8)
2025-04-27 20:52:08,633 Result is kept for 600 seconds
2025-04-27 20:52:08,638 home-fy-Documents-GitHub-erpnext-frappe-bench:default: frappe.utils.background_jobs.execute_job(event=None, is_async=True, job_name='frappe.core.doctype.scheduled_job_type.scheduled_job_type.run_scheduled_jo..., kwargs={'job_type': 'erpnext.support.doctype.issue.issue.auto_close_tickets', 'sch..., method='frappe.core.doctype.scheduled_job_type.scheduled_job_type.run_scheduled_jo..., site='erpnext.localhost', user='Administrator') (erpnext.localhost||scheduled_job||89ioga720u)
2025-04-27 20:52:08,814 Successfully completed frappe.utils.background_jobs.execute_job(event=None, is_async=True, job_name='frappe.core.doctype.scheduled_job_type.scheduled_job_type.run_scheduled_jo..., kwargs={'job_type': 'erpnext.support.doctype.issue.issue.auto_close_tickets', 'sch..., method='frappe.core.doctype.scheduled_job_type.scheduled_job_type.run_scheduled_jo..., site='erpnext.localhost', user='Administrator') job in 0:00:00.169643s on worker 9857f917bb3a411a8e5afb7abda2b7da
2025-04-27 20:52:08,814 home-fy-Documents-GitHub-erpnext-frappe-bench:default: Job OK (erpnext.localhost||scheduled_job||89ioga720u)
2025-04-27 20:52:08,814 Result is kept for 600 seconds
2025-04-27 20:52:08,819 home-fy-Documents-GitHub-erpnext-frappe-bench:default: frappe.utils.background_jobs.execute_job(event=None, is_async=True, job_name='frappe.core.doctype.scheduled_job_type.scheduled_job_type.run_scheduled_jo..., kwargs={'job_type': 'frappe.integrations.doctype.google_calendar.google_calendar.s..., method='frappe.core.doctype.scheduled_job_type.scheduled_job_type.run_scheduled_jo..., site='erpnext.localhost', user='Administrator') (erpnext.localhost||scheduled_job||57fp7enf9v)
2025-04-27 20:52:09,150 Successfully completed frappe.utils.background_jobs.execute_job(event=None, is_async=True, job_name='frappe.core.doctype.scheduled_job_type.scheduled_job_type.run_scheduled_jo..., kwargs={'job_type': 'frappe.integrations.doctype.google_calendar.google_calendar.s..., method='frappe.core.doctype.scheduled_job_type.scheduled_job_type.run_scheduled_jo..., site='erpnext.localhost', user='Administrator') job in 0:00:00.325230s on worker 9857f917bb3a411a8e5afb7abda2b7da
2025-04-27 20:52:09,150 home-fy-Documents-GitHub-erpnext-frappe-bench:default: Job OK (erpnext.localhost||scheduled_job||57fp7enf9v)
2025-04-27 20:52:09,150 Result is kept for 600 seconds
2025-04-27 20:52:09,155 home-fy-Documents-GitHub-erpnext-frappe-bench:default: frappe.utils.background_jobs.execute_job(event=None, is_async=True, job_name='frappe.core.doctype.scheduled_job_type.scheduled_job_type.run_scheduled_jo..., kwargs={'job_type': 'erpnext.manufacturing.doctype.bom_update_log.bom_update_log.r..., method='frappe.core.doctype.scheduled_job_type.scheduled_job_type.run_scheduled_jo..., site='erpnext.localhost', user='Administrator') (erpnext.localhost||scheduled_job||89h36b9fje)
2025-04-27 20:52:09,317 Successfully completed frappe.utils.background_jobs.execute_job(event=None, is_async=True, job_name='frappe.core.doctype.scheduled_job_type.scheduled_job_type.run_scheduled_jo..., kwargs={'job_type': 'erpnext.manufacturing.doctype.bom_update_log.bom_update_log.r..., method='frappe.core.doctype.scheduled_job_type.scheduled_job_type.run_scheduled_jo..., site='erpnext.localhost', user='Administrator') job in 0:00:00.154339s on worker 9857f917bb3a411a8e5afb7abda2b7da
2025-04-27 20:52:09,317 home-fy-Documents-GitHub-erpnext-frappe-bench:default: Job OK (erpnext.localhost||scheduled_job||89h36b9fje)
2025-04-27 20:52:09,317 Result is kept for 600 seconds
2025-04-27 20:52:09,322 home-fy-Documents-GitHub-erpnext-frappe-bench:default: frappe.utils.background_jobs.execute_job(event=None, is_async=True, job_name='frappe.core.doctype.scheduled_job_type.scheduled_job_type.run_scheduled_jo..., kwargs={'job_type': 'erpnext.crm.doctype.email_campaign.email_campaign.set_email_c..., method='frappe.core.doctype.scheduled_job_type.scheduled_job_type.run_scheduled_jo..., site='erpnext.localhost', user='Administrator') (erpnext.localhost||scheduled_job||89jgoj1kpv)
2025-04-27 20:52:09,579 Successfully completed frappe.utils.background_jobs.execute_job(event=None, is_async=True, job_name='frappe.core.doctype.scheduled_job_type.scheduled_job_type.run_scheduled_jo..., kwargs={'job_type': 'erpnext.crm.doctype.email_campaign.email_campaign.set_email_c..., method='frappe.core.doctype.scheduled_job_type.scheduled_job_type.run_scheduled_jo..., site='erpnext.localhost', user='Administrator') job in 0:00:00.250578s on worker 9857f917bb3a411a8e5afb7abda2b7da
2025-04-27 20:52:09,579 home-fy-Documents-GitHub-erpnext-frappe-bench:default: Job OK (erpnext.localhost||scheduled_job||89jgoj1kpv)
2025-04-27 20:52:09,579 Result is kept for 600 seconds
2025-04-27 20:52:09,584 home-fy-Documents-GitHub-erpnext-frappe-bench:default: frappe.utils.background_jobs.execute_job(event=None, is_async=True, job_name='frappe.core.doctype.scheduled_job_type.scheduled_job_type.run_scheduled_jo..., kwargs={'job_type': 'frappe.website.doctype.personal_data_deletion_request.persona..., method='frappe.core.doctype.scheduled_job_type.scheduled_job_type.run_scheduled_jo..., site='erpnext.localhost', user='Administrator') (erpnext.localhost||scheduled_job||57fiv1u7v1)
2025-04-27 20:52:09,766 Successfully completed frappe.utils.background_jobs.execute_job(event=None, is_async=True, job_name='frappe.core.doctype.scheduled_job_type.scheduled_job_type.run_scheduled_jo..., kwargs={'job_type': 'frappe.website.doctype.personal_data_deletion_request.persona..., method='frappe.core.doctype.scheduled_job_type.scheduled_job_type.run_scheduled_jo..., site='erpnext.localhost', user='Administrator') job in 0:00:00.175713s on worker 9857f917bb3a411a8e5afb7abda2b7da
2025-04-27 20:52:09,766 home-fy-Documents-GitHub-erpnext-frappe-bench:default: Job OK (erpnext.localhost||scheduled_job||57fiv1u7v1)
2025-04-27 20:52:09,766 Result is kept for 600 seconds
2025-04-27 20:52:09,771 home-fy-Documents-GitHub-erpnext-frappe-bench:default: frappe.utils.background_jobs.execute_job(event=None, is_async=True, job_name='frappe.core.doctype.scheduled_job_type.scheduled_job_type.run_scheduled_jo..., kwargs={'job_type': 'frappe.website.doctype.personal_data_deletion_request.persona..., method='frappe.core.doctype.scheduled_job_type.scheduled_job_type.run_scheduled_jo..., site='erpnext.localhost', user='Administrator') (erpnext.localhost||scheduled_job||57f0ibo7lv)
2025-04-27 20:52:09,914 Successfully completed frappe.utils.background_jobs.execute_job(event=None, is_async=True, job_name='frappe.core.doctype.scheduled_job_type.scheduled_job_type.run_scheduled_jo..., kwargs={'job_type': 'frappe.website.doctype.personal_data_deletion_request.persona..., method='frappe.core.doctype.scheduled_job_type.scheduled_job_type.run_scheduled_jo..., site='erpnext.localhost', user='Administrator') job in 0:00:00.137134s on worker 9857f917bb3a411a8e5afb7abda2b7da
2025-04-27 20:52:09,914 home-fy-Documents-GitHub-erpnext-frappe-bench:default: Job OK (erpnext.localhost||scheduled_job||57f0ibo7lv)
2025-04-27 20:52:09,914 Result is kept for 600 seconds
2025-04-27 20:52:09,919 home-fy-Documents-GitHub-erpnext-frappe-bench:default: frappe.utils.background_jobs.execute_job(event=None, is_async=True, job_name='frappe.core.doctype.scheduled_job_type.scheduled_job_type.run_scheduled_jo..., kwargs={'job_type': 'frappe.email.doctype.email_account.email_account.notify_unrep..., method='frappe.core.doctype.scheduled_job_type.scheduled_job_type.run_scheduled_jo..., site='erpnext.localhost', user='Administrator') (erpnext.localhost||scheduled_job||57frb6dct5)
2025-04-27 20:52:10,092 Successfully completed frappe.utils.background_jobs.execute_job(event=None, is_async=True, job_name='frappe.core.doctype.scheduled_job_type.scheduled_job_type.run_scheduled_jo..., kwargs={'job_type': 'frappe.email.doctype.email_account.email_account.notify_unrep..., method='frappe.core.doctype.scheduled_job_type.scheduled_job_type.run_scheduled_jo..., site='erpnext.localhost', user='Administrator') job in 0:00:00.165817s on worker 9857f917bb3a411a8e5afb7abda2b7da
2025-04-27 20:52:10,093 home-fy-Documents-GitHub-erpnext-frappe-bench:default: Job OK (erpnext.localhost||scheduled_job||57frb6dct5)
2025-04-27 20:52:10,093 Result is kept for 600 seconds
2025-04-27 20:52:10,103 home-fy-Documents-GitHub-erpnext-frappe-bench:default: frappe.utils.background_jobs.execute_job(event=None, is_async=True, job_name='frappe.core.doctype.scheduled_job_type.scheduled_job_type.run_scheduled_jo..., kwargs={'job_type': 'erpnext.erpnext_integrations.doctype.plaid_settings.plaid_set..., method='frappe.core.doctype.scheduled_job_type.scheduled_job_type.run_scheduled_jo..., site='erpnext.localhost', user='Administrator') (erpnext.localhost||scheduled_job||89i1mb4413)
2025-04-27 20:52:10,305 Successfully completed frappe.utils.background_jobs.execute_job(event=None, is_async=True, job_name='frappe.core.doctype.scheduled_job_type.scheduled_job_type.run_scheduled_jo..., kwargs={'job_type': 'erpnext.erpnext_integrations.doctype.plaid_settings.plaid_set..., method='frappe.core.doctype.scheduled_job_type.scheduled_job_type.run_scheduled_jo..., site='erpnext.localhost', user='Administrator') job in 0:00:00.195271s on worker 9857f917bb3a411a8e5afb7abda2b7da
2025-04-27 20:52:10,305 home-fy-Documents-GitHub-erpnext-frappe-bench:default: Job OK (erpnext.localhost||scheduled_job||89i1mb4413)
2025-04-27 20:52:10,305 Result is kept for 600 seconds
2025-04-27 20:52:10,310 home-fy-Documents-GitHub-erpnext-frappe-bench:default: frappe.utils.background_jobs.execute_job(event=None, is_async=True, job_name='frappe.core.doctype.scheduled_job_type.scheduled_job_type.run_scheduled_jo..., kwargs={'job_type': 'frappe.monitor.flush', 'scheduled_job_type': '57fcr9524j'}, method='frappe.core.doctype.scheduled_job_type.scheduled_job_type.run_scheduled_jo..., site='erpnext.localhost', user='Administrator') (erpnext.localhost||scheduled_job||57fcr9524j)
2025-04-27 20:52:10,431 Successfully completed frappe.utils.background_jobs.execute_job(event=None, is_async=True, job_name='frappe.core.doctype.scheduled_job_type.scheduled_job_type.run_scheduled_jo..., kwargs={'job_type': 'frappe.monitor.flush', 'scheduled_job_type': '57fcr9524j'}, method='frappe.core.doctype.scheduled_job_type.scheduled_job_type.run_scheduled_jo..., site='erpnext.localhost', user='Administrator') job in 0:00:00.114768s on worker 9857f917bb3a411a8e5afb7abda2b7da
2025-04-27 20:52:10,431 home-fy-Documents-GitHub-erpnext-frappe-bench:default: Job OK (erpnext.localhost||scheduled_job||57fcr9524j)
2025-04-27 20:52:10,431 Result is kept for 600 seconds
2025-04-27 20:52:10,437 home-fy-Documents-GitHub-erpnext-frappe-bench:default: frappe.utils.background_jobs.execute_job(event=None, is_async=True, job_name='frappe.core.doctype.scheduled_job_type.scheduled_job_type.run_scheduled_jo..., kwargs={'job_type': 'frappe.email.doctype.notification.notification.trigger_offset..., method='frappe.core.doctype.scheduled_job_type.scheduled_job_type.run_scheduled_jo..., site='erpnext.localhost', user='Administrator') (erpnext.localhost||scheduled_job||57fmqjdgf7)
2025-04-27 20:52:10,565 Successfully completed frappe.utils.background_jobs.execute_job(event=None, is_async=True, job_name='frappe.core.doctype.scheduled_job_type.scheduled_job_type.run_scheduled_jo..., kwargs={'job_type': 'frappe.email.doctype.notification.notification.trigger_offset..., method='frappe.core.doctype.scheduled_job_type.scheduled_job_type.run_scheduled_jo..., site='erpnext.localhost', user='Administrator') job in 0:00:00.121649s on worker 9857f917bb3a411a8e5afb7abda2b7da
2025-04-27 20:52:10,565 home-fy-Documents-GitHub-erpnext-frappe-bench:default: Job OK (erpnext.localhost||scheduled_job||57fmqjdgf7)
2025-04-27 20:52:10,565 Result is kept for 600 seconds
2025-04-27 20:52:10,570 home-fy-Documents-GitHub-erpnext-frappe-bench:default: frappe.utils.background_jobs.execute_job(event=None, is_async=True, job_name='frappe.core.doctype.scheduled_job_type.scheduled_job_type.run_scheduled_jo..., kwargs={'job_type': 'frappe.oauth.delete_oauth2_data', 'scheduled_job_type': '57fh..., method='frappe.core.doctype.scheduled_job_type.scheduled_job_type.run_scheduled_jo..., site='erpnext.localhost', user='Administrator') (erpnext.localhost||scheduled_job||57fh804btu)
2025-04-27 20:52:10,723 Successfully completed frappe.utils.background_jobs.execute_job(event=None, is_async=True, job_name='frappe.core.doctype.scheduled_job_type.scheduled_job_type.run_scheduled_jo..., kwargs={'job_type': 'frappe.oauth.delete_oauth2_data', 'scheduled_job_type': '57fh..., method='frappe.core.doctype.scheduled_job_type.scheduled_job_type.run_scheduled_jo..., site='erpnext.localhost', user='Administrator') job in 0:00:00.146825s on worker 9857f917bb3a411a8e5afb7abda2b7da
2025-04-27 20:52:10,723 home-fy-Documents-GitHub-erpnext-frappe-bench:default: Job OK (erpnext.localhost||scheduled_job||57fh804btu)
2025-04-27 20:52:10,723 Result is kept for 600 seconds
2025-04-27 20:52:10,729 home-fy-Documents-GitHub-erpnext-frappe-bench:default: frappe.utils.background_jobs.execute_job(event=None, is_async=True, job_name='frappe.core.doctype.scheduled_job_type.scheduled_job_type.run_scheduled_jo..., kwargs={'job_type': 'frappe.email.doctype.newsletter.newsletter.send_scheduled_ema..., method='frappe.core.doctype.scheduled_job_type.scheduled_job_type.run_scheduled_jo..., site='erpnext.localhost', user='Administrator') (erpnext.localhost||scheduled_job||57fmngj7vv)
2025-04-27 20:52:10,950 Successfully completed frappe.utils.background_jobs.execute_job(event=None, is_async=True, job_name='frappe.core.doctype.scheduled_job_type.scheduled_job_type.run_scheduled_jo..., kwargs={'job_type': 'frappe.email.doctype.newsletter.newsletter.send_scheduled_ema..., method='frappe.core.doctype.scheduled_job_type.scheduled_job_type.run_scheduled_jo..., site='erpnext.localhost', user='Administrator') job in 0:00:00.214192s on worker 9857f917bb3a411a8e5afb7abda2b7da
2025-04-27 20:52:10,951 home-fy-Documents-GitHub-erpnext-frappe-bench:default: Job OK (erpnext.localhost||scheduled_job||57fmngj7vv)
2025-04-27 20:52:10,951 Result is kept for 600 seconds
2025-04-27 20:52:10,956 home-fy-Documents-GitHub-erpnext-frappe-bench:default: frappe.utils.background_jobs.execute_job(event=None, is_async=True, job_name='frappe.core.doctype.scheduled_job_type.scheduled_job_type.run_scheduled_jo..., kwargs={'job_type': 'erpnext.projects.doctype.project.project.project_status_updat..., method='frappe.core.doctype.scheduled_job_type.scheduled_job_type.run_scheduled_jo..., site='erpnext.localhost', user='Administrator') (erpnext.localhost||scheduled_job||89i4q6i7rg)
2025-04-27 20:52:11,113 Successfully completed frappe.utils.background_jobs.execute_job(event=None, is_async=True, job_name='frappe.core.doctype.scheduled_job_type.scheduled_job_type.run_scheduled_jo..., kwargs={'job_type': 'erpnext.projects.doctype.project.project.project_status_updat..., method='frappe.core.doctype.scheduled_job_type.scheduled_job_type.run_scheduled_jo..., site='erpnext.localhost', user='Administrator') job in 0:00:00.150727s on worker 9857f917bb3a411a8e5afb7abda2b7da
2025-04-27 20:52:11,113 home-fy-Documents-GitHub-erpnext-frappe-bench:default: Job OK (erpnext.localhost||scheduled_job||89i4q6i7rg)
2025-04-27 20:52:11,113 Result is kept for 600 seconds
2025-04-27 20:52:11,118 home-fy-Documents-GitHub-erpnext-frappe-bench:default: frappe.utils.background_jobs.execute_job(event=None, is_async=True, job_name='frappe.core.doctype.scheduled_job_type.scheduled_job_type.run_scheduled_jo..., kwargs={'job_type': 'erpnext.accounts.utils.auto_create_exchange_rate_revaluation_..., method='frappe.core.doctype.scheduled_job_type.scheduled_job_type.run_scheduled_jo..., site='erpnext.localhost', user='Administrator') (erpnext.localhost||scheduled_job||89k407p7im)
2025-04-27 20:52:11,282 Successfully completed frappe.utils.background_jobs.execute_job(event=None, is_async=True, job_name='frappe.core.doctype.scheduled_job_type.scheduled_job_type.run_scheduled_jo..., kwargs={'job_type': 'erpnext.accounts.utils.auto_create_exchange_rate_revaluation_..., method='frappe.core.doctype.scheduled_job_type.scheduled_job_type.run_scheduled_jo..., site='erpnext.localhost', user='Administrator') job in 0:00:00.157905s on worker 9857f917bb3a411a8e5afb7abda2b7da
2025-04-27 20:52:11,282 home-fy-Documents-GitHub-erpnext-frappe-bench:default: Job OK (erpnext.localhost||scheduled_job||89k407p7im)
2025-04-27 20:52:11,282 Result is kept for 600 seconds
2025-04-27 20:52:11,287 home-fy-Documents-GitHub-erpnext-frappe-bench:default: frappe.utils.background_jobs.execute_job(event=None, is_async=True, job_name='frappe.core.doctype.scheduled_job_type.scheduled_job_type.run_scheduled_jo..., kwargs={'job_type': 'erpnext.assets.doctype.asset.asset.update_maintenance_status'..., method='frappe.core.doctype.scheduled_job_type.scheduled_job_type.run_scheduled_jo..., site='erpnext.localhost', user='Administrator') (erpnext.localhost||scheduled_job||89ih5tjmkb)
2025-04-27 20:52:11,539 Successfully completed frappe.utils.background_jobs.execute_job(event=None, is_async=True, job_name='frappe.core.doctype.scheduled_job_type.scheduled_job_type.run_scheduled_jo..., kwargs={'job_type': 'erpnext.assets.doctype.asset.asset.update_maintenance_status'..., method='frappe.core.doctype.scheduled_job_type.scheduled_job_type.run_scheduled_jo..., site='erpnext.localhost', user='Administrator') job in 0:00:00.246324s on worker 9857f917bb3a411a8e5afb7abda2b7da
2025-04-27 20:52:11,539 home-fy-Documents-GitHub-erpnext-frappe-bench:default: Job OK (erpnext.localhost||scheduled_job||89ih5tjmkb)
2025-04-27 20:52:11,539 Result is kept for 600 seconds
2025-04-27 20:52:11,544 home-fy-Documents-GitHub-erpnext-frappe-bench:default: frappe.utils.background_jobs.execute_job(event=None, is_async=True, job_name='frappe.core.doctype.scheduled_job_type.scheduled_job_type.run_scheduled_jo..., kwargs={'job_type': 'frappe.automation.doctype.reminder.reminder.send_reminders', ..., method='frappe.core.doctype.scheduled_job_type.scheduled_job_type.run_scheduled_jo..., site='erpnext.localhost', user='Administrator') (erpnext.localhost||scheduled_job||57fmah7t11)
2025-04-27 20:52:11,709 Successfully completed frappe.utils.background_jobs.execute_job(event=None, is_async=True, job_name='frappe.core.doctype.scheduled_job_type.scheduled_job_type.run_scheduled_jo..., kwargs={'job_type': 'frappe.automation.doctype.reminder.reminder.send_reminders', ..., method='frappe.core.doctype.scheduled_job_type.scheduled_job_type.run_scheduled_jo..., site='erpnext.localhost', user='Administrator') job in 0:00:00.160150s on worker 9857f917bb3a411a8e5afb7abda2b7da
2025-04-27 20:52:11,710 home-fy-Documents-GitHub-erpnext-frappe-bench:default: Job OK (erpnext.localhost||scheduled_job||57fmah7t11)
2025-04-27 20:52:11,710 Result is kept for 600 seconds
2025-04-27 20:52:11,715 home-fy-Documents-GitHub-erpnext-frappe-bench:default: frappe.utils.background_jobs.execute_job(event=None, is_async=True, job_name='frappe.core.doctype.scheduled_job_type.scheduled_job_type.run_scheduled_jo..., kwargs={'job_type': 'erpnext.crm.doctype.opportunity.opportunity.auto_close_opport..., method='frappe.core.doctype.scheduled_job_type.scheduled_job_type.run_scheduled_jo..., site='erpnext.localhost', user='Administrator') (erpnext.localhost||scheduled_job||89io87em2q)
2025-04-27 20:52:11,927 Successfully completed frappe.utils.background_jobs.execute_job(event=None, is_async=True, job_name='frappe.core.doctype.scheduled_job_type.scheduled_job_type.run_scheduled_jo..., kwargs={'job_type': 'erpnext.crm.doctype.opportunity.opportunity.auto_close_opport..., method='frappe.core.doctype.scheduled_job_type.scheduled_job_type.run_scheduled_jo..., site='erpnext.localhost', user='Administrator') job in 0:00:00.203488s on worker 9857f917bb3a411a8e5afb7abda2b7da
2025-04-27 20:52:11,927 home-fy-Documents-GitHub-erpnext-frappe-bench:default: Job OK (erpnext.localhost||scheduled_job||89io87em2q)
2025-04-27 20:52:11,928 Result is kept for 600 seconds
2025-04-27 20:52:11,946 home-fy-Documents-GitHub-erpnext-frappe-bench:default: frappe.utils.background_jobs.execute_job(event=None, is_async=True, job_name='frappe.core.doctype.scheduled_job_type.scheduled_job_type.run_scheduled_jo..., kwargs={'job_type': 'frappe.model.utils.user_settings.sync_user_settings', 'schedu..., method='frappe.core.doctype.scheduled_job_type.scheduled_job_type.run_scheduled_jo..., site='erpnext.localhost', user='Administrator') (erpnext.localhost||scheduled_job||57fpat692s)
2025-04-27 20:52:12,158 Successfully completed frappe.utils.background_jobs.execute_job(event=None, is_async=True, job_name='frappe.core.doctype.scheduled_job_type.scheduled_job_type.run_scheduled_jo..., kwargs={'job_type': 'frappe.model.utils.user_settings.sync_user_settings', 'schedu..., method='frappe.core.doctype.scheduled_job_type.scheduled_job_type.run_scheduled_jo..., site='erpnext.localhost', user='Administrator') job in 0:00:00.194445s on worker 9857f917bb3a411a8e5afb7abda2b7da
2025-04-27 20:52:12,158 home-fy-Documents-GitHub-erpnext-frappe-bench:default: Job OK (erpnext.localhost||scheduled_job||57fpat692s)
2025-04-27 20:52:12,159 Result is kept for 600 seconds
2025-04-27 20:52:12,177 home-fy-Documents-GitHub-erpnext-frappe-bench:default: frappe.utils.background_jobs.execute_job(event=None, is_async=True, job_name='frappe.core.doctype.scheduled_job_type.scheduled_job_type.run_scheduled_jo..., kwargs={'job_type': 'frappe.twofactor.delete_all_barcodes_for_users', 'scheduled_j..., method='frappe.core.doctype.scheduled_job_type.scheduled_job_type.run_scheduled_jo..., site='erpnext.localhost', user='Administrator') (erpnext.localhost||scheduled_job||57f9udt3kh)
2025-04-27 20:52:12,374 Successfully completed frappe.utils.background_jobs.execute_job(event=None, is_async=True, job_name='frappe.core.doctype.scheduled_job_type.scheduled_job_type.run_scheduled_jo..., kwargs={'job_type': 'frappe.twofactor.delete_all_barcodes_for_users', 'scheduled_j..., method='frappe.core.doctype.scheduled_job_type.scheduled_job_type.run_scheduled_jo..., site='erpnext.localhost', user='Administrator') job in 0:00:00.180397s on worker 9857f917bb3a411a8e5afb7abda2b7da
2025-04-27 20:52:12,374 home-fy-Documents-GitHub-erpnext-frappe-bench:default: Job OK (erpnext.localhost||scheduled_job||57f9udt3kh)
2025-04-27 20:52:12,374 Result is kept for 600 seconds
2025-04-27 20:52:12,379 home-fy-Documents-GitHub-erpnext-frappe-bench:default: frappe.utils.background_jobs.execute_job(event=None, is_async=True, job_name='frappe.core.doctype.scheduled_job_type.scheduled_job_type.run_scheduled_jo..., kwargs={'job_type': 'frappe.desk.form.document_follow.send_daily_updates', 'schedu..., method='frappe.core.doctype.scheduled_job_type.scheduled_job_type.run_scheduled_jo..., site='erpnext.localhost', user='Administrator') (erpnext.localhost||scheduled_job||57fop0s41c)
2025-04-27 20:52:12,522 Successfully completed frappe.utils.background_jobs.execute_job(event=None, is_async=True, job_name='frappe.core.doctype.scheduled_job_type.scheduled_job_type.run_scheduled_jo..., kwargs={'job_type': 'frappe.desk.form.document_follow.send_daily_updates', 'schedu..., method='frappe.core.doctype.scheduled_job_type.scheduled_job_type.run_scheduled_jo..., site='erpnext.localhost', user='Administrator') job in 0:00:00.137501s on worker 9857f917bb3a411a8e5afb7abda2b7da
2025-04-27 20:52:12,522 home-fy-Documents-GitHub-erpnext-frappe-bench:default: Job OK (erpnext.localhost||scheduled_job||57fop0s41c)
2025-04-27 20:52:12,522 Result is kept for 600 seconds
2025-04-27 20:52:12,528 home-fy-Documents-GitHub-erpnext-frappe-bench:default: frappe.utils.background_jobs.execute_job(event=None, is_async=True, job_name='frappe.core.doctype.scheduled_job_type.scheduled_job_type.run_scheduled_jo..., kwargs={'job_type': 'frappe.email.doctype.notification.notification.trigger_daily_..., method='frappe.core.doctype.scheduled_job_type.scheduled_job_type.run_scheduled_jo..., site='erpnext.localhost', user='Administrator') (erpnext.localhost||scheduled_job||57f3rbnvo3)
2025-04-27 20:52:12,683 Successfully completed frappe.utils.background_jobs.execute_job(event=None, is_async=True, job_name='frappe.core.doctype.scheduled_job_type.scheduled_job_type.run_scheduled_jo..., kwargs={'job_type': 'frappe.email.doctype.notification.notification.trigger_daily_..., method='frappe.core.doctype.scheduled_job_type.scheduled_job_type.run_scheduled_jo..., site='erpnext.localhost', user='Administrator') job in 0:00:00.145679s on worker 9857f917bb3a411a8e5afb7abda2b7da
2025-04-27 20:52:12,683 home-fy-Documents-GitHub-erpnext-frappe-bench:default: Job OK (erpnext.localhost||scheduled_job||57f3rbnvo3)
2025-04-27 20:52:12,683 Result is kept for 600 seconds
2025-04-27 20:52:12,695 home-fy-Documents-GitHub-erpnext-frappe-bench:default: frappe.utils.background_jobs.execute_job(event=None, is_async=True, job_name='frappe.core.doctype.scheduled_job_type.scheduled_job_type.run_scheduled_jo..., kwargs={'job_type': 'erpnext.buying.doctype.supplier_quotation.supplier_quotation...., method='frappe.core.doctype.scheduled_job_type.scheduled_job_type.run_scheduled_jo..., site='erpnext.localhost', user='Administrator') (erpnext.localhost||scheduled_job||89j9qct8q5)
2025-04-27 20:52:12,915 Successfully completed frappe.utils.background_jobs.execute_job(event=None, is_async=True, job_name='frappe.core.doctype.scheduled_job_type.scheduled_job_type.run_scheduled_jo..., kwargs={'job_type': 'erpnext.buying.doctype.supplier_quotation.supplier_quotation...., method='frappe.core.doctype.scheduled_job_type.scheduled_job_type.run_scheduled_jo..., site='erpnext.localhost', user='Administrator') job in 0:00:00.210835s on worker 9857f917bb3a411a8e5afb7abda2b7da
2025-04-27 20:52:12,915 home-fy-Documents-GitHub-erpnext-frappe-bench:default: Job OK (erpnext.localhost||scheduled_job||89j9qct8q5)
2025-04-27 20:52:12,916 Result is kept for 600 seconds
2025-04-27 20:52:12,921 home-fy-Documents-GitHub-erpnext-frappe-bench:default: frappe.utils.background_jobs.execute_job(event=None, is_async=True, job_name='frappe.core.doctype.scheduled_job_type.scheduled_job_type.run_scheduled_jo..., kwargs={'job_type': 'erpnext.projects.doctype.task.task.set_tasks_as_overdue', 'sc..., method='frappe.core.doctype.scheduled_job_type.scheduled_job_type.run_scheduled_jo..., site='erpnext.localhost', user='Administrator') (erpnext.localhost||scheduled_job||89ilta5snt)
2025-04-27 20:52:13,102 Successfully completed frappe.utils.background_jobs.execute_job(event=None, is_async=True, job_name='frappe.core.doctype.scheduled_job_type.scheduled_job_type.run_scheduled_jo..., kwargs={'job_type': 'erpnext.projects.doctype.task.task.set_tasks_as_overdue', 'sc..., method='frappe.core.doctype.scheduled_job_type.scheduled_job_type.run_scheduled_jo..., site='erpnext.localhost', user='Administrator') job in 0:00:00.174658s on worker 9857f917bb3a411a8e5afb7abda2b7da
2025-04-27 20:52:13,102 home-fy-Documents-GitHub-erpnext-frappe-bench:default: Job OK (erpnext.localhost||scheduled_job||89ilta5snt)
2025-04-27 20:52:13,102 Result is kept for 600 seconds
2025-04-27 20:52:13,107 home-fy-Documents-GitHub-erpnext-frappe-bench:default: frappe.utils.background_jobs.execute_job(event=None, is_async=True, job_name='frappe.core.doctype.scheduled_job_type.scheduled_job_type.run_scheduled_jo..., kwargs={'job_type': 'frappe.desk.notifications.clear_notifications', 'scheduled_jo..., method='frappe.core.doctype.scheduled_job_type.scheduled_job_type.run_scheduled_jo..., site='erpnext.localhost', user='Administrator') (erpnext.localhost||scheduled_job||57foppnd9b)
2025-04-27 20:52:13,259 Successfully completed frappe.utils.background_jobs.execute_job(event=None, is_async=True, job_name='frappe.core.doctype.scheduled_job_type.scheduled_job_type.run_scheduled_jo..., kwargs={'job_type': 'frappe.desk.notifications.clear_notifications', 'scheduled_jo..., method='frappe.core.doctype.scheduled_job_type.scheduled_job_type.run_scheduled_jo..., site='erpnext.localhost', user='Administrator') job in 0:00:00.144688s on worker 9857f917bb3a411a8e5afb7abda2b7da
2025-04-27 20:52:13,259 home-fy-Documents-GitHub-erpnext-frappe-bench:default: Job OK (erpnext.localhost||scheduled_job||57foppnd9b)
2025-04-27 20:52:13,259 Result is kept for 600 seconds
2025-04-27 20:52:13,269 home-fy-Documents-GitHub-erpnext-frappe-bench:default: frappe.utils.background_jobs.execute_job(event=None, is_async=True, job_name='frappe.core.doctype.scheduled_job_type.scheduled_job_type.run_scheduled_jo..., kwargs={'job_type': 'frappe.email.queue.flush', 'scheduled_job_type': '57fu68shpf'..., method='frappe.core.doctype.scheduled_job_type.scheduled_job_type.run_scheduled_jo..., site='erpnext.localhost', user='Administrator') (erpnext.localhost||scheduled_job||57fu68shpf)
2025-04-27 20:52:13,481 Successfully completed frappe.utils.background_jobs.execute_job(event=None, is_async=True, job_name='frappe.core.doctype.scheduled_job_type.scheduled_job_type.run_scheduled_jo..., kwargs={'job_type': 'frappe.email.queue.flush', 'scheduled_job_type': '57fu68shpf'..., method='frappe.core.doctype.scheduled_job_type.scheduled_job_type.run_scheduled_jo..., site='erpnext.localhost', user='Administrator') job in 0:00:00.205226s on worker 9857f917bb3a411a8e5afb7abda2b7da
2025-04-27 20:52:13,482 home-fy-Documents-GitHub-erpnext-frappe-bench:default: Job OK (erpnext.localhost||scheduled_job||57fu68shpf)
2025-04-27 20:52:13,482 Result is kept for 600 seconds
2025-04-27 20:52:13,487 home-fy-Documents-GitHub-erpnext-frappe-bench:default: frappe.utils.background_jobs.execute_job(event=None, is_async=True, job_name='frappe.core.doctype.scheduled_job_type.scheduled_job_type.run_scheduled_jo..., kwargs={'job_type': 'frappe.automation.doctype.auto_repeat.auto_repeat.make_auto_r..., method='frappe.core.doctype.scheduled_job_type.scheduled_job_type.run_scheduled_jo..., site='erpnext.localhost', user='Administrator') (erpnext.localhost||scheduled_job||57f9840nhc)
2025-04-27 20:52:13,736 Successfully completed frappe.utils.background_jobs.execute_job(event=None, is_async=True, job_name='frappe.core.doctype.scheduled_job_type.scheduled_job_type.run_scheduled_jo..., kwargs={'job_type': 'frappe.automation.doctype.auto_repeat.auto_repeat.make_auto_r..., method='frappe.core.doctype.scheduled_job_type.scheduled_job_type.run_scheduled_jo..., site='erpnext.localhost', user='Administrator') job in 0:00:00.243478s on worker 9857f917bb3a411a8e5afb7abda2b7da
2025-04-27 20:52:13,737 home-fy-Documents-GitHub-erpnext-frappe-bench:default: Job OK (erpnext.localhost||scheduled_job||57f9840nhc)
2025-04-27 20:52:13,737 Result is kept for 600 seconds
2025-04-27 20:52:13,742 home-fy-Documents-GitHub-erpnext-frappe-bench:default: frappe.utils.background_jobs.execute_job(event=None, is_async=True, job_name='frappe.core.doctype.scheduled_job_type.scheduled_job_type.run_scheduled_jo..., kwargs={'job_type': 'erpnext.accounts.utils.auto_create_exchange_rate_revaluation_..., method='frappe.core.doctype.scheduled_job_type.scheduled_job_type.run_scheduled_jo..., site='erpnext.localhost', user='Administrator') (erpnext.localhost||scheduled_job||89ji52bjct)
2025-04-27 20:52:13,910 Successfully completed frappe.utils.background_jobs.execute_job(event=None, is_async=True, job_name='frappe.core.doctype.scheduled_job_type.scheduled_job_type.run_scheduled_jo..., kwargs={'job_type': 'erpnext.accounts.utils.auto_create_exchange_rate_revaluation_..., method='frappe.core.doctype.scheduled_job_type.scheduled_job_type.run_scheduled_jo..., site='erpnext.localhost', user='Administrator') job in 0:00:00.162191s on worker 9857f917bb3a411a8e5afb7abda2b7da
2025-04-27 20:52:13,910 home-fy-Documents-GitHub-erpnext-frappe-bench:default: Job OK (erpnext.localhost||scheduled_job||89ji52bjct)
2025-04-27 20:52:13,910 Result is kept for 600 seconds
2025-04-27 20:52:13,916 home-fy-Documents-GitHub-erpnext-frappe-bench:long: frappe.utils.background_jobs.execute_job(event=None, is_async=True, job_name='frappe.core.doctype.scheduled_job_type.scheduled_job_type.run_scheduled_jo..., kwargs={'job_type': 'frappe.utils.change_log.check_for_update', 'scheduled_job_typ..., method='frappe.core.doctype.scheduled_job_type.scheduled_job_type.run_scheduled_jo..., site='erpnext.localhost', user='Administrator') (erpnext.localhost||scheduled_job||57glb1d9hp)
2025-04-27 20:52:14,123 Successfully completed frappe.utils.background_jobs.execute_job(event=None, is_async=True, job_name='frappe.core.doctype.scheduled_job_type.scheduled_job_type.run_scheduled_jo..., kwargs={'job_type': 'frappe.utils.change_log.check_for_update', 'scheduled_job_typ..., method='frappe.core.doctype.scheduled_job_type.scheduled_job_type.run_scheduled_jo..., site='erpnext.localhost', user='Administrator') job in 0:00:00.200813s on worker 9857f917bb3a411a8e5afb7abda2b7da
2025-04-27 20:52:14,123 home-fy-Documents-GitHub-erpnext-frappe-bench:long: Job OK (erpnext.localhost||scheduled_job||57glb1d9hp)
2025-04-27 20:52:14,123 Result is kept for 600 seconds
2025-04-27 20:52:14,133 home-fy-Documents-GitHub-erpnext-frappe-bench:long: frappe.utils.background_jobs.execute_job(event=None, is_async=True, job_name='frappe.core.doctype.scheduled_job_type.scheduled_job_type.run_scheduled_jo..., kwargs={'job_type': 'frappe.integrations.doctype.dropbox_settings.dropbox_settings..., method='frappe.core.doctype.scheduled_job_type.scheduled_job_type.run_scheduled_jo..., site='erpnext.localhost', user='Administrator') (erpnext.localhost||scheduled_job||57g0bnefke)
2025-04-27 20:52:14,522 Successfully completed frappe.utils.background_jobs.execute_job(event=None, is_async=True, job_name='frappe.core.doctype.scheduled_job_type.scheduled_job_type.run_scheduled_jo..., kwargs={'job_type': 'frappe.integrations.doctype.dropbox_settings.dropbox_settings..., method='frappe.core.doctype.scheduled_job_type.scheduled_job_type.run_scheduled_jo..., site='erpnext.localhost', user='Administrator') job in 0:00:00.381420s on worker 9857f917bb3a411a8e5afb7abda2b7da
2025-04-27 20:52:14,522 home-fy-Documents-GitHub-erpnext-frappe-bench:long: Job OK (erpnext.localhost||scheduled_job||57g0bnefke)
2025-04-27 20:52:14,522 Result is kept for 600 seconds
2025-04-27 20:52:14,529 home-fy-Documents-GitHub-erpnext-frappe-bench:long: frappe.utils.background_jobs.execute_job(event=None, is_async=True, job_name='frappe.core.doctype.scheduled_job_type.scheduled_job_type.run_scheduled_jo..., kwargs={'job_type': 'frappe.desk.doctype.changelog_feed.changelog_feed.fetch_chang..., method='frappe.core.doctype.scheduled_job_type.scheduled_job_type.run_scheduled_jo..., site='erpnext.localhost', user='Administrator') (erpnext.localhost||scheduled_job||57g1o9jado)
2025-04-27 20:52:16,147 Successfully completed frappe.utils.background_jobs.execute_job(event=None, is_async=True, job_name='frappe.core.doctype.scheduled_job_type.scheduled_job_type.run_scheduled_jo..., kwargs={'job_type': 'frappe.desk.doctype.changelog_feed.changelog_feed.fetch_chang..., method='frappe.core.doctype.scheduled_job_type.scheduled_job_type.run_scheduled_jo..., site='erpnext.localhost', user='Administrator') job in 0:00:01.605913s on worker 9857f917bb3a411a8e5afb7abda2b7da
2025-04-27 20:52:16,148 home-fy-Documents-GitHub-erpnext-frappe-bench:long: Job OK (erpnext.localhost||scheduled_job||57g1o9jado)
2025-04-27 20:52:16,148 Result is kept for 600 seconds
2025-04-27 20:52:16,170 home-fy-Documents-GitHub-erpnext-frappe-bench:long: frappe.utils.background_jobs.execute_job(event=None, is_async=True, job_name='frappe.core.doctype.scheduled_job_type.scheduled_job_type.run_scheduled_jo..., kwargs={'job_type': 'erpnext.setup.doctype.email_digest.email_digest.send', 'sched..., method='frappe.core.doctype.scheduled_job_type.scheduled_job_type.run_scheduled_jo..., site='erpnext.localhost', user='Administrator') (erpnext.localhost||scheduled_job||89k21dn8qk)
2025-04-27 20:52:16,348 Successfully completed frappe.utils.background_jobs.execute_job(event=None, is_async=True, job_name='frappe.core.doctype.scheduled_job_type.scheduled_job_type.run_scheduled_jo..., kwargs={'job_type': 'erpnext.setup.doctype.email_digest.email_digest.send', 'sched..., method='frappe.core.doctype.scheduled_job_type.scheduled_job_type.run_scheduled_jo..., site='erpnext.localhost', user='Administrator') job in 0:00:00.167363s on worker 9857f917bb3a411a8e5afb7abda2b7da
2025-04-27 20:52:16,349 home-fy-Documents-GitHub-erpnext-frappe-bench:long: Job OK (erpnext.localhost||scheduled_job||89k21dn8qk)
2025-04-27 20:52:16,349 Result is kept for 600 seconds
2025-04-27 20:52:16,354 home-fy-Documents-GitHub-erpnext-frappe-bench:long: frappe.utils.background_jobs.execute_job(event=None, is_async=True, job_name='frappe.core.doctype.scheduled_job_type.scheduled_job_type.run_scheduled_jo..., kwargs={'job_type': 'frappe.integrations.doctype.s3_backup_settings.s3_backup_sett..., method='frappe.core.doctype.scheduled_job_type.scheduled_job_type.run_scheduled_jo..., site='erpnext.localhost', user='Administrator') (erpnext.localhost||scheduled_job||57fjatmm8v)
2025-04-27 20:52:16,767 Successfully completed frappe.utils.background_jobs.execute_job(event=None, is_async=True, job_name='frappe.core.doctype.scheduled_job_type.scheduled_job_type.run_scheduled_jo..., kwargs={'job_type': 'frappe.integrations.doctype.s3_backup_settings.s3_backup_sett..., method='frappe.core.doctype.scheduled_job_type.scheduled_job_type.run_scheduled_jo..., site='erpnext.localhost', user='Administrator') job in 0:00:00.405772s on worker 9857f917bb3a411a8e5afb7abda2b7da
2025-04-27 20:52:16,767 home-fy-Documents-GitHub-erpnext-frappe-bench:long: Job OK (erpnext.localhost||scheduled_job||57fjatmm8v)
2025-04-27 20:52:16,767 Result is kept for 600 seconds
2025-04-27 20:52:16,774 home-fy-Documents-GitHub-erpnext-frappe-bench:long: frappe.utils.background_jobs.execute_job(event=None, is_async=True, job_name='frappe.core.doctype.scheduled_job_type.scheduled_job_type.run_scheduled_jo..., kwargs={'job_type': 'frappe.desk.form.document_follow.send_weekly_updates', 'sched..., method='frappe.core.doctype.scheduled_job_type.scheduled_job_type.run_scheduled_jo..., site='erpnext.localhost', user='Administrator') (erpnext.localhost||scheduled_job||57g5qgerop)
2025-04-27 20:52:16,930 Successfully completed frappe.utils.background_jobs.execute_job(event=None, is_async=True, job_name='frappe.core.doctype.scheduled_job_type.scheduled_job_type.run_scheduled_jo..., kwargs={'job_type': 'frappe.desk.form.document_follow.send_weekly_updates', 'sched..., method='frappe.core.doctype.scheduled_job_type.scheduled_job_type.run_scheduled_jo..., site='erpnext.localhost', user='Administrator') job in 0:00:00.149349s on worker 9857f917bb3a411a8e5afb7abda2b7da
2025-04-27 20:52:16,931 home-fy-Documents-GitHub-erpnext-frappe-bench:long: Job OK (erpnext.localhost||scheduled_job||57g5qgerop)
2025-04-27 20:52:16,931 Result is kept for 600 seconds
2025-04-27 20:52:16,939 home-fy-Documents-GitHub-erpnext-frappe-bench:long: frappe.utils.background_jobs.execute_job(event=None, is_async=True, job_name='frappe.core.doctype.scheduled_job_type.scheduled_job_type.run_scheduled_jo..., kwargs={'job_type': 'frappe.integrations.doctype.dropbox_settings.dropbox_settings..., method='frappe.core.doctype.scheduled_job_type.scheduled_job_type.run_scheduled_jo..., site='erpnext.localhost', user='Administrator') (erpnext.localhost||scheduled_job||57fvu5c1m1)
2025-04-27 20:52:17,263 Successfully completed frappe.utils.background_jobs.execute_job(event=None, is_async=True, job_name='frappe.core.doctype.scheduled_job_type.scheduled_job_type.run_scheduled_jo..., kwargs={'job_type': 'frappe.integrations.doctype.dropbox_settings.dropbox_settings..., method='frappe.core.doctype.scheduled_job_type.scheduled_job_type.run_scheduled_jo..., site='erpnext.localhost', user='Administrator') job in 0:00:00.315637s on worker 9857f917bb3a411a8e5afb7abda2b7da
2025-04-27 20:52:17,263 home-fy-Documents-GitHub-erpnext-frappe-bench:long: Job OK (erpnext.localhost||scheduled_job||57fvu5c1m1)
2025-04-27 20:52:17,263 Result is kept for 600 seconds
2025-04-27 20:52:17,272 home-fy-Documents-GitHub-erpnext-frappe-bench:long: frappe.utils.background_jobs.execute_job(event=None, is_async=True, job_name='frappe.core.doctype.scheduled_job_type.scheduled_job_type.run_scheduled_jo..., kwargs={'job_type': 'erpnext.accounts.doctype.process_subscription.process_subscri..., method='frappe.core.doctype.scheduled_job_type.scheduled_job_type.run_scheduled_jo..., site='erpnext.localhost', user='Administrator') (erpnext.localhost||scheduled_job||89ksvgnm5t)
2025-04-27 20:52:17,525 Successfully completed frappe.utils.background_jobs.execute_job(event=None, is_async=True, job_name='frappe.core.doctype.scheduled_job_type.scheduled_job_type.run_scheduled_jo..., kwargs={'job_type': 'erpnext.accounts.doctype.process_subscription.process_subscri..., method='frappe.core.doctype.scheduled_job_type.scheduled_job_type.run_scheduled_jo..., site='erpnext.localhost', user='Administrator') job in 0:00:00.247119s on worker 9857f917bb3a411a8e5afb7abda2b7da
2025-04-27 20:52:17,525 home-fy-Documents-GitHub-erpnext-frappe-bench:long: Job OK (erpnext.localhost||scheduled_job||89ksvgnm5t)
2025-04-27 20:52:17,525 Result is kept for 600 seconds
2025-04-27 20:52:17,532 home-fy-Documents-GitHub-erpnext-frappe-bench:long: frappe.utils.background_jobs.execute_job(event=None, is_async=True, job_name='frappe.core.doctype.scheduled_job_type.scheduled_job_type.run_scheduled_jo..., kwargs={'job_type': 'frappe.integrations.doctype.google_drive.google_drive.weekly_..., method='frappe.core.doctype.scheduled_job_type.scheduled_job_type.run_scheduled_jo..., site='erpnext.localhost', user='Administrator') (erpnext.localhost||scheduled_job||57ggrqp2f6)
2025-04-27 20:52:17,889 Successfully completed frappe.utils.background_jobs.execute_job(event=None, is_async=True, job_name='frappe.core.doctype.scheduled_job_type.scheduled_job_type.run_scheduled_jo..., kwargs={'job_type': 'frappe.integrations.doctype.google_drive.google_drive.weekly_..., method='frappe.core.doctype.scheduled_job_type.scheduled_job_type.run_scheduled_jo..., site='erpnext.localhost', user='Administrator') job in 0:00:00.348162s on worker 9857f917bb3a411a8e5afb7abda2b7da
2025-04-27 20:52:17,889 home-fy-Documents-GitHub-erpnext-frappe-bench:long: Job OK (erpnext.localhost||scheduled_job||57ggrqp2f6)
2025-04-27 20:52:17,890 Result is kept for 600 seconds
2025-04-27 20:52:17,904 home-fy-Documents-GitHub-erpnext-frappe-bench:long: frappe.utils.background_jobs.execute_job(event=None, is_async=True, job_name='frappe.core.doctype.scheduled_job_type.scheduled_job_type.run_scheduled_jo..., kwargs={'job_type': 'erpnext.utilities.bulk_transaction.retry', 'scheduled_job_typ..., method='frappe.core.doctype.scheduled_job_type.scheduled_job_type.run_scheduled_jo..., site='erpnext.localhost', user='Administrator') (erpnext.localhost||scheduled_job||89klaavja8)
2025-04-27 20:52:18,109 Successfully completed frappe.utils.background_jobs.execute_job(event=None, is_async=True, job_name='frappe.core.doctype.scheduled_job_type.scheduled_job_type.run_scheduled_jo..., kwargs={'job_type': 'erpnext.utilities.bulk_transaction.retry', 'scheduled_job_typ..., method='frappe.core.doctype.scheduled_job_type.scheduled_job_type.run_scheduled_jo..., site='erpnext.localhost', user='Administrator') job in 0:00:00.196545s on worker 9857f917bb3a411a8e5afb7abda2b7da
2025-04-27 20:52:18,109 home-fy-Documents-GitHub-erpnext-frappe-bench:long: Job OK (erpnext.localhost||scheduled_job||89klaavja8)
2025-04-27 20:52:18,109 Result is kept for 600 seconds
2025-04-27 20:52:18,114 home-fy-Documents-GitHub-erpnext-frappe-bench:long: frappe.utils.background_jobs.execute_job(event=None, is_async=True, job_name='frappe.core.doctype.scheduled_job_type.scheduled_job_type.run_scheduled_jo..., kwargs={'job_type': 'erpnext.stock.doctype.repost_item_valuation.repost_item_valua..., method='frappe.core.doctype.scheduled_job_type.scheduled_job_type.run_scheduled_jo..., site='erpnext.localhost', user='Administrator') (erpnext.localhost||scheduled_job||89ksk8uq3v)
2025-04-27 20:52:18,344 Successfully completed frappe.utils.background_jobs.execute_job(event=None, is_async=True, job_name='frappe.core.doctype.scheduled_job_type.scheduled_job_type.run_scheduled_jo..., kwargs={'job_type': 'erpnext.stock.doctype.repost_item_valuation.repost_item_valua..., method='frappe.core.doctype.scheduled_job_type.scheduled_job_type.run_scheduled_jo..., site='erpnext.localhost', user='Administrator') job in 0:00:00.225195s on worker 9857f917bb3a411a8e5afb7abda2b7da
2025-04-27 20:52:18,344 home-fy-Documents-GitHub-erpnext-frappe-bench:long: Job OK (erpnext.localhost||scheduled_job||89ksk8uq3v)
2025-04-27 20:52:18,344 Result is kept for 600 seconds
2025-04-27 20:52:18,349 home-fy-Documents-GitHub-erpnext-frappe-bench:long: frappe.utils.background_jobs.execute_job(event=None, is_async=True, job_name='frappe.core.doctype.scheduled_job_type.scheduled_job_type.run_scheduled_jo..., kwargs={'job_type': 'frappe.integrations.doctype.s3_backup_settings.s3_backup_sett..., method='frappe.core.doctype.scheduled_job_type.scheduled_job_type.run_scheduled_jo..., site='erpnext.localhost', user='Administrator') (erpnext.localhost||scheduled_job||57g461jbpe)
2025-04-27 20:52:18,582 Successfully completed frappe.utils.background_jobs.execute_job(event=None, is_async=True, job_name='frappe.core.doctype.scheduled_job_type.scheduled_job_type.run_scheduled_jo..., kwargs={'job_type': 'frappe.integrations.doctype.s3_backup_settings.s3_backup_sett..., method='frappe.core.doctype.scheduled_job_type.scheduled_job_type.run_scheduled_jo..., site='erpnext.localhost', user='Administrator') job in 0:00:00.226893s on worker 9857f917bb3a411a8e5afb7abda2b7da
2025-04-27 20:52:18,582 home-fy-Documents-GitHub-erpnext-frappe-bench:long: Job OK (erpnext.localhost||scheduled_job||57g461jbpe)
2025-04-27 20:52:18,582 Result is kept for 600 seconds
2025-04-27 20:52:18,587 home-fy-Documents-GitHub-erpnext-frappe-bench:long: frappe.utils.background_jobs.execute_job(event=None, is_async=True, job_name='frappe.core.doctype.scheduled_job_type.scheduled_job_type.run_scheduled_jo..., kwargs={'job_type': 'erpnext.assets.doctype.asset.depreciation.post_depreciation_e..., method='frappe.core.doctype.scheduled_job_type.scheduled_job_type.run_scheduled_jo..., site='erpnext.localhost', user='Administrator') (erpnext.localhost||scheduled_job||89k42tb33t)
2025-04-27 20:52:18,814 Successfully completed frappe.utils.background_jobs.execute_job(event=None, is_async=True, job_name='frappe.core.doctype.scheduled_job_type.scheduled_job_type.run_scheduled_jo..., kwargs={'job_type': 'erpnext.assets.doctype.asset.depreciation.post_depreciation_e..., method='frappe.core.doctype.scheduled_job_type.scheduled_job_type.run_scheduled_jo..., site='erpnext.localhost', user='Administrator') job in 0:00:00.220506s on worker 9857f917bb3a411a8e5afb7abda2b7da
2025-04-27 20:52:18,815 home-fy-Documents-GitHub-erpnext-frappe-bench:long: Job OK (erpnext.localhost||scheduled_job||89k42tb33t)
2025-04-27 20:52:18,815 Result is kept for 600 seconds
2025-04-27 20:52:18,820 home-fy-Documents-GitHub-erpnext-frappe-bench:long: frappe.utils.background_jobs.execute_job(event=None, is_async=True, job_name='frappe.core.doctype.scheduled_job_type.scheduled_job_type.run_scheduled_jo..., kwargs={'job_type': 'erpnext.manufacturing.doctype.bom_update_tool.bom_update_tool..., method='frappe.core.doctype.scheduled_job_type.scheduled_job_type.run_scheduled_jo..., site='erpnext.localhost', user='Administrator') (erpnext.localhost||scheduled_job||89ki1l5ra3)
2025-04-27 20:52:19,023 Successfully completed frappe.utils.background_jobs.execute_job(event=None, is_async=True, job_name='frappe.core.doctype.scheduled_job_type.scheduled_job_type.run_scheduled_jo..., kwargs={'job_type': 'erpnext.manufacturing.doctype.bom_update_tool.bom_update_tool..., method='frappe.core.doctype.scheduled_job_type.scheduled_job_type.run_scheduled_jo..., site='erpnext.localhost', user='Administrator') job in 0:00:00.196865s on worker 9857f917bb3a411a8e5afb7abda2b7da
2025-04-27 20:52:19,023 home-fy-Documents-GitHub-erpnext-frappe-bench:long: Job OK (erpnext.localhost||scheduled_job||89ki1l5ra3)
2025-04-27 20:52:19,024 Result is kept for 600 seconds
2025-04-27 20:52:19,030 home-fy-Documents-GitHub-erpnext-frappe-bench:long: frappe.utils.background_jobs.execute_job(event=None, is_async=True, job_name='frappe.core.doctype.scheduled_job_type.scheduled_job_type.run_scheduled_jo..., kwargs={'job_type': 'frappe.integrations.doctype.google_drive.google_drive.daily_b..., method='frappe.core.doctype.scheduled_job_type.scheduled_job_type.run_scheduled_jo..., site='erpnext.localhost', user='Administrator') (erpnext.localhost||scheduled_job||57fc6js90e)
2025-04-27 20:52:19,382 Successfully completed frappe.utils.background_jobs.execute_job(event=None, is_async=True, job_name='frappe.core.doctype.scheduled_job_type.scheduled_job_type.run_scheduled_jo..., kwargs={'job_type': 'frappe.integrations.doctype.google_drive.google_drive.daily_b..., method='frappe.core.doctype.scheduled_job_type.scheduled_job_type.run_scheduled_jo..., site='erpnext.localhost', user='Administrator') job in 0:00:00.344550s on worker 9857f917bb3a411a8e5afb7abda2b7da
2025-04-27 20:52:19,382 home-fy-Documents-GitHub-erpnext-frappe-bench:long: Job OK (erpnext.localhost||scheduled_job||57fc6js90e)
2025-04-27 20:52:19,382 Result is kept for 600 seconds
2025-04-27 20:52:19,388 home-fy-Documents-GitHub-erpnext-frappe-bench:long: frappe.utils.background_jobs.execute_job(event=None, is_async=True, job_name='frappe.core.doctype.scheduled_job_type.scheduled_job_type.run_scheduled_jo..., kwargs={'job_type': 'erpnext.crm.utils.open_leads_opportunities_based_on_todays_ev..., method='frappe.core.doctype.scheduled_job_type.scheduled_job_type.run_scheduled_jo..., site='erpnext.localhost', user='Administrator') (erpnext.localhost||scheduled_job||89k8konaha)
2025-04-27 20:52:19,584 Successfully completed frappe.utils.background_jobs.execute_job(event=None, is_async=True, job_name='frappe.core.doctype.scheduled_job_type.scheduled_job_type.run_scheduled_jo..., kwargs={'job_type': 'erpnext.crm.utils.open_leads_opportunities_based_on_todays_ev..., method='frappe.core.doctype.scheduled_job_type.scheduled_job_type.run_scheduled_jo..., site='erpnext.localhost', user='Administrator') job in 0:00:00.187359s on worker 9857f917bb3a411a8e5afb7abda2b7da
2025-04-27 20:52:19,584 home-fy-Documents-GitHub-erpnext-frappe-bench:long: Job OK (erpnext.localhost||scheduled_job||89k8konaha)
2025-04-27 20:52:19,584 Result is kept for 600 seconds
2025-04-27 20:52:19,589 home-fy-Documents-GitHub-erpnext-frappe-bench:long: frappe.utils.background_jobs.execute_job(event=None, is_async=True, job_name='frappe.core.doctype.scheduled_job_type.scheduled_job_type.run_scheduled_jo..., kwargs={'job_type': 'frappe.email.doctype.auto_email_report.auto_email_report.send..., method='frappe.core.doctype.scheduled_job_type.scheduled_job_type.run_scheduled_jo..., site='erpnext.localhost', user='Administrator') (erpnext.localhost||scheduled_job||57ff3jdig8)
2025-04-27 20:52:19,938 Successfully completed frappe.utils.background_jobs.execute_job(event=None, is_async=True, job_name='frappe.core.doctype.scheduled_job_type.scheduled_job_type.run_scheduled_jo..., kwargs={'job_type': 'frappe.email.doctype.auto_email_report.auto_email_report.send..., method='frappe.core.doctype.scheduled_job_type.scheduled_job_type.run_scheduled_jo..., site='erpnext.localhost', user='Administrator') job in 0:00:00.341786s on worker 9857f917bb3a411a8e5afb7abda2b7da
2025-04-27 20:52:19,938 home-fy-Documents-GitHub-erpnext-frappe-bench:long: Job OK (erpnext.localhost||scheduled_job||57ff3jdig8)
2025-04-27 20:52:19,938 Result is kept for 600 seconds
2025-04-27 20:52:19,945 home-fy-Documents-GitHub-erpnext-frappe-bench:long: frappe.utils.background_jobs.execute_job(event=None, is_async=True, job_name='frappe.automation.doctype.auto_repeat.auto_repeat.create_repeated_entries', kwargs={'data': []}, method='frappe.automation.doctype.auto_repeat.auto_repeat.create_repeated_entries', site='erpnext.localhost', user='Administrator') (erpnext.localhost||f2c372ba-47aa-49ea-bfc6-1f290c1d90fd)
2025-04-27 20:52:20,069 Successfully completed frappe.utils.background_jobs.execute_job(event=None, is_async=True, job_name='frappe.automation.doctype.auto_repeat.auto_repeat.create_repeated_entries', kwargs={'data': []}, method='frappe.automation.doctype.auto_repeat.auto_repeat.create_repeated_entries', site='erpnext.localhost', user='Administrator') job in 0:00:00.118163s on worker 9857f917bb3a411a8e5afb7abda2b7da
2025-04-27 20:52:20,069 home-fy-Documents-GitHub-erpnext-frappe-bench:long: Job OK (erpnext.localhost||f2c372ba-47aa-49ea-bfc6-1f290c1d90fd)
2025-04-27 20:52:20,069 Result is kept for 600 seconds
2025-04-27 20:56:00,652 home-fy-Documents-GitHub-erpnext-frappe-bench:default: frappe.utils.background_jobs.execute_job(event=None, is_async=True, job_name='frappe.core.doctype.scheduled_job_type.scheduled_job_type.run_scheduled_jo..., kwargs={'job_type': 'frappe.email.queue.flush', 'scheduled_job_type': '57fu68shpf'..., method='frappe.core.doctype.scheduled_job_type.scheduled_job_type.run_scheduled_jo..., site='erpnext.localhost', user='Administrator') (erpnext.localhost||scheduled_job||57fu68shpf)
2025-04-27 20:56:00,892 Successfully completed frappe.utils.background_jobs.execute_job(event=None, is_async=True, job_name='frappe.core.doctype.scheduled_job_type.scheduled_job_type.run_scheduled_jo..., kwargs={'job_type': 'frappe.email.queue.flush', 'scheduled_job_type': '57fu68shpf'..., method='frappe.core.doctype.scheduled_job_type.scheduled_job_type.run_scheduled_jo..., site='erpnext.localhost', user='Administrator') job in 0:00:00.230517s on worker 9857f917bb3a411a8e5afb7abda2b7da
2025-04-27 20:56:00,892 home-fy-Documents-GitHub-erpnext-frappe-bench:default: Job OK (erpnext.localhost||scheduled_job||57fu68shpf)
2025-04-27 20:56:00,893 Result is kept for 600 seconds
2025-04-27 20:56:00,900 home-fy-Documents-GitHub-erpnext-frappe-bench:default: frappe.utils.background_jobs.execute_job(event=None, is_async=True, job_name='frappe.core.doctype.scheduled_job_type.scheduled_job_type.run_scheduled_jo..., kwargs={'job_type': 'frappe.email.doctype.notification.notification.trigger_offset..., method='frappe.core.doctype.scheduled_job_type.scheduled_job_type.run_scheduled_jo..., site='erpnext.localhost', user='Administrator') (erpnext.localhost||scheduled_job||57fmqjdgf7)
2025-04-27 20:56:01,054 Successfully completed frappe.utils.background_jobs.execute_job(event=None, is_async=True, job_name='frappe.core.doctype.scheduled_job_type.scheduled_job_type.run_scheduled_jo..., kwargs={'job_type': 'frappe.email.doctype.notification.notification.trigger_offset..., method='frappe.core.doctype.scheduled_job_type.scheduled_job_type.run_scheduled_jo..., site='erpnext.localhost', user='Administrator') job in 0:00:00.146180s on worker 9857f917bb3a411a8e5afb7abda2b7da
2025-04-27 20:56:01,054 home-fy-Documents-GitHub-erpnext-frappe-bench:default: Job OK (erpnext.localhost||scheduled_job||57fmqjdgf7)
2025-04-27 20:56:01,054 Result is kept for 600 seconds
2025-04-27 20:56:01,063 home-fy-Documents-GitHub-erpnext-frappe-bench:default: frappe.utils.background_jobs.execute_job(event=None, is_async=True, job_name='frappe.core.doctype.scheduled_job_type.scheduled_job_type.run_scheduled_jo..., kwargs={'job_type': 'frappe.monitor.flush', 'scheduled_job_type': '57fcr9524j'}, method='frappe.core.doctype.scheduled_job_type.scheduled_job_type.run_scheduled_jo..., site='erpnext.localhost', user='Administrator') (erpnext.localhost||scheduled_job||57fcr9524j)
2025-04-27 20:56:01,187 Successfully completed frappe.utils.background_jobs.execute_job(event=None, is_async=True, job_name='frappe.core.doctype.scheduled_job_type.scheduled_job_type.run_scheduled_jo..., kwargs={'job_type': 'frappe.monitor.flush', 'scheduled_job_type': '57fcr9524j'}, method='frappe.core.doctype.scheduled_job_type.scheduled_job_type.run_scheduled_jo..., site='erpnext.localhost', user='Administrator') job in 0:00:00.115931s on worker 9857f917bb3a411a8e5afb7abda2b7da
2025-04-27 20:56:01,187 home-fy-Documents-GitHub-erpnext-frappe-bench:default: Job OK (erpnext.localhost||scheduled_job||57fcr9524j)
2025-04-27 20:56:01,187 Result is kept for 600 seconds
2025-04-27 20:56:01,192 home-fy-Documents-GitHub-erpnext-frappe-bench:default: frappe.utils.background_jobs.execute_job(event=None, is_async=True, job_name='frappe.core.doctype.scheduled_job_type.scheduled_job_type.run_scheduled_jo..., kwargs={'job_type': 'frappe.integrations.doctype.google_calendar.google_calendar.s..., method='frappe.core.doctype.scheduled_job_type.scheduled_job_type.run_scheduled_jo..., site='erpnext.localhost', user='Administrator') (erpnext.localhost||scheduled_job||57fp7enf9v)
2025-04-27 20:56:01,502 Successfully completed frappe.utils.background_jobs.execute_job(event=None, is_async=True, job_name='frappe.core.doctype.scheduled_job_type.scheduled_job_type.run_scheduled_jo..., kwargs={'job_type': 'frappe.integrations.doctype.google_calendar.google_calendar.s..., method='frappe.core.doctype.scheduled_job_type.scheduled_job_type.run_scheduled_jo..., site='erpnext.localhost', user='Administrator') job in 0:00:00.302243s on worker 9857f917bb3a411a8e5afb7abda2b7da
2025-04-27 20:56:01,503 home-fy-Documents-GitHub-erpnext-frappe-bench:default: Job OK (erpnext.localhost||scheduled_job||57fp7enf9v)
2025-04-27 20:56:01,503 Result is kept for 600 seconds
2025-04-27 20:58:35,897 Worker 9857f917bb3a411a8e5afb7abda2b7da [PID 14643]: warm shut down requested
2025-04-27 20:58:35,919 Unsubscribing from channel rq:pubsub:9857f917bb3a411a8e5afb7abda2b7da
2025-04-27 21:02:08,724 Worker rq:worker:0d2a2946d1774934a712f2c27ea87f84 started with PID 16985, version 2.3.2
2025-04-27 21:02:08,724 Subscribing to channel rq:pubsub:0d2a2946d1774934a712f2c27ea87f84
2025-04-27 21:02:08,732 *** Listening on home-fy-Documents-GitHub-erpnext-frappe-bench:short, home-fy-Documents-GitHub-erpnext-frappe-bench:default, home-fy-Documents-GitHub-erpnext-frappe-bench:long...
2025-04-27 21:02:08,733 Cleaning registries for queue: home-fy-Documents-GitHub-erpnext-frappe-bench:short
2025-04-27 21:02:08,741 Cleaning registries for queue: home-fy-Documents-GitHub-erpnext-frappe-bench:default
2025-04-27 21:02:08,744 Cleaning registries for queue: home-fy-Documents-GitHub-erpnext-frappe-bench:long
2025-04-27 21:04:00,449 home-fy-Documents-GitHub-erpnext-frappe-bench:default: frappe.utils.background_jobs.execute_job(event=None, is_async=True, job_name='frappe.core.doctype.scheduled_job_type.scheduled_job_type.run_scheduled_jo..., kwargs={'job_type': 'frappe.website.doctype.web_page.web_page.check_publish_status..., method='frappe.core.doctype.scheduled_job_type.scheduled_job_type.run_scheduled_jo..., site='erpnext.localhost', user='Administrator') (erpnext.localhost||scheduled_job||57fgj7ebgg)
2025-04-27 21:04:00,772 Successfully completed frappe.utils.background_jobs.execute_job(event=None, is_async=True, job_name='frappe.core.doctype.scheduled_job_type.scheduled_job_type.run_scheduled_jo..., kwargs={'job_type': 'frappe.website.doctype.web_page.web_page.check_publish_status..., method='frappe.core.doctype.scheduled_job_type.scheduled_job_type.run_scheduled_jo..., site='erpnext.localhost', user='Administrator') job in 0:00:00.288330s on worker 0d2a2946d1774934a712f2c27ea87f84
2025-04-27 21:04:00,772 home-fy-Documents-GitHub-erpnext-frappe-bench:default: Job OK (erpnext.localhost||scheduled_job||57fgj7ebgg)
2025-04-27 21:04:00,772 Result is kept for 600 seconds
2025-04-27 21:04:00,777 home-fy-Documents-GitHub-erpnext-frappe-bench:default: frappe.utils.background_jobs.execute_job(event=None, is_async=True, job_name='frappe.core.doctype.scheduled_job_type.scheduled_job_type.run_scheduled_jo..., kwargs={'job_type': 'frappe.model.utils.link_count.update_link_count', 'scheduled_..., method='frappe.core.doctype.scheduled_job_type.scheduled_job_type.run_scheduled_jo..., site='erpnext.localhost', user='Administrator') (erpnext.localhost||scheduled_job||57frs43oag)
2025-04-27 21:04:00,998 Successfully completed frappe.utils.background_jobs.execute_job(event=None, is_async=True, job_name='frappe.core.doctype.scheduled_job_type.scheduled_job_type.run_scheduled_jo..., kwargs={'job_type': 'frappe.model.utils.link_count.update_link_count', 'scheduled_..., method='frappe.core.doctype.scheduled_job_type.scheduled_job_type.run_scheduled_jo..., site='erpnext.localhost', user='Administrator') job in 0:00:00.213874s on worker 0d2a2946d1774934a712f2c27ea87f84
2025-04-27 21:04:00,998 home-fy-Documents-GitHub-erpnext-frappe-bench:default: Job OK (erpnext.localhost||scheduled_job||57frs43oag)
2025-04-27 21:04:00,998 Result is kept for 600 seconds
2025-04-27 21:04:01,003 home-fy-Documents-GitHub-erpnext-frappe-bench:default: frappe.utils.background_jobs.execute_job(event=None, is_async=True, job_name='frappe.core.doctype.scheduled_job_type.scheduled_job_type.run_scheduled_jo..., kwargs={'job_type': 'erpnext.utilities.doctype.video.video.update_youtube_data', '..., method='frappe.core.doctype.scheduled_job_type.scheduled_job_type.run_scheduled_jo..., site='erpnext.localhost', user='Administrator') (erpnext.localhost||scheduled_job||89iu8e1d0s)
2025-04-27 21:04:01,402 Successfully completed frappe.utils.background_jobs.execute_job(event=None, is_async=True, job_name='frappe.core.doctype.scheduled_job_type.scheduled_job_type.run_scheduled_jo..., kwargs={'job_type': 'erpnext.utilities.doctype.video.video.update_youtube_data', '..., method='frappe.core.doctype.scheduled_job_type.scheduled_job_type.run_scheduled_jo..., site='erpnext.localhost', user='Administrator') job in 0:00:00.393012s on worker 0d2a2946d1774934a712f2c27ea87f84
2025-04-27 21:04:01,403 home-fy-Documents-GitHub-erpnext-frappe-bench:default: Job OK (erpnext.localhost||scheduled_job||89iu8e1d0s)
2025-04-27 21:04:01,403 Result is kept for 600 seconds
2025-04-27 21:04:01,408 home-fy-Documents-GitHub-erpnext-frappe-bench:default: frappe.utils.background_jobs.execute_job(event=None, is_async=True, job_name='frappe.core.doctype.scheduled_job_type.scheduled_job_type.run_scheduled_jo..., kwargs={'job_type': 'frappe.email.doctype.email_account.email_account.notify_unrep..., method='frappe.core.doctype.scheduled_job_type.scheduled_job_type.run_scheduled_jo..., site='erpnext.localhost', user='Administrator') (erpnext.localhost||scheduled_job||57frb6dct5)
2025-04-27 21:04:01,556 Successfully completed frappe.utils.background_jobs.execute_job(event=None, is_async=True, job_name='frappe.core.doctype.scheduled_job_type.scheduled_job_type.run_scheduled_jo..., kwargs={'job_type': 'frappe.email.doctype.email_account.email_account.notify_unrep..., method='frappe.core.doctype.scheduled_job_type.scheduled_job_type.run_scheduled_jo..., site='erpnext.localhost', user='Administrator') job in 0:00:00.141564s on worker 0d2a2946d1774934a712f2c27ea87f84
2025-04-27 21:04:01,556 home-fy-Documents-GitHub-erpnext-frappe-bench:default: Job OK (erpnext.localhost||scheduled_job||57frb6dct5)
2025-04-27 21:04:01,556 Result is kept for 600 seconds
2025-04-27 21:04:01,562 home-fy-Documents-GitHub-erpnext-frappe-bench:default: frappe.utils.background_jobs.execute_job(event=None, is_async=True, job_name='frappe.core.doctype.scheduled_job_type.scheduled_job_type.run_scheduled_jo..., kwargs={'job_type': 'erpnext.projects.doctype.project.project.hourly_reminder', 's..., method='frappe.core.doctype.scheduled_job_type.scheduled_job_type.run_scheduled_jo..., site='erpnext.localhost', user='Administrator') (erpnext.localhost||scheduled_job||89i2c3pn5b)
2025-04-27 21:04:01,815 Successfully completed frappe.utils.background_jobs.execute_job(event=None, is_async=True, job_name='frappe.core.doctype.scheduled_job_type.scheduled_job_type.run_scheduled_jo..., kwargs={'job_type': 'erpnext.projects.doctype.project.project.hourly_reminder', 's..., method='frappe.core.doctype.scheduled_job_type.scheduled_job_type.run_scheduled_jo..., site='erpnext.localhost', user='Administrator') job in 0:00:00.245655s on worker 0d2a2946d1774934a712f2c27ea87f84
2025-04-27 21:04:01,815 home-fy-Documents-GitHub-erpnext-frappe-bench:default: Job OK (erpnext.localhost||scheduled_job||89i2c3pn5b)
2025-04-27 21:04:01,815 Result is kept for 600 seconds
2025-04-27 21:04:01,821 home-fy-Documents-GitHub-erpnext-frappe-bench:default: frappe.utils.background_jobs.execute_job(event=None, is_async=True, job_name='frappe.core.doctype.scheduled_job_type.scheduled_job_type.run_scheduled_jo..., kwargs={'job_type': 'frappe.integrations.doctype.google_calendar.google_calendar.s..., method='frappe.core.doctype.scheduled_job_type.scheduled_job_type.run_scheduled_jo..., site='erpnext.localhost', user='Administrator') (erpnext.localhost||scheduled_job||57fp7enf9v)
2025-04-27 21:04:02,167 Successfully completed frappe.utils.background_jobs.execute_job(event=None, is_async=True, job_name='frappe.core.doctype.scheduled_job_type.scheduled_job_type.run_scheduled_jo..., kwargs={'job_type': 'frappe.integrations.doctype.google_calendar.google_calendar.s..., method='frappe.core.doctype.scheduled_job_type.scheduled_job_type.run_scheduled_jo..., site='erpnext.localhost', user='Administrator') job in 0:00:00.339906s on worker 0d2a2946d1774934a712f2c27ea87f84
2025-04-27 21:04:02,167 home-fy-Documents-GitHub-erpnext-frappe-bench:default: Job OK (erpnext.localhost||scheduled_job||57fp7enf9v)
2025-04-27 21:04:02,167 Result is kept for 600 seconds
2025-04-27 21:04:02,174 home-fy-Documents-GitHub-erpnext-frappe-bench:default: frappe.utils.background_jobs.execute_job(event=None, is_async=True, job_name='frappe.core.doctype.scheduled_job_type.scheduled_job_type.run_scheduled_jo..., kwargs={'job_type': 'frappe.automation.doctype.reminder.reminder.send_reminders', ..., method='frappe.core.doctype.scheduled_job_type.scheduled_job_type.run_scheduled_jo..., site='erpnext.localhost', user='Administrator') (erpnext.localhost||scheduled_job||57fmah7t11)
2025-04-27 21:04:02,338 Successfully completed frappe.utils.background_jobs.execute_job(event=None, is_async=True, job_name='frappe.core.doctype.scheduled_job_type.scheduled_job_type.run_scheduled_jo..., kwargs={'job_type': 'frappe.automation.doctype.reminder.reminder.send_reminders', ..., method='frappe.core.doctype.scheduled_job_type.scheduled_job_type.run_scheduled_jo..., site='erpnext.localhost', user='Administrator') job in 0:00:00.158364s on worker 0d2a2946d1774934a712f2c27ea87f84
2025-04-27 21:04:02,338 home-fy-Documents-GitHub-erpnext-frappe-bench:default: Job OK (erpnext.localhost||scheduled_job||57fmah7t11)
2025-04-27 21:04:02,338 Result is kept for 600 seconds
2025-04-27 21:04:02,343 home-fy-Documents-GitHub-erpnext-frappe-bench:default: frappe.utils.background_jobs.execute_job(event=None, is_async=True, job_name='frappe.core.doctype.scheduled_job_type.scheduled_job_type.run_scheduled_jo..., kwargs={'job_type': 'frappe.email.doctype.notification.notification.trigger_offset..., method='frappe.core.doctype.scheduled_job_type.scheduled_job_type.run_scheduled_jo..., site='erpnext.localhost', user='Administrator') (erpnext.localhost||scheduled_job||57fmqjdgf7)
2025-04-27 21:04:02,481 Successfully completed frappe.utils.background_jobs.execute_job(event=None, is_async=True, job_name='frappe.core.doctype.scheduled_job_type.scheduled_job_type.run_scheduled_jo..., kwargs={'job_type': 'frappe.email.doctype.notification.notification.trigger_offset..., method='frappe.core.doctype.scheduled_job_type.scheduled_job_type.run_scheduled_jo..., site='erpnext.localhost', user='Administrator') job in 0:00:00.130207s on worker 0d2a2946d1774934a712f2c27ea87f84
2025-04-27 21:04:02,481 home-fy-Documents-GitHub-erpnext-frappe-bench:default: Job OK (erpnext.localhost||scheduled_job||57fmqjdgf7)
2025-04-27 21:04:02,482 Result is kept for 600 seconds
2025-04-27 21:04:02,496 home-fy-Documents-GitHub-erpnext-frappe-bench:default: frappe.utils.background_jobs.execute_job(event=None, is_async=True, job_name='frappe.core.doctype.scheduled_job_type.scheduled_job_type.run_scheduled_jo..., kwargs={'job_type': 'erpnext.projects.doctype.project.project.collect_project_stat..., method='frappe.core.doctype.scheduled_job_type.scheduled_job_type.run_scheduled_jo..., site='erpnext.localhost', user='Administrator') (erpnext.localhost||scheduled_job||89icse71ar)
2025-04-27 21:04:02,704 Successfully completed frappe.utils.background_jobs.execute_job(event=None, is_async=True, job_name='frappe.core.doctype.scheduled_job_type.scheduled_job_type.run_scheduled_jo..., kwargs={'job_type': 'erpnext.projects.doctype.project.project.collect_project_stat..., method='frappe.core.doctype.scheduled_job_type.scheduled_job_type.run_scheduled_jo..., site='erpnext.localhost', user='Administrator') job in 0:00:00.197079s on worker 0d2a2946d1774934a712f2c27ea87f84
2025-04-27 21:04:02,704 home-fy-Documents-GitHub-erpnext-frappe-bench:default: Job OK (erpnext.localhost||scheduled_job||89icse71ar)
2025-04-27 21:04:02,704 Result is kept for 600 seconds
2025-04-27 21:04:02,709 home-fy-Documents-GitHub-erpnext-frappe-bench:default: frappe.utils.background_jobs.execute_job(event=None, is_async=True, job_name='frappe.core.doctype.scheduled_job_type.scheduled_job_type.run_scheduled_jo..., kwargs={'job_type': 'frappe.oauth.delete_oauth2_data', 'scheduled_job_type': '57fh..., method='frappe.core.doctype.scheduled_job_type.scheduled_job_type.run_scheduled_jo..., site='erpnext.localhost', user='Administrator') (erpnext.localhost||scheduled_job||57fh804btu)
2025-04-27 21:04:02,861 Successfully completed frappe.utils.background_jobs.execute_job(event=None, is_async=True, job_name='frappe.core.doctype.scheduled_job_type.scheduled_job_type.run_scheduled_jo..., kwargs={'job_type': 'frappe.oauth.delete_oauth2_data', 'scheduled_job_type': '57fh..., method='frappe.core.doctype.scheduled_job_type.scheduled_job_type.run_scheduled_jo..., site='erpnext.localhost', user='Administrator') job in 0:00:00.143489s on worker 0d2a2946d1774934a712f2c27ea87f84
2025-04-27 21:04:02,862 home-fy-Documents-GitHub-erpnext-frappe-bench:default: Job OK (erpnext.localhost||scheduled_job||57fh804btu)
2025-04-27 21:04:02,862 Result is kept for 600 seconds
2025-04-27 21:04:02,873 home-fy-Documents-GitHub-erpnext-frappe-bench:default: frappe.utils.background_jobs.execute_job(event=None, is_async=True, job_name='frappe.core.doctype.scheduled_job_type.scheduled_job_type.run_scheduled_jo..., kwargs={'job_type': 'frappe.desk.page.backups.backups.delete_downloadable_backups'..., method='frappe.core.doctype.scheduled_job_type.scheduled_job_type.run_scheduled_jo..., site='erpnext.localhost', user='Administrator') (erpnext.localhost||scheduled_job||57fh0vh801)
2025-04-27 21:04:03,034 Successfully completed frappe.utils.background_jobs.execute_job(event=None, is_async=True, job_name='frappe.core.doctype.scheduled_job_type.scheduled_job_type.run_scheduled_jo..., kwargs={'job_type': 'frappe.desk.page.backups.backups.delete_downloadable_backups'..., method='frappe.core.doctype.scheduled_job_type.scheduled_job_type.run_scheduled_jo..., site='erpnext.localhost', user='Administrator') job in 0:00:00.152857s on worker 0d2a2946d1774934a712f2c27ea87f84
2025-04-27 21:04:03,034 home-fy-Documents-GitHub-erpnext-frappe-bench:default: Job OK (erpnext.localhost||scheduled_job||57fh0vh801)
2025-04-27 21:04:03,034 Result is kept for 600 seconds
2025-04-27 21:04:03,040 home-fy-Documents-GitHub-erpnext-frappe-bench:default: frappe.utils.background_jobs.execute_job(event=None, is_async=True, job_name='frappe.core.doctype.scheduled_job_type.scheduled_job_type.run_scheduled_jo..., kwargs={'job_type': 'frappe.deferred_insert.save_to_db', 'scheduled_job_type': '57..., method='frappe.core.doctype.scheduled_job_type.scheduled_job_type.run_scheduled_jo..., site='erpnext.localhost', user='Administrator') (erpnext.localhost||scheduled_job||57faianiv7)
2025-04-27 21:04:03,245 Successfully completed frappe.utils.background_jobs.execute_job(event=None, is_async=True, job_name='frappe.core.doctype.scheduled_job_type.scheduled_job_type.run_scheduled_jo..., kwargs={'job_type': 'frappe.deferred_insert.save_to_db', 'scheduled_job_type': '57..., method='frappe.core.doctype.scheduled_job_type.scheduled_job_type.run_scheduled_jo..., site='erpnext.localhost', user='Administrator') job in 0:00:00.198453s on worker 0d2a2946d1774934a712f2c27ea87f84
2025-04-27 21:04:03,245 home-fy-Documents-GitHub-erpnext-frappe-bench:default: Job OK (erpnext.localhost||scheduled_job||57faianiv7)
2025-04-27 21:04:03,245 Result is kept for 600 seconds
2025-04-27 21:04:03,251 home-fy-Documents-GitHub-erpnext-frappe-bench:default: frappe.utils.background_jobs.execute_job(event=None, is_async=True, job_name='frappe.core.doctype.scheduled_job_type.scheduled_job_type.run_scheduled_jo..., kwargs={'job_type': 'frappe.twofactor.delete_all_barcodes_for_users', 'scheduled_j..., method='frappe.core.doctype.scheduled_job_type.scheduled_job_type.run_scheduled_jo..., site='erpnext.localhost', user='Administrator') (erpnext.localhost||scheduled_job||57f9udt3kh)
2025-04-27 21:04:03,403 Successfully completed frappe.utils.background_jobs.execute_job(event=None, is_async=True, job_name='frappe.core.doctype.scheduled_job_type.scheduled_job_type.run_scheduled_jo..., kwargs={'job_type': 'frappe.twofactor.delete_all_barcodes_for_users', 'scheduled_j..., method='frappe.core.doctype.scheduled_job_type.scheduled_job_type.run_scheduled_jo..., site='erpnext.localhost', user='Administrator') job in 0:00:00.146006s on worker 0d2a2946d1774934a712f2c27ea87f84
2025-04-27 21:04:03,403 home-fy-Documents-GitHub-erpnext-frappe-bench:default: Job OK (erpnext.localhost||scheduled_job||57f9udt3kh)
2025-04-27 21:04:03,403 Result is kept for 600 seconds
2025-04-27 21:04:03,408 home-fy-Documents-GitHub-erpnext-frappe-bench:default: frappe.utils.background_jobs.execute_job(event=None, is_async=True, job_name='frappe.core.doctype.scheduled_job_type.scheduled_job_type.run_scheduled_jo..., kwargs={'job_type': 'frappe.model.utils.user_settings.sync_user_settings', 'schedu..., method='frappe.core.doctype.scheduled_job_type.scheduled_job_type.run_scheduled_jo..., site='erpnext.localhost', user='Administrator') (erpnext.localhost||scheduled_job||57fpat692s)
2025-04-27 21:04:03,567 Successfully completed frappe.utils.background_jobs.execute_job(event=None, is_async=True, job_name='frappe.core.doctype.scheduled_job_type.scheduled_job_type.run_scheduled_jo..., kwargs={'job_type': 'frappe.model.utils.user_settings.sync_user_settings', 'schedu..., method='frappe.core.doctype.scheduled_job_type.scheduled_job_type.run_scheduled_jo..., site='erpnext.localhost', user='Administrator') job in 0:00:00.152746s on worker 0d2a2946d1774934a712f2c27ea87f84
2025-04-27 21:04:03,567 home-fy-Documents-GitHub-erpnext-frappe-bench:default: Job OK (erpnext.localhost||scheduled_job||57fpat692s)
2025-04-27 21:04:03,567 Result is kept for 600 seconds
2025-04-27 21:04:03,572 home-fy-Documents-GitHub-erpnext-frappe-bench:default: frappe.utils.background_jobs.execute_job(event=None, is_async=True, job_name='frappe.core.doctype.scheduled_job_type.scheduled_job_type.run_scheduled_jo..., kwargs={'job_type': 'erpnext.manufacturing.doctype.bom_update_log.bom_update_log.r..., method='frappe.core.doctype.scheduled_job_type.scheduled_job_type.run_scheduled_jo..., site='erpnext.localhost', user='Administrator') (erpnext.localhost||scheduled_job||89h36b9fje)
2025-04-27 21:04:03,754 Successfully completed frappe.utils.background_jobs.execute_job(event=None, is_async=True, job_name='frappe.core.doctype.scheduled_job_type.scheduled_job_type.run_scheduled_jo..., kwargs={'job_type': 'erpnext.manufacturing.doctype.bom_update_log.bom_update_log.r..., method='frappe.core.doctype.scheduled_job_type.scheduled_job_type.run_scheduled_jo..., site='erpnext.localhost', user='Administrator') job in 0:00:00.175465s on worker 0d2a2946d1774934a712f2c27ea87f84
2025-04-27 21:04:03,754 home-fy-Documents-GitHub-erpnext-frappe-bench:default: Job OK (erpnext.localhost||scheduled_job||89h36b9fje)
2025-04-27 21:04:03,754 Result is kept for 600 seconds
2025-04-27 21:04:03,760 home-fy-Documents-GitHub-erpnext-frappe-bench:default: frappe.utils.background_jobs.execute_job(event=None, is_async=True, job_name='frappe.core.doctype.scheduled_job_type.scheduled_job_type.run_scheduled_jo..., kwargs={'job_type': 'frappe.utils.global_search.sync_global_search', 'scheduled_jo..., method='frappe.core.doctype.scheduled_job_type.scheduled_job_type.run_scheduled_jo..., site='erpnext.localhost', user='Administrator') (erpnext.localhost||scheduled_job||57f1qn3d5q)
2025-04-27 21:04:03,884 Successfully completed frappe.utils.background_jobs.execute_job(event=None, is_async=True, job_name='frappe.core.doctype.scheduled_job_type.scheduled_job_type.run_scheduled_jo..., kwargs={'job_type': 'frappe.utils.global_search.sync_global_search', 'scheduled_jo..., method='frappe.core.doctype.scheduled_job_type.scheduled_job_type.run_scheduled_jo..., site='erpnext.localhost', user='Administrator') job in 0:00:00.116426s on worker 0d2a2946d1774934a712f2c27ea87f84
2025-04-27 21:04:03,884 home-fy-Documents-GitHub-erpnext-frappe-bench:default: Job OK (erpnext.localhost||scheduled_job||57f1qn3d5q)
2025-04-27 21:04:03,884 Result is kept for 600 seconds
2025-04-27 21:04:03,889 home-fy-Documents-GitHub-erpnext-frappe-bench:default: frappe.utils.background_jobs.execute_job(event=None, is_async=True, job_name='frappe.core.doctype.scheduled_job_type.scheduled_job_type.run_scheduled_jo..., kwargs={'job_type': 'frappe.email.doctype.newsletter.newsletter.send_scheduled_ema..., method='frappe.core.doctype.scheduled_job_type.scheduled_job_type.run_scheduled_jo..., site='erpnext.localhost', user='Administrator') (erpnext.localhost||scheduled_job||57fmngj7vv)
2025-04-27 21:04:04,134 Successfully completed frappe.utils.background_jobs.execute_job(event=None, is_async=True, job_name='frappe.core.doctype.scheduled_job_type.scheduled_job_type.run_scheduled_jo..., kwargs={'job_type': 'frappe.email.doctype.newsletter.newsletter.send_scheduled_ema..., method='frappe.core.doctype.scheduled_job_type.scheduled_job_type.run_scheduled_jo..., site='erpnext.localhost', user='Administrator') job in 0:00:00.234088s on worker 0d2a2946d1774934a712f2c27ea87f84
2025-04-27 21:04:04,134 home-fy-Documents-GitHub-erpnext-frappe-bench:default: Job OK (erpnext.localhost||scheduled_job||57fmngj7vv)
2025-04-27 21:04:04,134 Result is kept for 600 seconds
2025-04-27 21:04:04,140 home-fy-Documents-GitHub-erpnext-frappe-bench:default: frappe.utils.background_jobs.execute_job(event=None, is_async=True, job_name='frappe.core.doctype.scheduled_job_type.scheduled_job_type.run_scheduled_jo..., kwargs={'job_type': 'frappe.email.queue.flush', 'scheduled_job_type': '57fu68shpf'..., method='frappe.core.doctype.scheduled_job_type.scheduled_job_type.run_scheduled_jo..., site='erpnext.localhost', user='Administrator') (erpnext.localhost||scheduled_job||57fu68shpf)
2025-04-27 21:04:04,392 Successfully completed frappe.utils.background_jobs.execute_job(event=None, is_async=True, job_name='frappe.core.doctype.scheduled_job_type.scheduled_job_type.run_scheduled_jo..., kwargs={'job_type': 'frappe.email.queue.flush', 'scheduled_job_type': '57fu68shpf'..., method='frappe.core.doctype.scheduled_job_type.scheduled_job_type.run_scheduled_jo..., site='erpnext.localhost', user='Administrator') job in 0:00:00.245890s on worker 0d2a2946d1774934a712f2c27ea87f84
2025-04-27 21:04:04,392 home-fy-Documents-GitHub-erpnext-frappe-bench:default: Job OK (erpnext.localhost||scheduled_job||57fu68shpf)
2025-04-27 21:04:04,392 Result is kept for 600 seconds
2025-04-27 21:04:04,399 home-fy-Documents-GitHub-erpnext-frappe-bench:default: frappe.utils.background_jobs.execute_job(event=None, is_async=True, job_name='frappe.core.doctype.scheduled_job_type.scheduled_job_type.run_scheduled_jo..., kwargs={'job_type': 'frappe.desk.form.document_follow.send_hourly_updates', 'sched..., method='frappe.core.doctype.scheduled_job_type.scheduled_job_type.run_scheduled_jo..., site='erpnext.localhost', user='Administrator') (erpnext.localhost||scheduled_job||57fos75t6p)
2025-04-27 21:04:04,567 Successfully completed frappe.utils.background_jobs.execute_job(event=None, is_async=True, job_name='frappe.core.doctype.scheduled_job_type.scheduled_job_type.run_scheduled_jo..., kwargs={'job_type': 'frappe.desk.form.document_follow.send_hourly_updates', 'sched..., method='frappe.core.doctype.scheduled_job_type.scheduled_job_type.run_scheduled_jo..., site='erpnext.localhost', user='Administrator') job in 0:00:00.156842s on worker 0d2a2946d1774934a712f2c27ea87f84
2025-04-27 21:04:04,567 home-fy-Documents-GitHub-erpnext-frappe-bench:default: Job OK (erpnext.localhost||scheduled_job||57fos75t6p)
2025-04-27 21:04:04,568 Result is kept for 600 seconds
2025-04-27 21:04:04,576 home-fy-Documents-GitHub-erpnext-frappe-bench:default: frappe.utils.background_jobs.execute_job(event=None, is_async=True, job_name='frappe.core.doctype.scheduled_job_type.scheduled_job_type.run_scheduled_jo..., kwargs={'job_type': 'frappe.monitor.flush', 'scheduled_job_type': '57fcr9524j'}, method='frappe.core.doctype.scheduled_job_type.scheduled_job_type.run_scheduled_jo..., site='erpnext.localhost', user='Administrator') (erpnext.localhost||scheduled_job||57fcr9524j)
2025-04-27 21:04:04,704 Successfully completed frappe.utils.background_jobs.execute_job(event=None, is_async=True, job_name='frappe.core.doctype.scheduled_job_type.scheduled_job_type.run_scheduled_jo..., kwargs={'job_type': 'frappe.monitor.flush', 'scheduled_job_type': '57fcr9524j'}, method='frappe.core.doctype.scheduled_job_type.scheduled_job_type.run_scheduled_jo..., site='erpnext.localhost', user='Administrator') job in 0:00:00.120360s on worker 0d2a2946d1774934a712f2c27ea87f84
2025-04-27 21:04:04,704 home-fy-Documents-GitHub-erpnext-frappe-bench:default: Job OK (erpnext.localhost||scheduled_job||57fcr9524j)
2025-04-27 21:04:04,704 Result is kept for 600 seconds
2025-04-27 21:04:04,709 home-fy-Documents-GitHub-erpnext-frappe-bench:default: frappe.utils.background_jobs.execute_job(event=None, is_async=True, job_name='frappe.core.doctype.scheduled_job_type.scheduled_job_type.run_scheduled_jo..., kwargs={'job_type': 'erpnext.projects.doctype.project.project.project_status_updat..., method='frappe.core.doctype.scheduled_job_type.scheduled_job_type.run_scheduled_jo..., site='erpnext.localhost', user='Administrator') (erpnext.localhost||scheduled_job||89i4q6i7rg)
2025-04-27 21:04:04,884 Successfully completed frappe.utils.background_jobs.execute_job(event=None, is_async=True, job_name='frappe.core.doctype.scheduled_job_type.scheduled_job_type.run_scheduled_jo..., kwargs={'job_type': 'erpnext.projects.doctype.project.project.project_status_updat..., method='frappe.core.doctype.scheduled_job_type.scheduled_job_type.run_scheduled_jo..., site='erpnext.localhost', user='Administrator') job in 0:00:00.167678s on worker 0d2a2946d1774934a712f2c27ea87f84
2025-04-27 21:04:04,884 home-fy-Documents-GitHub-erpnext-frappe-bench:default: Job OK (erpnext.localhost||scheduled_job||89i4q6i7rg)
2025-04-27 21:04:04,884 Result is kept for 600 seconds
2025-04-27 21:04:04,889 home-fy-Documents-GitHub-erpnext-frappe-bench:default: frappe.utils.background_jobs.execute_job(event=None, is_async=True, job_name='frappe.core.doctype.scheduled_job_type.scheduled_job_type.run_scheduled_jo..., kwargs={'job_type': 'frappe.website.doctype.personal_data_deletion_request.persona..., method='frappe.core.doctype.scheduled_job_type.scheduled_job_type.run_scheduled_jo..., site='erpnext.localhost', user='Administrator') (erpnext.localhost||scheduled_job||57fiv1u7v1)
2025-04-27 21:04:05,083 Successfully completed frappe.utils.background_jobs.execute_job(event=None, is_async=True, job_name='frappe.core.doctype.scheduled_job_type.scheduled_job_type.run_scheduled_jo..., kwargs={'job_type': 'frappe.website.doctype.personal_data_deletion_request.persona..., method='frappe.core.doctype.scheduled_job_type.scheduled_job_type.run_scheduled_jo..., site='erpnext.localhost', user='Administrator') job in 0:00:00.185872s on worker 0d2a2946d1774934a712f2c27ea87f84
2025-04-27 21:04:05,083 home-fy-Documents-GitHub-erpnext-frappe-bench:default: Job OK (erpnext.localhost||scheduled_job||57fiv1u7v1)
2025-04-27 21:04:05,083 Result is kept for 600 seconds
2025-04-27 21:04:05,089 home-fy-Documents-GitHub-erpnext-frappe-bench:default: frappe.utils.background_jobs.execute_job(event=None, is_async=True, job_name='frappe.core.doctype.scheduled_job_type.scheduled_job_type.run_scheduled_jo..., kwargs={'job_type': 'erpnext.erpnext_integrations.doctype.plaid_settings.plaid_set..., method='frappe.core.doctype.scheduled_job_type.scheduled_job_type.run_scheduled_jo..., site='erpnext.localhost', user='Administrator') (erpnext.localhost||scheduled_job||89i1mb4413)
2025-04-27 21:04:05,278 Successfully completed frappe.utils.background_jobs.execute_job(event=None, is_async=True, job_name='frappe.core.doctype.scheduled_job_type.scheduled_job_type.run_scheduled_jo..., kwargs={'job_type': 'erpnext.erpnext_integrations.doctype.plaid_settings.plaid_set..., method='frappe.core.doctype.scheduled_job_type.scheduled_job_type.run_scheduled_jo..., site='erpnext.localhost', user='Administrator') job in 0:00:00.182018s on worker 0d2a2946d1774934a712f2c27ea87f84
2025-04-27 21:04:05,278 home-fy-Documents-GitHub-erpnext-frappe-bench:default: Job OK (erpnext.localhost||scheduled_job||89i1mb4413)
2025-04-27 21:04:05,279 Result is kept for 600 seconds
2025-04-27 21:04:05,284 home-fy-Documents-GitHub-erpnext-frappe-bench:default: frappe.utils.background_jobs.execute_job(event=None, is_async=True, job_name='frappe.core.doctype.scheduled_job_type.scheduled_job_type.run_scheduled_jo..., kwargs={'job_type': 'frappe.email.doctype.email_account.email_account.pull', 'sche..., method='frappe.core.doctype.scheduled_job_type.scheduled_job_type.run_scheduled_jo..., site='erpnext.localhost', user='Administrator') (erpnext.localhost||scheduled_job||57fv1s5ve3)
2025-04-27 21:04:05,422 Successfully completed frappe.utils.background_jobs.execute_job(event=None, is_async=True, job_name='frappe.core.doctype.scheduled_job_type.scheduled_job_type.run_scheduled_jo..., kwargs={'job_type': 'frappe.email.doctype.email_account.email_account.pull', 'sche..., method='frappe.core.doctype.scheduled_job_type.scheduled_job_type.run_scheduled_jo..., site='erpnext.localhost', user='Administrator') job in 0:00:00.132725s on worker 0d2a2946d1774934a712f2c27ea87f84
2025-04-27 21:04:05,422 home-fy-Documents-GitHub-erpnext-frappe-bench:default: Job OK (erpnext.localhost||scheduled_job||57fv1s5ve3)
2025-04-27 21:04:05,422 Result is kept for 600 seconds
2025-04-27 21:04:05,428 home-fy-Documents-GitHub-erpnext-frappe-bench:long: frappe.utils.background_jobs.execute_job(event=None, is_async=True, job_name='frappe.core.doctype.scheduled_job_type.scheduled_job_type.run_scheduled_jo..., kwargs={'job_type': 'erpnext.stock.doctype.repost_item_valuation.repost_item_valua..., method='frappe.core.doctype.scheduled_job_type.scheduled_job_type.run_scheduled_jo..., site='erpnext.localhost', user='Administrator') (erpnext.localhost||scheduled_job||89ksk8uq3v)
2025-04-27 21:04:05,636 Successfully completed frappe.utils.background_jobs.execute_job(event=None, is_async=True, job_name='frappe.core.doctype.scheduled_job_type.scheduled_job_type.run_scheduled_jo..., kwargs={'job_type': 'erpnext.stock.doctype.repost_item_valuation.repost_item_valua..., method='frappe.core.doctype.scheduled_job_type.scheduled_job_type.run_scheduled_jo..., site='erpnext.localhost', user='Administrator') job in 0:00:00.200119s on worker 0d2a2946d1774934a712f2c27ea87f84
2025-04-27 21:04:05,636 home-fy-Documents-GitHub-erpnext-frappe-bench:long: Job OK (erpnext.localhost||scheduled_job||89ksk8uq3v)
2025-04-27 21:04:05,636 Result is kept for 600 seconds
2025-04-27 21:04:05,641 home-fy-Documents-GitHub-erpnext-frappe-bench:long: frappe.utils.background_jobs.execute_job(event=None, is_async=True, job_name='frappe.core.doctype.scheduled_job_type.scheduled_job_type.run_scheduled_jo..., kwargs={'job_type': 'erpnext.utilities.bulk_transaction.retry', 'scheduled_job_typ..., method='frappe.core.doctype.scheduled_job_type.scheduled_job_type.run_scheduled_jo..., site='erpnext.localhost', user='Administrator') (erpnext.localhost||scheduled_job||89klaavja8)
2025-04-27 21:04:05,880 Successfully completed frappe.utils.background_jobs.execute_job(event=None, is_async=True, job_name='frappe.core.doctype.scheduled_job_type.scheduled_job_type.run_scheduled_jo..., kwargs={'job_type': 'erpnext.utilities.bulk_transaction.retry', 'scheduled_job_typ..., method='frappe.core.doctype.scheduled_job_type.scheduled_job_type.run_scheduled_jo..., site='erpnext.localhost', user='Administrator') job in 0:00:00.232257s on worker 0d2a2946d1774934a712f2c27ea87f84
2025-04-27 21:04:05,880 home-fy-Documents-GitHub-erpnext-frappe-bench:long: Job OK (erpnext.localhost||scheduled_job||89klaavja8)
2025-04-27 21:04:05,880 Result is kept for 600 seconds
2025-04-27 21:08:00,668 home-fy-Documents-GitHub-erpnext-frappe-bench:default: frappe.utils.background_jobs.execute_job(event=None, is_async=True, job_name='frappe.core.doctype.scheduled_job_type.scheduled_job_type.run_scheduled_jo..., kwargs={'job_type': 'frappe.email.queue.flush', 'scheduled_job_type': '57fu68shpf'..., method='frappe.core.doctype.scheduled_job_type.scheduled_job_type.run_scheduled_jo..., site='erpnext.localhost', user='Administrator') (erpnext.localhost||scheduled_job||57fu68shpf)
2025-04-27 21:08:00,872 Successfully completed frappe.utils.background_jobs.execute_job(event=None, is_async=True, job_name='frappe.core.doctype.scheduled_job_type.scheduled_job_type.run_scheduled_jo..., kwargs={'job_type': 'frappe.email.queue.flush', 'scheduled_job_type': '57fu68shpf'..., method='frappe.core.doctype.scheduled_job_type.scheduled_job_type.run_scheduled_jo..., site='erpnext.localhost', user='Administrator') job in 0:00:00.196465s on worker 0d2a2946d1774934a712f2c27ea87f84
2025-04-27 21:08:00,873 home-fy-Documents-GitHub-erpnext-frappe-bench:default: Job OK (erpnext.localhost||scheduled_job||57fu68shpf)
2025-04-27 21:08:00,873 Result is kept for 600 seconds
2025-04-27 21:08:00,878 home-fy-Documents-GitHub-erpnext-frappe-bench:default: frappe.utils.background_jobs.execute_job(event=None, is_async=True, job_name='frappe.core.doctype.scheduled_job_type.scheduled_job_type.run_scheduled_jo..., kwargs={'job_type': 'frappe.email.doctype.notification.notification.trigger_offset..., method='frappe.core.doctype.scheduled_job_type.scheduled_job_type.run_scheduled_jo..., site='erpnext.localhost', user='Administrator') (erpnext.localhost||scheduled_job||57fmqjdgf7)
2025-04-27 21:08:01,009 Successfully completed frappe.utils.background_jobs.execute_job(event=None, is_async=True, job_name='frappe.core.doctype.scheduled_job_type.scheduled_job_type.run_scheduled_jo..., kwargs={'job_type': 'frappe.email.doctype.notification.notification.trigger_offset..., method='frappe.core.doctype.scheduled_job_type.scheduled_job_type.run_scheduled_jo..., site='erpnext.localhost', user='Administrator') job in 0:00:00.125093s on worker 0d2a2946d1774934a712f2c27ea87f84
2025-04-27 21:08:01,009 home-fy-Documents-GitHub-erpnext-frappe-bench:default: Job OK (erpnext.localhost||scheduled_job||57fmqjdgf7)
2025-04-27 21:08:01,009 Result is kept for 600 seconds
2025-04-27 21:08:01,014 home-fy-Documents-GitHub-erpnext-frappe-bench:default: frappe.utils.background_jobs.execute_job(event=None, is_async=True, job_name='frappe.core.doctype.scheduled_job_type.scheduled_job_type.run_scheduled_jo..., kwargs={'job_type': 'frappe.monitor.flush', 'scheduled_job_type': '57fcr9524j'}, method='frappe.core.doctype.scheduled_job_type.scheduled_job_type.run_scheduled_jo..., site='erpnext.localhost', user='Administrator') (erpnext.localhost||scheduled_job||57fcr9524j)
2025-04-27 21:08:01,134 Successfully completed frappe.utils.background_jobs.execute_job(event=None, is_async=True, job_name='frappe.core.doctype.scheduled_job_type.scheduled_job_type.run_scheduled_jo..., kwargs={'job_type': 'frappe.monitor.flush', 'scheduled_job_type': '57fcr9524j'}, method='frappe.core.doctype.scheduled_job_type.scheduled_job_type.run_scheduled_jo..., site='erpnext.localhost', user='Administrator') job in 0:00:00.113591s on worker 0d2a2946d1774934a712f2c27ea87f84
2025-04-27 21:08:01,134 home-fy-Documents-GitHub-erpnext-frappe-bench:default: Job OK (erpnext.localhost||scheduled_job||57fcr9524j)
2025-04-27 21:08:01,134 Result is kept for 600 seconds
2025-04-27 21:08:01,141 home-fy-Documents-GitHub-erpnext-frappe-bench:default: frappe.utils.background_jobs.execute_job(event=None, is_async=True, job_name='frappe.core.doctype.scheduled_job_type.scheduled_job_type.run_scheduled_jo..., kwargs={'job_type': 'frappe.integrations.doctype.google_calendar.google_calendar.s..., method='frappe.core.doctype.scheduled_job_type.scheduled_job_type.run_scheduled_jo..., site='erpnext.localhost', user='Administrator') (erpnext.localhost||scheduled_job||57fp7enf9v)
2025-04-27 21:08:01,420 Successfully completed frappe.utils.background_jobs.execute_job(event=None, is_async=True, job_name='frappe.core.doctype.scheduled_job_type.scheduled_job_type.run_scheduled_jo..., kwargs={'job_type': 'frappe.integrations.doctype.google_calendar.google_calendar.s..., method='frappe.core.doctype.scheduled_job_type.scheduled_job_type.run_scheduled_jo..., site='erpnext.localhost', user='Administrator') job in 0:00:00.272354s on worker 0d2a2946d1774934a712f2c27ea87f84
2025-04-27 21:08:01,420 home-fy-Documents-GitHub-erpnext-frappe-bench:default: Job OK (erpnext.localhost||scheduled_job||57fp7enf9v)
2025-04-27 21:08:01,420 Result is kept for 600 seconds
2025-04-27 21:09:46,380 Worker 0d2a2946d1774934a712f2c27ea87f84 [PID 16985]: warm shut down requested
2025-04-27 21:09:46,391 Unsubscribing from channel rq:pubsub:0d2a2946d1774934a712f2c27ea87f84
2025-04-28 08:12:24,400 Worker rq:worker:7400ef2fe4004155ba3aec4b8f04035a started with PID 4161, version 2.3.2
2025-04-28 08:12:24,400 Subscribing to channel rq:pubsub:7400ef2fe4004155ba3aec4b8f04035a
2025-04-28 08:12:24,403 *** Listening on home-fy-Documents-GitHub-erpnext-frappe-bench:short, home-fy-Documents-GitHub-erpnext-frappe-bench:default, home-fy-Documents-GitHub-erpnext-frappe-bench:long...
2025-04-28 08:12:24,404 Cleaning registries for queue: home-fy-Documents-GitHub-erpnext-frappe-bench:short
2025-04-28 08:12:24,407 Cleaning registries for queue: home-fy-Documents-GitHub-erpnext-frappe-bench:default
2025-04-28 08:12:24,410 Cleaning registries for queue: home-fy-Documents-GitHub-erpnext-frappe-bench:long
2025-04-28 08:16:01,165 home-fy-Documents-GitHub-erpnext-frappe-bench:default: frappe.utils.background_jobs.execute_job(event=None, is_async=True, job_name='frappe.core.doctype.scheduled_job_type.scheduled_job_type.run_scheduled_jo..., kwargs={'job_type': 'frappe.sessions.clear_expired_sessions', 'scheduled_job_type'..., method='frappe.core.doctype.scheduled_job_type.scheduled_job_type.run_scheduled_jo..., site='erpnext.localhost', user='Administrator') (erpnext.localhost||scheduled_job||57fshimmes)
2025-04-28 08:16:01,552 Successfully completed frappe.utils.background_jobs.execute_job(event=None, is_async=True, job_name='frappe.core.doctype.scheduled_job_type.scheduled_job_type.run_scheduled_jo..., kwargs={'job_type': 'frappe.sessions.clear_expired_sessions', 'scheduled_job_type'..., method='frappe.core.doctype.scheduled_job_type.scheduled_job_type.run_scheduled_jo..., site='erpnext.localhost', user='Administrator') job in 0:00:00.329271s on worker 7400ef2fe4004155ba3aec4b8f04035a
2025-04-28 08:16:01,552 home-fy-Documents-GitHub-erpnext-frappe-bench:default: Job OK (erpnext.localhost||scheduled_job||57fshimmes)
2025-04-28 08:16:01,552 Result is kept for 600 seconds
2025-04-28 08:16:01,557 home-fy-Documents-GitHub-erpnext-frappe-bench:default: frappe.utils.background_jobs.execute_job(event=None, is_async=True, job_name='frappe.core.doctype.scheduled_job_type.scheduled_job_type.run_scheduled_jo..., kwargs={'job_type': 'erpnext.accounts.doctype.process_statement_of_accounts.proces..., method='frappe.core.doctype.scheduled_job_type.scheduled_job_type.run_scheduled_jo..., site='erpnext.localhost', user='Administrator') (erpnext.localhost||scheduled_job||89ju28ubsl)
2025-04-28 08:16:01,903 Successfully completed frappe.utils.background_jobs.execute_job(event=None, is_async=True, job_name='frappe.core.doctype.scheduled_job_type.scheduled_job_type.run_scheduled_jo..., kwargs={'job_type': 'erpnext.accounts.doctype.process_statement_of_accounts.proces..., method='frappe.core.doctype.scheduled_job_type.scheduled_job_type.run_scheduled_jo..., site='erpnext.localhost', user='Administrator') job in 0:00:00.340222s on worker 7400ef2fe4004155ba3aec4b8f04035a
2025-04-28 08:16:01,903 home-fy-Documents-GitHub-erpnext-frappe-bench:default: Job OK (erpnext.localhost||scheduled_job||89ju28ubsl)
2025-04-28 08:16:01,903 Result is kept for 600 seconds
2025-04-28 08:16:01,908 home-fy-Documents-GitHub-erpnext-frappe-bench:default: frappe.utils.background_jobs.execute_job(event=None, is_async=True, job_name='frappe.core.doctype.scheduled_job_type.scheduled_job_type.run_scheduled_jo..., kwargs={'job_type': 'frappe.desk.notifications.clear_notifications', 'scheduled_jo..., method='frappe.core.doctype.scheduled_job_type.scheduled_job_type.run_scheduled_jo..., site='erpnext.localhost', user='Administrator') (erpnext.localhost||scheduled_job||57foppnd9b)
2025-04-28 08:16:02,036 Successfully completed frappe.utils.background_jobs.execute_job(event=None, is_async=True, job_name='frappe.core.doctype.scheduled_job_type.scheduled_job_type.run_scheduled_jo..., kwargs={'job_type': 'frappe.desk.notifications.clear_notifications', 'scheduled_jo..., method='frappe.core.doctype.scheduled_job_type.scheduled_job_type.run_scheduled_jo..., site='erpnext.localhost', user='Administrator') job in 0:00:00.122113s on worker 7400ef2fe4004155ba3aec4b8f04035a
2025-04-28 08:16:02,036 home-fy-Documents-GitHub-erpnext-frappe-bench:default: Job OK (erpnext.localhost||scheduled_job||57foppnd9b)
2025-04-28 08:16:02,037 Result is kept for 600 seconds
2025-04-28 08:16:02,041 home-fy-Documents-GitHub-erpnext-frappe-bench:default: frappe.utils.background_jobs.execute_job(event=None, is_async=True, job_name='frappe.core.doctype.scheduled_job_type.scheduled_job_type.run_scheduled_jo..., kwargs={'job_type': 'erpnext.accounts.utils.run_ledger_health_checks', 'scheduled_..., method='frappe.core.doctype.scheduled_job_type.scheduled_job_type.run_scheduled_jo..., site='erpnext.localhost', user='Administrator') (erpnext.localhost||scheduled_job||89j67482f0)
2025-04-28 08:16:02,217 Successfully completed frappe.utils.background_jobs.execute_job(event=None, is_async=True, job_name='frappe.core.doctype.scheduled_job_type.scheduled_job_type.run_scheduled_jo..., kwargs={'job_type': 'erpnext.accounts.utils.run_ledger_health_checks', 'scheduled_..., method='frappe.core.doctype.scheduled_job_type.scheduled_job_type.run_scheduled_jo..., site='erpnext.localhost', user='Administrator') job in 0:00:00.170058s on worker 7400ef2fe4004155ba3aec4b8f04035a
2025-04-28 08:16:02,217 home-fy-Documents-GitHub-erpnext-frappe-bench:default: Job OK (erpnext.localhost||scheduled_job||89j67482f0)
2025-04-28 08:16:02,217 Result is kept for 600 seconds
2025-04-28 08:16:02,222 home-fy-Documents-GitHub-erpnext-frappe-bench:default: frappe.utils.background_jobs.execute_job(event=None, is_async=True, job_name='frappe.core.doctype.scheduled_job_type.scheduled_job_type.run_scheduled_jo..., kwargs={'job_type': 'frappe.email.doctype.newsletter.newsletter.send_scheduled_ema..., method='frappe.core.doctype.scheduled_job_type.scheduled_job_type.run_scheduled_jo..., site='erpnext.localhost', user='Administrator') (erpnext.localhost||scheduled_job||57fmngj7vv)
2025-04-28 08:16:02,435 Successfully completed frappe.utils.background_jobs.execute_job(event=None, is_async=True, job_name='frappe.core.doctype.scheduled_job_type.scheduled_job_type.run_scheduled_jo..., kwargs={'job_type': 'frappe.email.doctype.newsletter.newsletter.send_scheduled_ema..., method='frappe.core.doctype.scheduled_job_type.scheduled_job_type.run_scheduled_jo..., site='erpnext.localhost', user='Administrator') job in 0:00:00.207585s on worker 7400ef2fe4004155ba3aec4b8f04035a
2025-04-28 08:16:02,435 home-fy-Documents-GitHub-erpnext-frappe-bench:default: Job OK (erpnext.localhost||scheduled_job||57fmngj7vv)
2025-04-28 08:16:02,435 Result is kept for 600 seconds
2025-04-28 08:16:02,440 home-fy-Documents-GitHub-erpnext-frappe-bench:default: frappe.utils.background_jobs.execute_job(event=None, is_async=True, job_name='frappe.core.doctype.scheduled_job_type.scheduled_job_type.run_scheduled_jo..., kwargs={'job_type': 'erpnext.manufacturing.doctype.bom_update_log.bom_update_log.r..., method='frappe.core.doctype.scheduled_job_type.scheduled_job_type.run_scheduled_jo..., site='erpnext.localhost', user='Administrator') (erpnext.localhost||scheduled_job||89h36b9fje)
2025-04-28 08:16:02,584 Successfully completed frappe.utils.background_jobs.execute_job(event=None, is_async=True, job_name='frappe.core.doctype.scheduled_job_type.scheduled_job_type.run_scheduled_jo..., kwargs={'job_type': 'erpnext.manufacturing.doctype.bom_update_log.bom_update_log.r..., method='frappe.core.doctype.scheduled_job_type.scheduled_job_type.run_scheduled_jo..., site='erpnext.localhost', user='Administrator') job in 0:00:00.138655s on worker 7400ef2fe4004155ba3aec4b8f04035a
2025-04-28 08:16:02,584 home-fy-Documents-GitHub-erpnext-frappe-bench:default: Job OK (erpnext.localhost||scheduled_job||89h36b9fje)
2025-04-28 08:16:02,584 Result is kept for 600 seconds
2025-04-28 08:16:02,589 home-fy-Documents-GitHub-erpnext-frappe-bench:default: frappe.utils.background_jobs.execute_job(event=None, is_async=True, job_name='frappe.core.doctype.scheduled_job_type.scheduled_job_type.run_scheduled_jo..., kwargs={'job_type': 'frappe.email.doctype.email_account.email_account.notify_unrep..., method='frappe.core.doctype.scheduled_job_type.scheduled_job_type.run_scheduled_jo..., site='erpnext.localhost', user='Administrator') (erpnext.localhost||scheduled_job||57frb6dct5)
2025-04-28 08:16:02,756 Successfully completed frappe.utils.background_jobs.execute_job(event=None, is_async=True, job_name='frappe.core.doctype.scheduled_job_type.scheduled_job_type.run_scheduled_jo..., kwargs={'job_type': 'frappe.email.doctype.email_account.email_account.notify_unrep..., method='frappe.core.doctype.scheduled_job_type.scheduled_job_type.run_scheduled_jo..., site='erpnext.localhost', user='Administrator') job in 0:00:00.161281s on worker 7400ef2fe4004155ba3aec4b8f04035a
2025-04-28 08:16:02,756 home-fy-Documents-GitHub-erpnext-frappe-bench:default: Job OK (erpnext.localhost||scheduled_job||57frb6dct5)
2025-04-28 08:16:02,756 Result is kept for 600 seconds
2025-04-28 08:16:02,761 home-fy-Documents-GitHub-erpnext-frappe-bench:default: frappe.utils.background_jobs.execute_job(event=None, is_async=True, job_name='frappe.core.doctype.scheduled_job_type.scheduled_job_type.run_scheduled_jo..., kwargs={'job_type': 'erpnext.selling.doctype.quotation.quotation.set_expired_statu..., method='frappe.core.doctype.scheduled_job_type.scheduled_job_type.run_scheduled_jo..., site='erpnext.localhost', user='Administrator') (erpnext.localhost||scheduled_job||89jefmu9b0)
2025-04-28 08:16:02,957 Successfully completed frappe.utils.background_jobs.execute_job(event=None, is_async=True, job_name='frappe.core.doctype.scheduled_job_type.scheduled_job_type.run_scheduled_jo..., kwargs={'job_type': 'erpnext.selling.doctype.quotation.quotation.set_expired_statu..., method='frappe.core.doctype.scheduled_job_type.scheduled_job_type.run_scheduled_jo..., site='erpnext.localhost', user='Administrator') job in 0:00:00.189093s on worker 7400ef2fe4004155ba3aec4b8f04035a
2025-04-28 08:16:02,957 home-fy-Documents-GitHub-erpnext-frappe-bench:default: Job OK (erpnext.localhost||scheduled_job||89jefmu9b0)
2025-04-28 08:16:02,957 Result is kept for 600 seconds
2025-04-28 08:16:02,962 home-fy-Documents-GitHub-erpnext-frappe-bench:default: frappe.utils.background_jobs.execute_job(event=None, is_async=True, job_name='frappe.core.doctype.scheduled_job_type.scheduled_job_type.run_scheduled_jo..., kwargs={'job_type': 'frappe.monitor.flush', 'scheduled_job_type': '57fcr9524j'}, method='frappe.core.doctype.scheduled_job_type.scheduled_job_type.run_scheduled_jo..., site='erpnext.localhost', user='Administrator') (erpnext.localhost||scheduled_job||57fcr9524j)
2025-04-28 08:16:03,076 Successfully completed frappe.utils.background_jobs.execute_job(event=None, is_async=True, job_name='frappe.core.doctype.scheduled_job_type.scheduled_job_type.run_scheduled_jo..., kwargs={'job_type': 'frappe.monitor.flush', 'scheduled_job_type': '57fcr9524j'}, method='frappe.core.doctype.scheduled_job_type.scheduled_job_type.run_scheduled_jo..., site='erpnext.localhost', user='Administrator') job in 0:00:00.107727s on worker 7400ef2fe4004155ba3aec4b8f04035a
2025-04-28 08:16:03,076 home-fy-Documents-GitHub-erpnext-frappe-bench:default: Job OK (erpnext.localhost||scheduled_job||57fcr9524j)
2025-04-28 08:16:03,076 Result is kept for 600 seconds
2025-04-28 08:16:03,080 home-fy-Documents-GitHub-erpnext-frappe-bench:default: frappe.utils.background_jobs.execute_job(event=None, is_async=True, job_name='frappe.core.doctype.scheduled_job_type.scheduled_job_type.run_scheduled_jo..., kwargs={'job_type': 'frappe.automation.doctype.reminder.reminder.send_reminders', ..., method='frappe.core.doctype.scheduled_job_type.scheduled_job_type.run_scheduled_jo..., site='erpnext.localhost', user='Administrator') (erpnext.localhost||scheduled_job||57fmah7t11)
2025-04-28 08:16:03,242 Successfully completed frappe.utils.background_jobs.execute_job(event=None, is_async=True, job_name='frappe.core.doctype.scheduled_job_type.scheduled_job_type.run_scheduled_jo..., kwargs={'job_type': 'frappe.automation.doctype.reminder.reminder.send_reminders', ..., method='frappe.core.doctype.scheduled_job_type.scheduled_job_type.run_scheduled_jo..., site='erpnext.localhost', user='Administrator') job in 0:00:00.152901s on worker 7400ef2fe4004155ba3aec4b8f04035a
2025-04-28 08:16:03,242 home-fy-Documents-GitHub-erpnext-frappe-bench:default: Job OK (erpnext.localhost||scheduled_job||57fmah7t11)
2025-04-28 08:16:03,242 Result is kept for 600 seconds
2025-04-28 08:16:03,251 home-fy-Documents-GitHub-erpnext-frappe-bench:default: frappe.utils.background_jobs.execute_job(event=None, is_async=True, job_name='frappe.core.doctype.scheduled_job_type.scheduled_job_type.run_scheduled_jo..., kwargs={'job_type': 'frappe.oauth.delete_oauth2_data', 'scheduled_job_type': '57fh..., method='frappe.core.doctype.scheduled_job_type.scheduled_job_type.run_scheduled_jo..., site='erpnext.localhost', user='Administrator') (erpnext.localhost||scheduled_job||57fh804btu)
2025-04-28 08:16:03,411 Successfully completed frappe.utils.background_jobs.execute_job(event=None, is_async=True, job_name='frappe.core.doctype.scheduled_job_type.scheduled_job_type.run_scheduled_jo..., kwargs={'job_type': 'frappe.oauth.delete_oauth2_data', 'scheduled_job_type': '57fh..., method='frappe.core.doctype.scheduled_job_type.scheduled_job_type.run_scheduled_jo..., site='erpnext.localhost', user='Administrator') job in 0:00:00.152366s on worker 7400ef2fe4004155ba3aec4b8f04035a
2025-04-28 08:16:03,412 home-fy-Documents-GitHub-erpnext-frappe-bench:default: Job OK (erpnext.localhost||scheduled_job||57fh804btu)
2025-04-28 08:16:03,412 Result is kept for 600 seconds
2025-04-28 08:16:03,416 home-fy-Documents-GitHub-erpnext-frappe-bench:default: frappe.utils.background_jobs.execute_job(event=None, is_async=True, job_name='frappe.core.doctype.scheduled_job_type.scheduled_job_type.run_scheduled_jo..., kwargs={'job_type': 'erpnext.crm.doctype.email_campaign.email_campaign.send_email_..., method='frappe.core.doctype.scheduled_job_type.scheduled_job_type.run_scheduled_jo..., site='erpnext.localhost', user='Administrator') (erpnext.localhost||scheduled_job||89jhfpu5gu)
2025-04-28 08:16:03,681 Successfully completed frappe.utils.background_jobs.execute_job(event=None, is_async=True, job_name='frappe.core.doctype.scheduled_job_type.scheduled_job_type.run_scheduled_jo..., kwargs={'job_type': 'erpnext.crm.doctype.email_campaign.email_campaign.send_email_..., method='frappe.core.doctype.scheduled_job_type.scheduled_job_type.run_scheduled_jo..., site='erpnext.localhost', user='Administrator') job in 0:00:00.258294s on worker 7400ef2fe4004155ba3aec4b8f04035a
2025-04-28 08:16:03,681 home-fy-Documents-GitHub-erpnext-frappe-bench:default: Job OK (erpnext.localhost||scheduled_job||89jhfpu5gu)
2025-04-28 08:16:03,681 Result is kept for 600 seconds
2025-04-28 08:16:03,686 home-fy-Documents-GitHub-erpnext-frappe-bench:default: frappe.utils.background_jobs.execute_job(event=None, is_async=True, job_name='frappe.core.doctype.scheduled_job_type.scheduled_job_type.run_scheduled_jo..., kwargs={'job_type': 'frappe.model.utils.link_count.update_link_count', 'scheduled_..., method='frappe.core.doctype.scheduled_job_type.scheduled_job_type.run_scheduled_jo..., site='erpnext.localhost', user='Administrator') (erpnext.localhost||scheduled_job||57frs43oag)
2025-04-28 08:16:03,817 Successfully completed frappe.utils.background_jobs.execute_job(event=None, is_async=True, job_name='frappe.core.doctype.scheduled_job_type.scheduled_job_type.run_scheduled_jo..., kwargs={'job_type': 'frappe.model.utils.link_count.update_link_count', 'scheduled_..., method='frappe.core.doctype.scheduled_job_type.scheduled_job_type.run_scheduled_jo..., site='erpnext.localhost', user='Administrator') job in 0:00:00.125081s on worker 7400ef2fe4004155ba3aec4b8f04035a
2025-04-28 08:16:03,817 home-fy-Documents-GitHub-erpnext-frappe-bench:default: Job OK (erpnext.localhost||scheduled_job||57frs43oag)
2025-04-28 08:16:03,817 Result is kept for 600 seconds
2025-04-28 08:16:03,822 home-fy-Documents-GitHub-erpnext-frappe-bench:default: frappe.utils.background_jobs.execute_job(event=None, is_async=True, job_name='frappe.core.doctype.scheduled_job_type.scheduled_job_type.run_scheduled_jo..., kwargs={'job_type': 'erpnext.crm.doctype.contract.contract.update_status_for_contr..., method='frappe.core.doctype.scheduled_job_type.scheduled_job_type.run_scheduled_jo..., site='erpnext.localhost', user='Administrator') (erpnext.localhost||scheduled_job||89ivbe8d1h)
2025-04-28 08:16:03,978 Successfully completed frappe.utils.background_jobs.execute_job(event=None, is_async=True, job_name='frappe.core.doctype.scheduled_job_type.scheduled_job_type.run_scheduled_jo..., kwargs={'job_type': 'erpnext.crm.doctype.contract.contract.update_status_for_contr..., method='frappe.core.doctype.scheduled_job_type.scheduled_job_type.run_scheduled_jo..., site='erpnext.localhost', user='Administrator') job in 0:00:00.151213s on worker 7400ef2fe4004155ba3aec4b8f04035a
2025-04-28 08:16:03,979 home-fy-Documents-GitHub-erpnext-frappe-bench:default: Job OK (erpnext.localhost||scheduled_job||89ivbe8d1h)
2025-04-28 08:16:03,979 Result is kept for 600 seconds
2025-04-28 08:16:03,983 home-fy-Documents-GitHub-erpnext-frappe-bench:default: frappe.utils.background_jobs.execute_job(event=None, is_async=True, job_name='frappe.core.doctype.scheduled_job_type.scheduled_job_type.run_scheduled_jo..., kwargs={'job_type': 'frappe.automation.doctype.auto_repeat.auto_repeat.make_auto_r..., method='frappe.core.doctype.scheduled_job_type.scheduled_job_type.run_scheduled_jo..., site='erpnext.localhost', user='Administrator') (erpnext.localhost||scheduled_job||57f9840nhc)
2025-04-28 08:16:04,231 Successfully completed frappe.utils.background_jobs.execute_job(event=None, is_async=True, job_name='frappe.core.doctype.scheduled_job_type.scheduled_job_type.run_scheduled_jo..., kwargs={'job_type': 'frappe.automation.doctype.auto_repeat.auto_repeat.make_auto_r..., method='frappe.core.doctype.scheduled_job_type.scheduled_job_type.run_scheduled_jo..., site='erpnext.localhost', user='Administrator') job in 0:00:00.242377s on worker 7400ef2fe4004155ba3aec4b8f04035a
2025-04-28 08:16:04,231 home-fy-Documents-GitHub-erpnext-frappe-bench:default: Job OK (erpnext.localhost||scheduled_job||57f9840nhc)
2025-04-28 08:16:04,231 Result is kept for 600 seconds
2025-04-28 08:16:04,237 home-fy-Documents-GitHub-erpnext-frappe-bench:default: frappe.utils.background_jobs.execute_job(event=None, is_async=True, job_name='frappe.core.doctype.scheduled_job_type.scheduled_job_type.run_scheduled_jo..., kwargs={'job_type': 'frappe.desk.doctype.event.event.send_event_digest', 'schedule..., method='frappe.core.doctype.scheduled_job_type.scheduled_job_type.run_scheduled_jo..., site='erpnext.localhost', user='Administrator') (erpnext.localhost||scheduled_job||57fq430oom)
2025-04-28 08:16:04,388 Successfully completed frappe.utils.background_jobs.execute_job(event=None, is_async=True, job_name='frappe.core.doctype.scheduled_job_type.scheduled_job_type.run_scheduled_jo..., kwargs={'job_type': 'frappe.desk.doctype.event.event.send_event_digest', 'schedule..., method='frappe.core.doctype.scheduled_job_type.scheduled_job_type.run_scheduled_jo..., site='erpnext.localhost', user='Administrator') job in 0:00:00.145080s on worker 7400ef2fe4004155ba3aec4b8f04035a
2025-04-28 08:16:04,389 home-fy-Documents-GitHub-erpnext-frappe-bench:default: Job OK (erpnext.localhost||scheduled_job||57fq430oom)
2025-04-28 08:16:04,389 Result is kept for 600 seconds
2025-04-28 08:16:04,393 home-fy-Documents-GitHub-erpnext-frappe-bench:default: frappe.utils.background_jobs.execute_job(event=None, is_async=True, job_name='frappe.core.doctype.scheduled_job_type.scheduled_job_type.run_scheduled_jo..., kwargs={'job_type': 'erpnext.stock.doctype.serial_no.serial_no.update_maintenance_..., method='frappe.core.doctype.scheduled_job_type.scheduled_job_type.run_scheduled_jo..., site='erpnext.localhost', user='Administrator') (erpnext.localhost||scheduled_job||89i5knnrg3)
2025-04-28 08:16:04,565 Successfully completed frappe.utils.background_jobs.execute_job(event=None, is_async=True, job_name='frappe.core.doctype.scheduled_job_type.scheduled_job_type.run_scheduled_jo..., kwargs={'job_type': 'erpnext.stock.doctype.serial_no.serial_no.update_maintenance_..., method='frappe.core.doctype.scheduled_job_type.scheduled_job_type.run_scheduled_jo..., site='erpnext.localhost', user='Administrator') job in 0:00:00.166597s on worker 7400ef2fe4004155ba3aec4b8f04035a
2025-04-28 08:16:04,565 home-fy-Documents-GitHub-erpnext-frappe-bench:default: Job OK (erpnext.localhost||scheduled_job||89i5knnrg3)
2025-04-28 08:16:04,565 Result is kept for 600 seconds
2025-04-28 08:16:04,570 home-fy-Documents-GitHub-erpnext-frappe-bench:default: frappe.utils.background_jobs.execute_job(event=None, is_async=True, job_name='frappe.core.doctype.scheduled_job_type.scheduled_job_type.run_scheduled_jo..., kwargs={'job_type': 'frappe.deferred_insert.save_to_db', 'scheduled_job_type': '57..., method='frappe.core.doctype.scheduled_job_type.scheduled_job_type.run_scheduled_jo..., site='erpnext.localhost', user='Administrator') (erpnext.localhost||scheduled_job||57faianiv7)
2025-04-28 08:16:04,745 Successfully completed frappe.utils.background_jobs.execute_job(event=None, is_async=True, job_name='frappe.core.doctype.scheduled_job_type.scheduled_job_type.run_scheduled_jo..., kwargs={'job_type': 'frappe.deferred_insert.save_to_db', 'scheduled_job_type': '57..., method='frappe.core.doctype.scheduled_job_type.scheduled_job_type.run_scheduled_jo..., site='erpnext.localhost', user='Administrator') job in 0:00:00.168413s on worker 7400ef2fe4004155ba3aec4b8f04035a
2025-04-28 08:16:04,745 home-fy-Documents-GitHub-erpnext-frappe-bench:default: Job OK (erpnext.localhost||scheduled_job||57faianiv7)
2025-04-28 08:16:04,745 Result is kept for 600 seconds
2025-04-28 08:16:04,750 home-fy-Documents-GitHub-erpnext-frappe-bench:default: frappe.utils.background_jobs.execute_job(event=None, is_async=True, job_name='frappe.core.doctype.scheduled_job_type.scheduled_job_type.run_scheduled_jo..., kwargs={'job_type': 'erpnext.support.doctype.issue.issue.auto_close_tickets', 'sch..., method='frappe.core.doctype.scheduled_job_type.scheduled_job_type.run_scheduled_jo..., site='erpnext.localhost', user='Administrator') (erpnext.localhost||scheduled_job||89ioga720u)
2025-04-28 08:16:04,912 Successfully completed frappe.utils.background_jobs.execute_job(event=None, is_async=True, job_name='frappe.core.doctype.scheduled_job_type.scheduled_job_type.run_scheduled_jo..., kwargs={'job_type': 'erpnext.support.doctype.issue.issue.auto_close_tickets', 'sch..., method='frappe.core.doctype.scheduled_job_type.scheduled_job_type.run_scheduled_jo..., site='erpnext.localhost', user='Administrator') job in 0:00:00.156533s on worker 7400ef2fe4004155ba3aec4b8f04035a
2025-04-28 08:16:04,912 home-fy-Documents-GitHub-erpnext-frappe-bench:default: Job OK (erpnext.localhost||scheduled_job||89ioga720u)
2025-04-28 08:16:04,912 Result is kept for 600 seconds
2025-04-28 08:16:04,918 home-fy-Documents-GitHub-erpnext-frappe-bench:default: frappe.utils.background_jobs.execute_job(event=None, is_async=True, job_name='frappe.core.doctype.scheduled_job_type.scheduled_job_type.run_scheduled_jo..., kwargs={'job_type': 'erpnext.quality_management.doctype.quality_review.quality_rev..., method='frappe.core.doctype.scheduled_job_type.scheduled_job_type.run_scheduled_jo..., site='erpnext.localhost', user='Administrator') (erpnext.localhost||scheduled_job||89itmq5uh8)
2025-04-28 08:16:05,107 Successfully completed frappe.utils.background_jobs.execute_job(event=None, is_async=True, job_name='frappe.core.doctype.scheduled_job_type.scheduled_job_type.run_scheduled_jo..., kwargs={'job_type': 'erpnext.quality_management.doctype.quality_review.quality_rev..., method='frappe.core.doctype.scheduled_job_type.scheduled_job_type.run_scheduled_jo..., site='erpnext.localhost', user='Administrator') job in 0:00:00.183169s on worker 7400ef2fe4004155ba3aec4b8f04035a
2025-04-28 08:16:05,107 home-fy-Documents-GitHub-erpnext-frappe-bench:default: Job OK (erpnext.localhost||scheduled_job||89itmq5uh8)
2025-04-28 08:16:05,107 Result is kept for 600 seconds
2025-04-28 08:16:05,111 home-fy-Documents-GitHub-erpnext-frappe-bench:default: frappe.utils.background_jobs.execute_job(event=None, is_async=True, job_name='frappe.core.doctype.scheduled_job_type.scheduled_job_type.run_scheduled_jo..., kwargs={'job_type': 'erpnext.utilities.doctype.video.video.update_youtube_data', '..., method='frappe.core.doctype.scheduled_job_type.scheduled_job_type.run_scheduled_jo..., site='erpnext.localhost', user='Administrator') (erpnext.localhost||scheduled_job||89iu8e1d0s)
2025-04-28 08:16:05,499 Successfully completed frappe.utils.background_jobs.execute_job(event=None, is_async=True, job_name='frappe.core.doctype.scheduled_job_type.scheduled_job_type.run_scheduled_jo..., kwargs={'job_type': 'erpnext.utilities.doctype.video.video.update_youtube_data', '..., method='frappe.core.doctype.scheduled_job_type.scheduled_job_type.run_scheduled_jo..., site='erpnext.localhost', user='Administrator') job in 0:00:00.381576s on worker 7400ef2fe4004155ba3aec4b8f04035a
2025-04-28 08:16:05,499 home-fy-Documents-GitHub-erpnext-frappe-bench:default: Job OK (erpnext.localhost||scheduled_job||89iu8e1d0s)
2025-04-28 08:16:05,499 Result is kept for 600 seconds
2025-04-28 08:16:05,504 home-fy-Documents-GitHub-erpnext-frappe-bench:default: frappe.utils.background_jobs.execute_job(event=None, is_async=True, job_name='frappe.core.doctype.scheduled_job_type.scheduled_job_type.run_scheduled_jo..., kwargs={'job_type': 'frappe.email.doctype.email_account.email_account.pull', 'sche..., method='frappe.core.doctype.scheduled_job_type.scheduled_job_type.run_scheduled_jo..., site='erpnext.localhost', user='Administrator') (erpnext.localhost||scheduled_job||57fv1s5ve3)
2025-04-28 08:16:05,647 Successfully completed frappe.utils.background_jobs.execute_job(event=None, is_async=True, job_name='frappe.core.doctype.scheduled_job_type.scheduled_job_type.run_scheduled_jo..., kwargs={'job_type': 'frappe.email.doctype.email_account.email_account.pull', 'sche..., method='frappe.core.doctype.scheduled_job_type.scheduled_job_type.run_scheduled_jo..., site='erpnext.localhost', user='Administrator') job in 0:00:00.136968s on worker 7400ef2fe4004155ba3aec4b8f04035a
2025-04-28 08:16:05,647 home-fy-Documents-GitHub-erpnext-frappe-bench:default: Job OK (erpnext.localhost||scheduled_job||57fv1s5ve3)
2025-04-28 08:16:05,647 Result is kept for 600 seconds
2025-04-28 08:16:05,651 home-fy-Documents-GitHub-erpnext-frappe-bench:default: frappe.utils.background_jobs.execute_job(event=None, is_async=True, job_name='frappe.core.doctype.scheduled_job_type.scheduled_job_type.run_scheduled_jo..., kwargs={'job_type': 'erpnext.projects.doctype.project.project.collect_project_stat..., method='frappe.core.doctype.scheduled_job_type.scheduled_job_type.run_scheduled_jo..., site='erpnext.localhost', user='Administrator') (erpnext.localhost||scheduled_job||89icse71ar)
2025-04-28 08:16:05,821 Successfully completed frappe.utils.background_jobs.execute_job(event=None, is_async=True, job_name='frappe.core.doctype.scheduled_job_type.scheduled_job_type.run_scheduled_jo..., kwargs={'job_type': 'erpnext.projects.doctype.project.project.collect_project_stat..., method='frappe.core.doctype.scheduled_job_type.scheduled_job_type.run_scheduled_jo..., site='erpnext.localhost', user='Administrator') job in 0:00:00.164275s on worker 7400ef2fe4004155ba3aec4b8f04035a
2025-04-28 08:16:05,821 home-fy-Documents-GitHub-erpnext-frappe-bench:default: Job OK (erpnext.localhost||scheduled_job||89icse71ar)
2025-04-28 08:16:05,821 Result is kept for 600 seconds
2025-04-28 08:16:05,826 home-fy-Documents-GitHub-erpnext-frappe-bench:default: frappe.utils.background_jobs.execute_job(event=None, is_async=True, job_name='frappe.core.doctype.scheduled_job_type.scheduled_job_type.run_scheduled_jo..., kwargs={'job_type': 'erpnext.assets.doctype.asset.asset.make_post_gl_entry', 'sche..., method='frappe.core.doctype.scheduled_job_type.scheduled_job_type.run_scheduled_jo..., site='erpnext.localhost', user='Administrator') (erpnext.localhost||scheduled_job||89ioui2io6)
2025-04-28 08:16:06,036 Successfully completed frappe.utils.background_jobs.execute_job(event=None, is_async=True, job_name='frappe.core.doctype.scheduled_job_type.scheduled_job_type.run_scheduled_jo..., kwargs={'job_type': 'erpnext.assets.doctype.asset.asset.make_post_gl_entry', 'sche..., method='frappe.core.doctype.scheduled_job_type.scheduled_job_type.run_scheduled_jo..., site='erpnext.localhost', user='Administrator') job in 0:00:00.204664s on worker 7400ef2fe4004155ba3aec4b8f04035a
2025-04-28 08:16:06,036 home-fy-Documents-GitHub-erpnext-frappe-bench:default: Job OK (erpnext.localhost||scheduled_job||89ioui2io6)
2025-04-28 08:16:06,036 Result is kept for 600 seconds
2025-04-28 08:16:06,042 home-fy-Documents-GitHub-erpnext-frappe-bench:default: frappe.utils.background_jobs.execute_job(event=None, is_async=True, job_name='frappe.core.doctype.scheduled_job_type.scheduled_job_type.run_scheduled_jo..., kwargs={'job_type': 'frappe.website.doctype.personal_data_deletion_request.persona..., method='frappe.core.doctype.scheduled_job_type.scheduled_job_type.run_scheduled_jo..., site='erpnext.localhost', user='Administrator') (erpnext.localhost||scheduled_job||57f0ibo7lv)
2025-04-28 08:16:06,219 Successfully completed frappe.utils.background_jobs.execute_job(event=None, is_async=True, job_name='frappe.core.doctype.scheduled_job_type.scheduled_job_type.run_scheduled_jo..., kwargs={'job_type': 'frappe.website.doctype.personal_data_deletion_request.persona..., method='frappe.core.doctype.scheduled_job_type.scheduled_job_type.run_scheduled_jo..., site='erpnext.localhost', user='Administrator') job in 0:00:00.170366s on worker 7400ef2fe4004155ba3aec4b8f04035a
2025-04-28 08:16:06,219 home-fy-Documents-GitHub-erpnext-frappe-bench:default: Job OK (erpnext.localhost||scheduled_job||57f0ibo7lv)
2025-04-28 08:16:06,219 Result is kept for 600 seconds
2025-04-28 08:16:06,224 home-fy-Documents-GitHub-erpnext-frappe-bench:default: frappe.utils.background_jobs.execute_job(event=None, is_async=True, job_name='frappe.core.doctype.scheduled_job_type.scheduled_job_type.run_scheduled_jo..., kwargs={'job_type': 'erpnext.crm.doctype.email_campaign.email_campaign.set_email_c..., method='frappe.core.doctype.scheduled_job_type.scheduled_job_type.run_scheduled_jo..., site='erpnext.localhost', user='Administrator') (erpnext.localhost||scheduled_job||89jgoj1kpv)
2025-04-28 08:16:06,442 Successfully completed frappe.utils.background_jobs.execute_job(event=None, is_async=True, job_name='frappe.core.doctype.scheduled_job_type.scheduled_job_type.run_scheduled_jo..., kwargs={'job_type': 'erpnext.crm.doctype.email_campaign.email_campaign.set_email_c..., method='frappe.core.doctype.scheduled_job_type.scheduled_job_type.run_scheduled_jo..., site='erpnext.localhost', user='Administrator') job in 0:00:00.211759s on worker 7400ef2fe4004155ba3aec4b8f04035a
2025-04-28 08:16:06,442 home-fy-Documents-GitHub-erpnext-frappe-bench:default: Job OK (erpnext.localhost||scheduled_job||89jgoj1kpv)
2025-04-28 08:16:06,442 Result is kept for 600 seconds
2025-04-28 08:16:06,447 home-fy-Documents-GitHub-erpnext-frappe-bench:default: frappe.utils.background_jobs.execute_job(event=None, is_async=True, job_name='frappe.core.doctype.scheduled_job_type.scheduled_job_type.run_scheduled_jo..., kwargs={'job_type': 'erpnext.setup.doctype.company.company.cache_companies_monthly..., method='frappe.core.doctype.scheduled_job_type.scheduled_job_type.run_scheduled_jo..., site='erpnext.localhost', user='Administrator') (erpnext.localhost||scheduled_job||89im7uqo8l)
2025-04-28 08:16:06,633 Successfully completed frappe.utils.background_jobs.execute_job(event=None, is_async=True, job_name='frappe.core.doctype.scheduled_job_type.scheduled_job_type.run_scheduled_jo..., kwargs={'job_type': 'erpnext.setup.doctype.company.company.cache_companies_monthly..., method='frappe.core.doctype.scheduled_job_type.scheduled_job_type.run_scheduled_jo..., site='erpnext.localhost', user='Administrator') job in 0:00:00.180337s on worker 7400ef2fe4004155ba3aec4b8f04035a
2025-04-28 08:16:06,633 home-fy-Documents-GitHub-erpnext-frappe-bench:default: Job OK (erpnext.localhost||scheduled_job||89im7uqo8l)
2025-04-28 08:16:06,633 Result is kept for 600 seconds
2025-04-28 08:16:06,638 home-fy-Documents-GitHub-erpnext-frappe-bench:default: frappe.utils.background_jobs.execute_job(event=None, is_async=True, job_name='frappe.core.doctype.scheduled_job_type.scheduled_job_type.run_scheduled_jo..., kwargs={'job_type': 'frappe.core.doctype.log_settings.log_settings.run_log_clean_u..., method='frappe.core.doctype.scheduled_job_type.scheduled_job_type.run_scheduled_jo..., site='erpnext.localhost', user='Administrator') (erpnext.localhost||scheduled_job||57f4eg906r)
2025-04-28 08:16:07,010 Successfully completed frappe.utils.background_jobs.execute_job(event=None, is_async=True, job_name='frappe.core.doctype.scheduled_job_type.scheduled_job_type.run_scheduled_jo..., kwargs={'job_type': 'frappe.core.doctype.log_settings.log_settings.run_log_clean_u..., method='frappe.core.doctype.scheduled_job_type.scheduled_job_type.run_scheduled_jo..., site='erpnext.localhost', user='Administrator') job in 0:00:00.366551s on worker 7400ef2fe4004155ba3aec4b8f04035a
2025-04-28 08:16:07,010 home-fy-Documents-GitHub-erpnext-frappe-bench:default: Job OK (erpnext.localhost||scheduled_job||57f4eg906r)
2025-04-28 08:16:07,010 Result is kept for 600 seconds
2025-04-28 08:16:07,018 home-fy-Documents-GitHub-erpnext-frappe-bench:default: frappe.utils.background_jobs.execute_job(event=None, is_async=True, job_name='frappe.core.doctype.scheduled_job_type.scheduled_job_type.run_scheduled_jo..., kwargs={'job_type': 'erpnext.crm.doctype.opportunity.opportunity.auto_close_opport..., method='frappe.core.doctype.scheduled_job_type.scheduled_job_type.run_scheduled_jo..., site='erpnext.localhost', user='Administrator') (erpnext.localhost||scheduled_job||89io87em2q)
2025-04-28 08:16:07,166 Successfully completed frappe.utils.background_jobs.execute_job(event=None, is_async=True, job_name='frappe.core.doctype.scheduled_job_type.scheduled_job_type.run_scheduled_jo..., kwargs={'job_type': 'erpnext.crm.doctype.opportunity.opportunity.auto_close_opport..., method='frappe.core.doctype.scheduled_job_type.scheduled_job_type.run_scheduled_jo..., site='erpnext.localhost', user='Administrator') job in 0:00:00.142658s on worker 7400ef2fe4004155ba3aec4b8f04035a
2025-04-28 08:16:07,166 home-fy-Documents-GitHub-erpnext-frappe-bench:default: Job OK (erpnext.localhost||scheduled_job||89io87em2q)
2025-04-28 08:16:07,166 Result is kept for 600 seconds
2025-04-28 08:16:07,172 home-fy-Documents-GitHub-erpnext-frappe-bench:default: frappe.utils.background_jobs.execute_job(event=None, is_async=True, job_name='frappe.core.doctype.scheduled_job_type.scheduled_job_type.run_scheduled_jo..., kwargs={'job_type': 'erpnext.projects.doctype.project.project.hourly_reminder', 's..., method='frappe.core.doctype.scheduled_job_type.scheduled_job_type.run_scheduled_jo..., site='erpnext.localhost', user='Administrator') (erpnext.localhost||scheduled_job||89i2c3pn5b)
2025-04-28 08:16:07,366 Successfully completed frappe.utils.background_jobs.execute_job(event=None, is_async=True, job_name='frappe.core.doctype.scheduled_job_type.scheduled_job_type.run_scheduled_jo..., kwargs={'job_type': 'erpnext.projects.doctype.project.project.hourly_reminder', 's..., method='frappe.core.doctype.scheduled_job_type.scheduled_job_type.run_scheduled_jo..., site='erpnext.localhost', user='Administrator') job in 0:00:00.187223s on worker 7400ef2fe4004155ba3aec4b8f04035a
2025-04-28 08:16:07,366 home-fy-Documents-GitHub-erpnext-frappe-bench:default: Job OK (erpnext.localhost||scheduled_job||89i2c3pn5b)
2025-04-28 08:16:07,366 Result is kept for 600 seconds
2025-04-28 08:16:07,371 home-fy-Documents-GitHub-erpnext-frappe-bench:default: frappe.utils.background_jobs.execute_job(event=None, is_async=True, job_name='frappe.core.doctype.scheduled_job_type.scheduled_job_type.run_scheduled_jo..., kwargs={'job_type': 'frappe.core.doctype.prepared_report.prepared_report.expire_st..., method='frappe.core.doctype.scheduled_job_type.scheduled_job_type.run_scheduled_jo..., site='erpnext.localhost', user='Administrator') (erpnext.localhost||scheduled_job||57f4gapu15)
2025-04-28 08:16:07,530 Successfully completed frappe.utils.background_jobs.execute_job(event=None, is_async=True, job_name='frappe.core.doctype.scheduled_job_type.scheduled_job_type.run_scheduled_jo..., kwargs={'job_type': 'frappe.core.doctype.prepared_report.prepared_report.expire_st..., method='frappe.core.doctype.scheduled_job_type.scheduled_job_type.run_scheduled_jo..., site='erpnext.localhost', user='Administrator') job in 0:00:00.153303s on worker 7400ef2fe4004155ba3aec4b8f04035a
2025-04-28 08:16:07,530 home-fy-Documents-GitHub-erpnext-frappe-bench:default: Job OK (erpnext.localhost||scheduled_job||57f4gapu15)
2025-04-28 08:16:07,530 Result is kept for 600 seconds
2025-04-28 08:16:07,535 home-fy-Documents-GitHub-erpnext-frappe-bench:default: frappe.utils.background_jobs.execute_job(event=None, is_async=True, job_name='frappe.core.doctype.scheduled_job_type.scheduled_job_type.run_scheduled_jo..., kwargs={'job_type': 'frappe.website.doctype.web_page.web_page.check_publish_status..., method='frappe.core.doctype.scheduled_job_type.scheduled_job_type.run_scheduled_jo..., site='erpnext.localhost', user='Administrator') (erpnext.localhost||scheduled_job||57fgj7ebgg)
2025-04-28 08:16:07,739 Successfully completed frappe.utils.background_jobs.execute_job(event=None, is_async=True, job_name='frappe.core.doctype.scheduled_job_type.scheduled_job_type.run_scheduled_jo..., kwargs={'job_type': 'frappe.website.doctype.web_page.web_page.check_publish_status..., method='frappe.core.doctype.scheduled_job_type.scheduled_job_type.run_scheduled_jo..., site='erpnext.localhost', user='Administrator') job in 0:00:00.195188s on worker 7400ef2fe4004155ba3aec4b8f04035a
2025-04-28 08:16:07,739 home-fy-Documents-GitHub-erpnext-frappe-bench:default: Job OK (erpnext.localhost||scheduled_job||57fgj7ebgg)
2025-04-28 08:16:07,739 Result is kept for 600 seconds
2025-04-28 08:16:07,749 home-fy-Documents-GitHub-erpnext-frappe-bench:default: frappe.utils.background_jobs.execute_job(event=None, is_async=True, job_name='frappe.core.doctype.scheduled_job_type.scheduled_job_type.run_scheduled_jo..., kwargs={'job_type': 'frappe.twofactor.delete_all_barcodes_for_users', 'scheduled_j..., method='frappe.core.doctype.scheduled_job_type.scheduled_job_type.run_scheduled_jo..., site='erpnext.localhost', user='Administrator') (erpnext.localhost||scheduled_job||57f9udt3kh)
2025-04-28 08:16:07,883 Successfully completed frappe.utils.background_jobs.execute_job(event=None, is_async=True, job_name='frappe.core.doctype.scheduled_job_type.scheduled_job_type.run_scheduled_jo..., kwargs={'job_type': 'frappe.twofactor.delete_all_barcodes_for_users', 'scheduled_j..., method='frappe.core.doctype.scheduled_job_type.scheduled_job_type.run_scheduled_jo..., site='erpnext.localhost', user='Administrator') job in 0:00:00.125264s on worker 7400ef2fe4004155ba3aec4b8f04035a
2025-04-28 08:16:07,883 home-fy-Documents-GitHub-erpnext-frappe-bench:default: Job OK (erpnext.localhost||scheduled_job||57f9udt3kh)
2025-04-28 08:16:07,884 Result is kept for 600 seconds
2025-04-28 08:16:07,893 home-fy-Documents-GitHub-erpnext-frappe-bench:default: frappe.utils.background_jobs.execute_job(event=None, is_async=True, job_name='frappe.core.doctype.scheduled_job_type.scheduled_job_type.run_scheduled_jo..., kwargs={'job_type': 'frappe.model.utils.user_settings.sync_user_settings', 'schedu..., method='frappe.core.doctype.scheduled_job_type.scheduled_job_type.run_scheduled_jo..., site='erpnext.localhost', user='Administrator') (erpnext.localhost||scheduled_job||57fpat692s)
2025-04-28 08:16:08,025 Successfully completed frappe.utils.background_jobs.execute_job(event=None, is_async=True, job_name='frappe.core.doctype.scheduled_job_type.scheduled_job_type.run_scheduled_jo..., kwargs={'job_type': 'frappe.model.utils.user_settings.sync_user_settings', 'schedu..., method='frappe.core.doctype.scheduled_job_type.scheduled_job_type.run_scheduled_jo..., site='erpnext.localhost', user='Administrator') job in 0:00:00.123987s on worker 7400ef2fe4004155ba3aec4b8f04035a
2025-04-28 08:16:08,025 home-fy-Documents-GitHub-erpnext-frappe-bench:default: Job OK (erpnext.localhost||scheduled_job||57fpat692s)
2025-04-28 08:16:08,025 Result is kept for 600 seconds
2025-04-28 08:16:08,030 home-fy-Documents-GitHub-erpnext-frappe-bench:default: frappe.utils.background_jobs.execute_job(event=None, is_async=True, job_name='frappe.core.doctype.scheduled_job_type.scheduled_job_type.run_scheduled_jo..., kwargs={'job_type': 'erpnext.projects.doctype.project.project.update_project_sales..., method='frappe.core.doctype.scheduled_job_type.scheduled_job_type.run_scheduled_jo..., site='erpnext.localhost', user='Administrator') (erpnext.localhost||scheduled_job||89ipo5n35d)
2025-04-28 08:16:08,172 Successfully completed frappe.utils.background_jobs.execute_job(event=None, is_async=True, job_name='frappe.core.doctype.scheduled_job_type.scheduled_job_type.run_scheduled_jo..., kwargs={'job_type': 'erpnext.projects.doctype.project.project.update_project_sales..., method='frappe.core.doctype.scheduled_job_type.scheduled_job_type.run_scheduled_jo..., site='erpnext.localhost', user='Administrator') job in 0:00:00.136312s on worker 7400ef2fe4004155ba3aec4b8f04035a
2025-04-28 08:16:08,172 home-fy-Documents-GitHub-erpnext-frappe-bench:default: Job OK (erpnext.localhost||scheduled_job||89ipo5n35d)
2025-04-28 08:16:08,172 Result is kept for 600 seconds
2025-04-28 08:16:08,177 home-fy-Documents-GitHub-erpnext-frappe-bench:default: frappe.utils.background_jobs.execute_job(event=None, is_async=True, job_name='frappe.core.doctype.scheduled_job_type.scheduled_job_type.run_scheduled_jo..., kwargs={'job_type': 'erpnext.accounts.utils.auto_create_exchange_rate_revaluation_..., method='frappe.core.doctype.scheduled_job_type.scheduled_job_type.run_scheduled_jo..., site='erpnext.localhost', user='Administrator') (erpnext.localhost||scheduled_job||89ji52bjct)
2025-04-28 08:16:08,329 Successfully completed frappe.utils.background_jobs.execute_job(event=None, is_async=True, job_name='frappe.core.doctype.scheduled_job_type.scheduled_job_type.run_scheduled_jo..., kwargs={'job_type': 'erpnext.accounts.utils.auto_create_exchange_rate_revaluation_..., method='frappe.core.doctype.scheduled_job_type.scheduled_job_type.run_scheduled_jo..., site='erpnext.localhost', user='Administrator') job in 0:00:00.146576s on worker 7400ef2fe4004155ba3aec4b8f04035a
2025-04-28 08:16:08,329 home-fy-Documents-GitHub-erpnext-frappe-bench:default: Job OK (erpnext.localhost||scheduled_job||89ji52bjct)
2025-04-28 08:16:08,329 Result is kept for 600 seconds
2025-04-28 08:16:08,334 home-fy-Documents-GitHub-erpnext-frappe-bench:default: frappe.utils.background_jobs.execute_job(event=None, is_async=True, job_name='frappe.core.doctype.scheduled_job_type.scheduled_job_type.run_scheduled_jo..., kwargs={'job_type': 'erpnext.assets.doctype.asset_maintenance_log.asset_maintenanc..., method='frappe.core.doctype.scheduled_job_type.scheduled_job_type.run_scheduled_jo..., site='erpnext.localhost', user='Administrator') (erpnext.localhost||scheduled_job||89j9un4vf5)
2025-04-28 08:16:08,469 Successfully completed frappe.utils.background_jobs.execute_job(event=None, is_async=True, job_name='frappe.core.doctype.scheduled_job_type.scheduled_job_type.run_scheduled_jo..., kwargs={'job_type': 'erpnext.assets.doctype.asset_maintenance_log.asset_maintenanc..., method='frappe.core.doctype.scheduled_job_type.scheduled_job_type.run_scheduled_jo..., site='erpnext.localhost', user='Administrator') job in 0:00:00.129810s on worker 7400ef2fe4004155ba3aec4b8f04035a
2025-04-28 08:16:08,469 home-fy-Documents-GitHub-erpnext-frappe-bench:default: Job OK (erpnext.localhost||scheduled_job||89j9un4vf5)
2025-04-28 08:16:08,470 Result is kept for 600 seconds
2025-04-28 08:16:08,476 home-fy-Documents-GitHub-erpnext-frappe-bench:default: frappe.utils.background_jobs.execute_job(event=None, is_async=True, job_name='frappe.core.doctype.scheduled_job_type.scheduled_job_type.run_scheduled_jo..., kwargs={'job_type': 'frappe.integrations.doctype.google_calendar.google_calendar.s..., method='frappe.core.doctype.scheduled_job_type.scheduled_job_type.run_scheduled_jo..., site='erpnext.localhost', user='Administrator') (erpnext.localhost||scheduled_job||57fp7enf9v)
2025-04-28 08:16:08,789 Successfully completed frappe.utils.background_jobs.execute_job(event=None, is_async=True, job_name='frappe.core.doctype.scheduled_job_type.scheduled_job_type.run_scheduled_jo..., kwargs={'job_type': 'frappe.integrations.doctype.google_calendar.google_calendar.s..., method='frappe.core.doctype.scheduled_job_type.scheduled_job_type.run_scheduled_jo..., site='erpnext.localhost', user='Administrator') job in 0:00:00.307133s on worker 7400ef2fe4004155ba3aec4b8f04035a
2025-04-28 08:16:08,789 home-fy-Documents-GitHub-erpnext-frappe-bench:default: Job OK (erpnext.localhost||scheduled_job||57fp7enf9v)
2025-04-28 08:16:08,789 Result is kept for 600 seconds
2025-04-28 08:16:08,795 home-fy-Documents-GitHub-erpnext-frappe-bench:default: frappe.utils.background_jobs.execute_job(event=None, is_async=True, job_name='frappe.core.doctype.scheduled_job_type.scheduled_job_type.run_scheduled_jo..., kwargs={'job_type': 'frappe.email.doctype.notification.notification.trigger_offset..., method='frappe.core.doctype.scheduled_job_type.scheduled_job_type.run_scheduled_jo..., site='erpnext.localhost', user='Administrator') (erpnext.localhost||scheduled_job||57fmqjdgf7)
2025-04-28 08:16:08,918 Successfully completed frappe.utils.background_jobs.execute_job(event=None, is_async=True, job_name='frappe.core.doctype.scheduled_job_type.scheduled_job_type.run_scheduled_jo..., kwargs={'job_type': 'frappe.email.doctype.notification.notification.trigger_offset..., method='frappe.core.doctype.scheduled_job_type.scheduled_job_type.run_scheduled_jo..., site='erpnext.localhost', user='Administrator') job in 0:00:00.118291s on worker 7400ef2fe4004155ba3aec4b8f04035a
2025-04-28 08:16:08,918 home-fy-Documents-GitHub-erpnext-frappe-bench:default: Job OK (erpnext.localhost||scheduled_job||57fmqjdgf7)
2025-04-28 08:16:08,918 Result is kept for 600 seconds
2025-04-28 08:16:08,923 home-fy-Documents-GitHub-erpnext-frappe-bench:default: frappe.utils.background_jobs.execute_job(event=None, is_async=True, job_name='frappe.core.doctype.scheduled_job_type.scheduled_job_type.run_scheduled_jo..., kwargs={'job_type': 'erpnext.buying.doctype.supplier_scorecard.supplier_scorecard...., method='frappe.core.doctype.scheduled_job_type.scheduled_job_type.run_scheduled_jo..., site='erpnext.localhost', user='Administrator') (erpnext.localhost||scheduled_job||89i601mkoc)
2025-04-28 08:16:09,057 Successfully completed frappe.utils.background_jobs.execute_job(event=None, is_async=True, job_name='frappe.core.doctype.scheduled_job_type.scheduled_job_type.run_scheduled_jo..., kwargs={'job_type': 'erpnext.buying.doctype.supplier_scorecard.supplier_scorecard...., method='frappe.core.doctype.scheduled_job_type.scheduled_job_type.run_scheduled_jo..., site='erpnext.localhost', user='Administrator') job in 0:00:00.129169s on worker 7400ef2fe4004155ba3aec4b8f04035a
2025-04-28 08:16:09,058 home-fy-Documents-GitHub-erpnext-frappe-bench:default: Job OK (erpnext.localhost||scheduled_job||89i601mkoc)
2025-04-28 08:16:09,058 Result is kept for 600 seconds
2025-04-28 08:16:09,063 home-fy-Documents-GitHub-erpnext-frappe-bench:default: frappe.utils.background_jobs.execute_job(event=None, is_async=True, job_name='frappe.core.doctype.scheduled_job_type.scheduled_job_type.run_scheduled_jo..., kwargs={'job_type': 'frappe.email.doctype.notification.notification.trigger_daily_..., method='frappe.core.doctype.scheduled_job_type.scheduled_job_type.run_scheduled_jo..., site='erpnext.localhost', user='Administrator') (erpnext.localhost||scheduled_job||57f3rbnvo3)
2025-04-28 08:16:09,195 Successfully completed frappe.utils.background_jobs.execute_job(event=None, is_async=True, job_name='frappe.core.doctype.scheduled_job_type.scheduled_job_type.run_scheduled_jo..., kwargs={'job_type': 'frappe.email.doctype.notification.notification.trigger_daily_..., method='frappe.core.doctype.scheduled_job_type.scheduled_job_type.run_scheduled_jo..., site='erpnext.localhost', user='Administrator') job in 0:00:00.126955s on worker 7400ef2fe4004155ba3aec4b8f04035a
2025-04-28 08:16:09,195 home-fy-Documents-GitHub-erpnext-frappe-bench:default: Job OK (erpnext.localhost||scheduled_job||57f3rbnvo3)
2025-04-28 08:16:09,195 Result is kept for 600 seconds
2025-04-28 08:16:09,200 home-fy-Documents-GitHub-erpnext-frappe-bench:default: frappe.utils.background_jobs.execute_job(event=None, is_async=True, job_name='frappe.core.doctype.scheduled_job_type.scheduled_job_type.run_scheduled_jo..., kwargs={'job_type': 'frappe.integrations.doctype.google_contacts.google_contacts.s..., method='frappe.core.doctype.scheduled_job_type.scheduled_job_type.run_scheduled_jo..., site='erpnext.localhost', user='Administrator') (erpnext.localhost||scheduled_job||57fi0jclhm)
2025-04-28 08:16:09,493 Successfully completed frappe.utils.background_jobs.execute_job(event=None, is_async=True, job_name='frappe.core.doctype.scheduled_job_type.scheduled_job_type.run_scheduled_jo..., kwargs={'job_type': 'frappe.integrations.doctype.google_contacts.google_contacts.s..., method='frappe.core.doctype.scheduled_job_type.scheduled_job_type.run_scheduled_jo..., site='erpnext.localhost', user='Administrator') job in 0:00:00.286595s on worker 7400ef2fe4004155ba3aec4b8f04035a
2025-04-28 08:16:09,493 home-fy-Documents-GitHub-erpnext-frappe-bench:default: Job OK (erpnext.localhost||scheduled_job||57fi0jclhm)
2025-04-28 08:16:09,493 Result is kept for 600 seconds
2025-04-28 08:16:09,498 home-fy-Documents-GitHub-erpnext-frappe-bench:default: frappe.utils.background_jobs.execute_job(event=None, is_async=True, job_name='frappe.core.doctype.scheduled_job_type.scheduled_job_type.run_scheduled_jo..., kwargs={'job_type': 'erpnext.stock.reorder_item.reorder_item', 'scheduled_job_type..., method='frappe.core.doctype.scheduled_job_type.scheduled_job_type.run_scheduled_jo..., site='erpnext.localhost', user='Administrator') (erpnext.localhost||scheduled_job||89i90uqdl8)
2025-04-28 08:16:09,669 Successfully completed frappe.utils.background_jobs.execute_job(event=None, is_async=True, job_name='frappe.core.doctype.scheduled_job_type.scheduled_job_type.run_scheduled_jo..., kwargs={'job_type': 'erpnext.stock.reorder_item.reorder_item', 'scheduled_job_type..., method='frappe.core.doctype.scheduled_job_type.scheduled_job_type.run_scheduled_jo..., site='erpnext.localhost', user='Administrator') job in 0:00:00.165051s on worker 7400ef2fe4004155ba3aec4b8f04035a
2025-04-28 08:16:09,669 home-fy-Documents-GitHub-erpnext-frappe-bench:default: Job OK (erpnext.localhost||scheduled_job||89i90uqdl8)
2025-04-28 08:16:09,669 Result is kept for 600 seconds
2025-04-28 08:16:09,674 home-fy-Documents-GitHub-erpnext-frappe-bench:default: frappe.utils.background_jobs.execute_job(event=None, is_async=True, job_name='frappe.core.doctype.scheduled_job_type.scheduled_job_type.run_scheduled_jo..., kwargs={'job_type': 'erpnext.erpnext_integrations.doctype.plaid_settings.plaid_set..., method='frappe.core.doctype.scheduled_job_type.scheduled_job_type.run_scheduled_jo..., site='erpnext.localhost', user='Administrator') (erpnext.localhost||scheduled_job||89i1mb4413)
2025-04-28 08:16:09,838 Successfully completed frappe.utils.background_jobs.execute_job(event=None, is_async=True, job_name='frappe.core.doctype.scheduled_job_type.scheduled_job_type.run_scheduled_jo..., kwargs={'job_type': 'erpnext.erpnext_integrations.doctype.plaid_settings.plaid_set..., method='frappe.core.doctype.scheduled_job_type.scheduled_job_type.run_scheduled_jo..., site='erpnext.localhost', user='Administrator') job in 0:00:00.159505s on worker 7400ef2fe4004155ba3aec4b8f04035a
2025-04-28 08:16:09,839 home-fy-Documents-GitHub-erpnext-frappe-bench:default: Job OK (erpnext.localhost||scheduled_job||89i1mb4413)
2025-04-28 08:16:09,839 Result is kept for 600 seconds
2025-04-28 08:16:09,843 home-fy-Documents-GitHub-erpnext-frappe-bench:default: frappe.utils.background_jobs.execute_job(event=None, is_async=True, job_name='frappe.core.doctype.scheduled_job_type.scheduled_job_type.run_scheduled_jo..., kwargs={'job_type': 'erpnext.controllers.accounts_controller.update_invoice_status..., method='frappe.core.doctype.scheduled_job_type.scheduled_job_type.run_scheduled_jo..., site='erpnext.localhost', user='Administrator') (erpnext.localhost||scheduled_job||89ilhtsjq7)
2025-04-28 08:16:10,009 Successfully completed frappe.utils.background_jobs.execute_job(event=None, is_async=True, job_name='frappe.core.doctype.scheduled_job_type.scheduled_job_type.run_scheduled_jo..., kwargs={'job_type': 'erpnext.controllers.accounts_controller.update_invoice_status..., method='frappe.core.doctype.scheduled_job_type.scheduled_job_type.run_scheduled_jo..., site='erpnext.localhost', user='Administrator') job in 0:00:00.159756s on worker 7400ef2fe4004155ba3aec4b8f04035a
2025-04-28 08:16:10,009 home-fy-Documents-GitHub-erpnext-frappe-bench:default: Job OK (erpnext.localhost||scheduled_job||89ilhtsjq7)
2025-04-28 08:16:10,009 Result is kept for 600 seconds
2025-04-28 08:16:10,014 home-fy-Documents-GitHub-erpnext-frappe-bench:default: frappe.utils.background_jobs.execute_job(event=None, is_async=True, job_name='frappe.core.doctype.scheduled_job_type.scheduled_job_type.run_scheduled_jo..., kwargs={'job_type': 'erpnext.support.doctype.service_level_agreement.service_level..., method='frappe.core.doctype.scheduled_job_type.scheduled_job_type.run_scheduled_jo..., site='erpnext.localhost', user='Administrator') (erpnext.localhost||scheduled_job||89j4g6dod0)
2025-04-28 08:16:10,147 Successfully completed frappe.utils.background_jobs.execute_job(event=None, is_async=True, job_name='frappe.core.doctype.scheduled_job_type.scheduled_job_type.run_scheduled_jo..., kwargs={'job_type': 'erpnext.support.doctype.service_level_agreement.service_level..., method='frappe.core.doctype.scheduled_job_type.scheduled_job_type.run_scheduled_jo..., site='erpnext.localhost', user='Administrator') job in 0:00:00.128097s on worker 7400ef2fe4004155ba3aec4b8f04035a
2025-04-28 08:16:10,147 home-fy-Documents-GitHub-erpnext-frappe-bench:default: Job OK (erpnext.localhost||scheduled_job||89j4g6dod0)
2025-04-28 08:16:10,147 Result is kept for 600 seconds
2025-04-28 08:16:10,152 home-fy-Documents-GitHub-erpnext-frappe-bench:default: frappe.utils.background_jobs.execute_job(event=None, is_async=True, job_name='frappe.core.doctype.scheduled_job_type.scheduled_job_type.run_scheduled_jo..., kwargs={'job_type': 'erpnext.accounts.doctype.fiscal_year.fiscal_year.auto_create_..., method='frappe.core.doctype.scheduled_job_type.scheduled_job_type.run_scheduled_jo..., site='erpnext.localhost', user='Administrator') (erpnext.localhost||scheduled_job||89ij00qlmm)
2025-04-28 08:16:10,279 Successfully completed frappe.utils.background_jobs.execute_job(event=None, is_async=True, job_name='frappe.core.doctype.scheduled_job_type.scheduled_job_type.run_scheduled_jo..., kwargs={'job_type': 'erpnext.accounts.doctype.fiscal_year.fiscal_year.auto_create_..., method='frappe.core.doctype.scheduled_job_type.scheduled_job_type.run_scheduled_jo..., site='erpnext.localhost', user='Administrator') job in 0:00:00.121198s on worker 7400ef2fe4004155ba3aec4b8f04035a
2025-04-28 08:16:10,279 home-fy-Documents-GitHub-erpnext-frappe-bench:default: Job OK (erpnext.localhost||scheduled_job||89ij00qlmm)
2025-04-28 08:16:10,279 Result is kept for 600 seconds
2025-04-28 08:16:10,284 home-fy-Documents-GitHub-erpnext-frappe-bench:default: frappe.utils.background_jobs.execute_job(event=None, is_async=True, job_name='frappe.core.doctype.scheduled_job_type.scheduled_job_type.run_scheduled_jo..., kwargs={'job_type': 'frappe.website.doctype.personal_data_deletion_request.persona..., method='frappe.core.doctype.scheduled_job_type.scheduled_job_type.run_scheduled_jo..., site='erpnext.localhost', user='Administrator') (erpnext.localhost||scheduled_job||57fiv1u7v1)
2025-04-28 08:16:10,438 Successfully completed frappe.utils.background_jobs.execute_job(event=None, is_async=True, job_name='frappe.core.doctype.scheduled_job_type.scheduled_job_type.run_scheduled_jo..., kwargs={'job_type': 'frappe.website.doctype.personal_data_deletion_request.persona..., method='frappe.core.doctype.scheduled_job_type.scheduled_job_type.run_scheduled_jo..., site='erpnext.localhost', user='Administrator') job in 0:00:00.148470s on worker 7400ef2fe4004155ba3aec4b8f04035a
2025-04-28 08:16:10,438 home-fy-Documents-GitHub-erpnext-frappe-bench:default: Job OK (erpnext.localhost||scheduled_job||57fiv1u7v1)
2025-04-28 08:16:10,438 Result is kept for 600 seconds
2025-04-28 08:16:10,443 home-fy-Documents-GitHub-erpnext-frappe-bench:default: frappe.utils.background_jobs.execute_job(event=None, is_async=True, job_name='frappe.core.doctype.scheduled_job_type.scheduled_job_type.run_scheduled_jo..., kwargs={'job_type': 'erpnext.assets.doctype.asset.asset.update_maintenance_status'..., method='frappe.core.doctype.scheduled_job_type.scheduled_job_type.run_scheduled_jo..., site='erpnext.localhost', user='Administrator') (erpnext.localhost||scheduled_job||89ih5tjmkb)
2025-04-28 08:16:10,644 Successfully completed frappe.utils.background_jobs.execute_job(event=None, is_async=True, job_name='frappe.core.doctype.scheduled_job_type.scheduled_job_type.run_scheduled_jo..., kwargs={'job_type': 'erpnext.assets.doctype.asset.asset.update_maintenance_status'..., method='frappe.core.doctype.scheduled_job_type.scheduled_job_type.run_scheduled_jo..., site='erpnext.localhost', user='Administrator') job in 0:00:00.195552s on worker 7400ef2fe4004155ba3aec4b8f04035a
2025-04-28 08:16:10,645 home-fy-Documents-GitHub-erpnext-frappe-bench:default: Job OK (erpnext.localhost||scheduled_job||89ih5tjmkb)
2025-04-28 08:16:10,645 Result is kept for 600 seconds
2025-04-28 08:16:10,649 home-fy-Documents-GitHub-erpnext-frappe-bench:default: frappe.utils.background_jobs.execute_job(event=None, is_async=True, job_name='frappe.core.doctype.scheduled_job_type.scheduled_job_type.run_scheduled_jo..., kwargs={'job_type': 'frappe.desk.page.backups.backups.delete_downloadable_backups'..., method='frappe.core.doctype.scheduled_job_type.scheduled_job_type.run_scheduled_jo..., site='erpnext.localhost', user='Administrator') (erpnext.localhost||scheduled_job||57fh0vh801)
2025-04-28 08:16:10,777 Successfully completed frappe.utils.background_jobs.execute_job(event=None, is_async=True, job_name='frappe.core.doctype.scheduled_job_type.scheduled_job_type.run_scheduled_jo..., kwargs={'job_type': 'frappe.desk.page.backups.backups.delete_downloadable_backups'..., method='frappe.core.doctype.scheduled_job_type.scheduled_job_type.run_scheduled_jo..., site='erpnext.localhost', user='Administrator') job in 0:00:00.121671s on worker 7400ef2fe4004155ba3aec4b8f04035a
2025-04-28 08:16:10,777 home-fy-Documents-GitHub-erpnext-frappe-bench:default: Job OK (erpnext.localhost||scheduled_job||57fh0vh801)
2025-04-28 08:16:10,777 Result is kept for 600 seconds
2025-04-28 08:16:10,782 home-fy-Documents-GitHub-erpnext-frappe-bench:default: frappe.utils.background_jobs.execute_job(event=None, is_async=True, job_name='frappe.core.doctype.scheduled_job_type.scheduled_job_type.run_scheduled_jo..., kwargs={'job_type': 'erpnext.buying.doctype.supplier_quotation.supplier_quotation...., method='frappe.core.doctype.scheduled_job_type.scheduled_job_type.run_scheduled_jo..., site='erpnext.localhost', user='Administrator') (erpnext.localhost||scheduled_job||89j9qct8q5)
2025-04-28 08:16:10,954 Successfully completed frappe.utils.background_jobs.execute_job(event=None, is_async=True, job_name='frappe.core.doctype.scheduled_job_type.scheduled_job_type.run_scheduled_jo..., kwargs={'job_type': 'erpnext.buying.doctype.supplier_quotation.supplier_quotation...., method='frappe.core.doctype.scheduled_job_type.scheduled_job_type.run_scheduled_jo..., site='erpnext.localhost', user='Administrator') job in 0:00:00.167115s on worker 7400ef2fe4004155ba3aec4b8f04035a
2025-04-28 08:16:10,954 home-fy-Documents-GitHub-erpnext-frappe-bench:default: Job OK (erpnext.localhost||scheduled_job||89j9qct8q5)
2025-04-28 08:16:10,954 Result is kept for 600 seconds
2025-04-28 08:16:10,959 home-fy-Documents-GitHub-erpnext-frappe-bench:default: frappe.utils.background_jobs.execute_job(event=None, is_async=True, job_name='frappe.core.doctype.scheduled_job_type.scheduled_job_type.run_scheduled_jo..., kwargs={'job_type': 'erpnext.accounts.doctype.gl_entry.gl_entry.rename_gle_sle_doc..., method='frappe.core.doctype.scheduled_job_type.scheduled_job_type.run_scheduled_jo..., site='erpnext.localhost', user='Administrator') (erpnext.localhost||scheduled_job||89i8pcirqt)
2025-04-28 08:16:11,164 Successfully completed frappe.utils.background_jobs.execute_job(event=None, is_async=True, job_name='frappe.core.doctype.scheduled_job_type.scheduled_job_type.run_scheduled_jo..., kwargs={'job_type': 'erpnext.accounts.doctype.gl_entry.gl_entry.rename_gle_sle_doc..., method='frappe.core.doctype.scheduled_job_type.scheduled_job_type.run_scheduled_jo..., site='erpnext.localhost', user='Administrator') job in 0:00:00.197946s on worker 7400ef2fe4004155ba3aec4b8f04035a
2025-04-28 08:16:11,164 home-fy-Documents-GitHub-erpnext-frappe-bench:default: Job OK (erpnext.localhost||scheduled_job||89i8pcirqt)
2025-04-28 08:16:11,164 Result is kept for 600 seconds
2025-04-28 08:16:11,173 home-fy-Documents-GitHub-erpnext-frappe-bench:default: frappe.utils.background_jobs.execute_job(event=None, is_async=True, job_name='frappe.core.doctype.scheduled_job_type.scheduled_job_type.run_scheduled_jo..., kwargs={'job_type': 'erpnext.projects.doctype.task.task.set_tasks_as_overdue', 'sc..., method='frappe.core.doctype.scheduled_job_type.scheduled_job_type.run_scheduled_jo..., site='erpnext.localhost', user='Administrator') (erpnext.localhost||scheduled_job||89ilta5snt)
2025-04-28 08:16:11,379 Successfully completed frappe.utils.background_jobs.execute_job(event=None, is_async=True, job_name='frappe.core.doctype.scheduled_job_type.scheduled_job_type.run_scheduled_jo..., kwargs={'job_type': 'erpnext.projects.doctype.task.task.set_tasks_as_overdue', 'sc..., method='frappe.core.doctype.scheduled_job_type.scheduled_job_type.run_scheduled_jo..., site='erpnext.localhost', user='Administrator') job in 0:00:00.198001s on worker 7400ef2fe4004155ba3aec4b8f04035a
2025-04-28 08:16:11,379 home-fy-Documents-GitHub-erpnext-frappe-bench:default: Job OK (erpnext.localhost||scheduled_job||89ilta5snt)
2025-04-28 08:16:11,379 Result is kept for 600 seconds
2025-04-28 08:16:11,384 home-fy-Documents-GitHub-erpnext-frappe-bench:default: frappe.utils.background_jobs.execute_job(event=None, is_async=True, job_name='frappe.core.doctype.scheduled_job_type.scheduled_job_type.run_scheduled_jo..., kwargs={'job_type': 'erpnext.projects.doctype.project.project.send_project_status_..., method='frappe.core.doctype.scheduled_job_type.scheduled_job_type.run_scheduled_jo..., site='erpnext.localhost', user='Administrator') (erpnext.localhost||scheduled_job||89iqekdrhm)
2025-04-28 08:16:11,530 Successfully completed frappe.utils.background_jobs.execute_job(event=None, is_async=True, job_name='frappe.core.doctype.scheduled_job_type.scheduled_job_type.run_scheduled_jo..., kwargs={'job_type': 'erpnext.projects.doctype.project.project.send_project_status_..., method='frappe.core.doctype.scheduled_job_type.scheduled_job_type.run_scheduled_jo..., site='erpnext.localhost', user='Administrator') job in 0:00:00.141392s on worker 7400ef2fe4004155ba3aec4b8f04035a
2025-04-28 08:16:11,530 home-fy-Documents-GitHub-erpnext-frappe-bench:default: Job OK (erpnext.localhost||scheduled_job||89iqekdrhm)
2025-04-28 08:16:11,531 Result is kept for 600 seconds
2025-04-28 08:16:11,535 home-fy-Documents-GitHub-erpnext-frappe-bench:default: frappe.utils.background_jobs.execute_job(event=None, is_async=True, job_name='frappe.core.doctype.scheduled_job_type.scheduled_job_type.run_scheduled_jo..., kwargs={'job_type': 'frappe.email.queue.flush', 'scheduled_job_type': '57fu68shpf'..., method='frappe.core.doctype.scheduled_job_type.scheduled_job_type.run_scheduled_jo..., site='erpnext.localhost', user='Administrator') (erpnext.localhost||scheduled_job||57fu68shpf)
2025-04-28 08:16:11,723 Successfully completed frappe.utils.background_jobs.execute_job(event=None, is_async=True, job_name='frappe.core.doctype.scheduled_job_type.scheduled_job_type.run_scheduled_jo..., kwargs={'job_type': 'frappe.email.queue.flush', 'scheduled_job_type': '57fu68shpf'..., method='frappe.core.doctype.scheduled_job_type.scheduled_job_type.run_scheduled_jo..., site='erpnext.localhost', user='Administrator') job in 0:00:00.182416s on worker 7400ef2fe4004155ba3aec4b8f04035a
2025-04-28 08:16:11,723 home-fy-Documents-GitHub-erpnext-frappe-bench:default: Job OK (erpnext.localhost||scheduled_job||57fu68shpf)
2025-04-28 08:16:11,724 Result is kept for 600 seconds
2025-04-28 08:16:11,729 home-fy-Documents-GitHub-erpnext-frappe-bench:default: frappe.utils.background_jobs.execute_job(event=None, is_async=True, job_name='frappe.core.doctype.scheduled_job_type.scheduled_job_type.run_scheduled_jo..., kwargs={'job_type': 'frappe.desk.form.document_follow.send_hourly_updates', 'sched..., method='frappe.core.doctype.scheduled_job_type.scheduled_job_type.run_scheduled_jo..., site='erpnext.localhost', user='Administrator') (erpnext.localhost||scheduled_job||57fos75t6p)
2025-04-28 08:16:11,862 Successfully completed frappe.utils.background_jobs.execute_job(event=None, is_async=True, job_name='frappe.core.doctype.scheduled_job_type.scheduled_job_type.run_scheduled_jo..., kwargs={'job_type': 'frappe.desk.form.document_follow.send_hourly_updates', 'sched..., method='frappe.core.doctype.scheduled_job_type.scheduled_job_type.run_scheduled_jo..., site='erpnext.localhost', user='Administrator') job in 0:00:00.127088s on worker 7400ef2fe4004155ba3aec4b8f04035a
2025-04-28 08:16:11,862 home-fy-Documents-GitHub-erpnext-frappe-bench:default: Job OK (erpnext.localhost||scheduled_job||57fos75t6p)
2025-04-28 08:16:11,862 Result is kept for 600 seconds
2025-04-28 08:16:11,867 home-fy-Documents-GitHub-erpnext-frappe-bench:default: frappe.utils.background_jobs.execute_job(event=None, is_async=True, job_name='frappe.core.doctype.scheduled_job_type.scheduled_job_type.run_scheduled_jo..., kwargs={'job_type': 'erpnext.projects.doctype.project.project.project_status_updat..., method='frappe.core.doctype.scheduled_job_type.scheduled_job_type.run_scheduled_jo..., site='erpnext.localhost', user='Administrator') (erpnext.localhost||scheduled_job||89i4q6i7rg)
2025-04-28 08:16:12,014 Successfully completed frappe.utils.background_jobs.execute_job(event=None, is_async=True, job_name='frappe.core.doctype.scheduled_job_type.scheduled_job_type.run_scheduled_jo..., kwargs={'job_type': 'erpnext.projects.doctype.project.project.project_status_updat..., method='frappe.core.doctype.scheduled_job_type.scheduled_job_type.run_scheduled_jo..., site='erpnext.localhost', user='Administrator') job in 0:00:00.141731s on worker 7400ef2fe4004155ba3aec4b8f04035a
2025-04-28 08:16:12,014 home-fy-Documents-GitHub-erpnext-frappe-bench:default: Job OK (erpnext.localhost||scheduled_job||89i4q6i7rg)
2025-04-28 08:16:12,014 Result is kept for 600 seconds
2025-04-28 08:16:12,019 home-fy-Documents-GitHub-erpnext-frappe-bench:default: frappe.utils.background_jobs.execute_job(event=None, is_async=True, job_name='frappe.core.doctype.scheduled_job_type.scheduled_job_type.run_scheduled_jo..., kwargs={'job_type': 'frappe.utils.global_search.sync_global_search', 'scheduled_jo..., method='frappe.core.doctype.scheduled_job_type.scheduled_job_type.run_scheduled_jo..., site='erpnext.localhost', user='Administrator') (erpnext.localhost||scheduled_job||57f1qn3d5q)
2025-04-28 08:16:12,131 Successfully completed frappe.utils.background_jobs.execute_job(event=None, is_async=True, job_name='frappe.core.doctype.scheduled_job_type.scheduled_job_type.run_scheduled_jo..., kwargs={'job_type': 'frappe.utils.global_search.sync_global_search', 'scheduled_jo..., method='frappe.core.doctype.scheduled_job_type.scheduled_job_type.run_scheduled_jo..., site='erpnext.localhost', user='Administrator') job in 0:00:00.106096s on worker 7400ef2fe4004155ba3aec4b8f04035a
2025-04-28 08:16:12,131 home-fy-Documents-GitHub-erpnext-frappe-bench:default: Job OK (erpnext.localhost||scheduled_job||57f1qn3d5q)
2025-04-28 08:16:12,131 Result is kept for 600 seconds
2025-04-28 08:16:12,136 home-fy-Documents-GitHub-erpnext-frappe-bench:default: frappe.utils.background_jobs.execute_job(event=None, is_async=True, job_name='frappe.core.doctype.scheduled_job_type.scheduled_job_type.run_scheduled_jo..., kwargs={'job_type': 'frappe.desk.form.document_follow.send_daily_updates', 'schedu..., method='frappe.core.doctype.scheduled_job_type.scheduled_job_type.run_scheduled_jo..., site='erpnext.localhost', user='Administrator') (erpnext.localhost||scheduled_job||57fop0s41c)
2025-04-28 08:16:12,260 Successfully completed frappe.utils.background_jobs.execute_job(event=None, is_async=True, job_name='frappe.core.doctype.scheduled_job_type.scheduled_job_type.run_scheduled_jo..., kwargs={'job_type': 'frappe.desk.form.document_follow.send_daily_updates', 'schedu..., method='frappe.core.doctype.scheduled_job_type.scheduled_job_type.run_scheduled_jo..., site='erpnext.localhost', user='Administrator') job in 0:00:00.118411s on worker 7400ef2fe4004155ba3aec4b8f04035a
2025-04-28 08:16:12,260 home-fy-Documents-GitHub-erpnext-frappe-bench:default: Job OK (erpnext.localhost||scheduled_job||57fop0s41c)
2025-04-28 08:16:12,260 Result is kept for 600 seconds
2025-04-28 08:16:12,265 home-fy-Documents-GitHub-erpnext-frappe-bench:long: frappe.utils.background_jobs.execute_job(event=None, is_async=True, job_name='frappe.core.doctype.scheduled_job_type.scheduled_job_type.run_scheduled_jo..., kwargs={'job_type': 'erpnext.utilities.bulk_transaction.retry', 'scheduled_job_typ..., method='frappe.core.doctype.scheduled_job_type.scheduled_job_type.run_scheduled_jo..., site='erpnext.localhost', user='Administrator') (erpnext.localhost||scheduled_job||89klaavja8)
2025-04-28 08:16:12,430 Successfully completed frappe.utils.background_jobs.execute_job(event=None, is_async=True, job_name='frappe.core.doctype.scheduled_job_type.scheduled_job_type.run_scheduled_jo..., kwargs={'job_type': 'erpnext.utilities.bulk_transaction.retry', 'scheduled_job_typ..., method='frappe.core.doctype.scheduled_job_type.scheduled_job_type.run_scheduled_jo..., site='erpnext.localhost', user='Administrator') job in 0:00:00.158799s on worker 7400ef2fe4004155ba3aec4b8f04035a
2025-04-28 08:16:12,430 home-fy-Documents-GitHub-erpnext-frappe-bench:long: Job OK (erpnext.localhost||scheduled_job||89klaavja8)
2025-04-28 08:16:12,430 Result is kept for 600 seconds
2025-04-28 08:16:12,435 home-fy-Documents-GitHub-erpnext-frappe-bench:long: frappe.utils.background_jobs.execute_job(event=None, is_async=True, job_name='frappe.core.doctype.scheduled_job_type.scheduled_job_type.run_scheduled_jo..., kwargs={'job_type': 'frappe.email.doctype.auto_email_report.auto_email_report.send..., method='frappe.core.doctype.scheduled_job_type.scheduled_job_type.run_scheduled_jo..., site='erpnext.localhost', user='Administrator') (erpnext.localhost||scheduled_job||57ff3jdig8)
2025-04-28 08:16:12,774 Successfully completed frappe.utils.background_jobs.execute_job(event=None, is_async=True, job_name='frappe.core.doctype.scheduled_job_type.scheduled_job_type.run_scheduled_jo..., kwargs={'job_type': 'frappe.email.doctype.auto_email_report.auto_email_report.send..., method='frappe.core.doctype.scheduled_job_type.scheduled_job_type.run_scheduled_jo..., site='erpnext.localhost', user='Administrator') job in 0:00:00.331590s on worker 7400ef2fe4004155ba3aec4b8f04035a
2025-04-28 08:16:12,775 home-fy-Documents-GitHub-erpnext-frappe-bench:long: Job OK (erpnext.localhost||scheduled_job||57ff3jdig8)
2025-04-28 08:16:12,775 Result is kept for 600 seconds
2025-04-28 08:16:12,784 home-fy-Documents-GitHub-erpnext-frappe-bench:long: frappe.utils.background_jobs.execute_job(event=None, is_async=True, job_name='frappe.core.doctype.scheduled_job_type.scheduled_job_type.run_scheduled_jo..., kwargs={'job_type': 'erpnext.manufacturing.doctype.bom_update_tool.bom_update_tool..., method='frappe.core.doctype.scheduled_job_type.scheduled_job_type.run_scheduled_jo..., site='erpnext.localhost', user='Administrator') (erpnext.localhost||scheduled_job||89ki1l5ra3)
2025-04-28 08:16:12,940 Successfully completed frappe.utils.background_jobs.execute_job(event=None, is_async=True, job_name='frappe.core.doctype.scheduled_job_type.scheduled_job_type.run_scheduled_jo..., kwargs={'job_type': 'erpnext.manufacturing.doctype.bom_update_tool.bom_update_tool..., method='frappe.core.doctype.scheduled_job_type.scheduled_job_type.run_scheduled_jo..., site='erpnext.localhost', user='Administrator') job in 0:00:00.148642s on worker 7400ef2fe4004155ba3aec4b8f04035a
2025-04-28 08:16:12,940 home-fy-Documents-GitHub-erpnext-frappe-bench:long: Job OK (erpnext.localhost||scheduled_job||89ki1l5ra3)
2025-04-28 08:16:12,940 Result is kept for 600 seconds
2025-04-28 08:16:12,946 home-fy-Documents-GitHub-erpnext-frappe-bench:long: frappe.utils.background_jobs.execute_job(event=None, is_async=True, job_name='frappe.core.doctype.scheduled_job_type.scheduled_job_type.run_scheduled_jo..., kwargs={'job_type': 'erpnext.assets.doctype.asset.depreciation.post_depreciation_e..., method='frappe.core.doctype.scheduled_job_type.scheduled_job_type.run_scheduled_jo..., site='erpnext.localhost', user='Administrator') (erpnext.localhost||scheduled_job||89k42tb33t)
2025-04-28 08:16:13,129 Successfully completed frappe.utils.background_jobs.execute_job(event=None, is_async=True, job_name='frappe.core.doctype.scheduled_job_type.scheduled_job_type.run_scheduled_jo..., kwargs={'job_type': 'erpnext.assets.doctype.asset.depreciation.post_depreciation_e..., method='frappe.core.doctype.scheduled_job_type.scheduled_job_type.run_scheduled_jo..., site='erpnext.localhost', user='Administrator') job in 0:00:00.177502s on worker 7400ef2fe4004155ba3aec4b8f04035a
2025-04-28 08:16:13,129 home-fy-Documents-GitHub-erpnext-frappe-bench:long: Job OK (erpnext.localhost||scheduled_job||89k42tb33t)
2025-04-28 08:16:13,129 Result is kept for 600 seconds
2025-04-28 08:16:13,134 home-fy-Documents-GitHub-erpnext-frappe-bench:long: frappe.utils.background_jobs.execute_job(event=None, is_async=True, job_name='frappe.core.doctype.scheduled_job_type.scheduled_job_type.run_scheduled_jo..., kwargs={'job_type': 'frappe.integrations.doctype.s3_backup_settings.s3_backup_sett..., method='frappe.core.doctype.scheduled_job_type.scheduled_job_type.run_scheduled_jo..., site='erpnext.localhost', user='Administrator') (erpnext.localhost||scheduled_job||57fjatmm8v)
2025-04-28 08:16:13,408 Successfully completed frappe.utils.background_jobs.execute_job(event=None, is_async=True, job_name='frappe.core.doctype.scheduled_job_type.scheduled_job_type.run_scheduled_jo..., kwargs={'job_type': 'frappe.integrations.doctype.s3_backup_settings.s3_backup_sett..., method='frappe.core.doctype.scheduled_job_type.scheduled_job_type.run_scheduled_jo..., site='erpnext.localhost', user='Administrator') job in 0:00:00.268244s on worker 7400ef2fe4004155ba3aec4b8f04035a
2025-04-28 08:16:13,408 home-fy-Documents-GitHub-erpnext-frappe-bench:long: Job OK (erpnext.localhost||scheduled_job||57fjatmm8v)
2025-04-28 08:16:13,408 Result is kept for 600 seconds
2025-04-28 08:16:13,413 home-fy-Documents-GitHub-erpnext-frappe-bench:long: frappe.utils.background_jobs.execute_job(event=None, is_async=True, job_name='frappe.core.doctype.scheduled_job_type.scheduled_job_type.run_scheduled_jo..., kwargs={'job_type': 'erpnext.setup.doctype.email_digest.email_digest.send', 'sched..., method='frappe.core.doctype.scheduled_job_type.scheduled_job_type.run_scheduled_jo..., site='erpnext.localhost', user='Administrator') (erpnext.localhost||scheduled_job||89k21dn8qk)
2025-04-28 08:16:13,552 Successfully completed frappe.utils.background_jobs.execute_job(event=None, is_async=True, job_name='frappe.core.doctype.scheduled_job_type.scheduled_job_type.run_scheduled_jo..., kwargs={'job_type': 'erpnext.setup.doctype.email_digest.email_digest.send', 'sched..., method='frappe.core.doctype.scheduled_job_type.scheduled_job_type.run_scheduled_jo..., site='erpnext.localhost', user='Administrator') job in 0:00:00.133160s on worker 7400ef2fe4004155ba3aec4b8f04035a
2025-04-28 08:16:13,552 home-fy-Documents-GitHub-erpnext-frappe-bench:long: Job OK (erpnext.localhost||scheduled_job||89k21dn8qk)
2025-04-28 08:16:13,552 Result is kept for 600 seconds
2025-04-28 08:16:13,557 home-fy-Documents-GitHub-erpnext-frappe-bench:long: frappe.utils.background_jobs.execute_job(event=None, is_async=True, job_name='frappe.core.doctype.scheduled_job_type.scheduled_job_type.run_scheduled_jo..., kwargs={'job_type': 'frappe.integrations.doctype.dropbox_settings.dropbox_settings..., method='frappe.core.doctype.scheduled_job_type.scheduled_job_type.run_scheduled_jo..., site='erpnext.localhost', user='Administrator') (erpnext.localhost||scheduled_job||57fvu5c1m1)
2025-04-28 08:16:13,870 Successfully completed frappe.utils.background_jobs.execute_job(event=None, is_async=True, job_name='frappe.core.doctype.scheduled_job_type.scheduled_job_type.run_scheduled_jo..., kwargs={'job_type': 'frappe.integrations.doctype.dropbox_settings.dropbox_settings..., method='frappe.core.doctype.scheduled_job_type.scheduled_job_type.run_scheduled_jo..., site='erpnext.localhost', user='Administrator') job in 0:00:00.307202s on worker 7400ef2fe4004155ba3aec4b8f04035a
2025-04-28 08:16:13,870 home-fy-Documents-GitHub-erpnext-frappe-bench:long: Job OK (erpnext.localhost||scheduled_job||57fvu5c1m1)
2025-04-28 08:16:13,870 Result is kept for 600 seconds
2025-04-28 08:16:13,876 home-fy-Documents-GitHub-erpnext-frappe-bench:long: frappe.utils.background_jobs.execute_job(event=None, is_async=True, job_name='frappe.core.doctype.scheduled_job_type.scheduled_job_type.run_scheduled_jo..., kwargs={'job_type': 'erpnext.accounts.doctype.process_subscription.process_subscri..., method='frappe.core.doctype.scheduled_job_type.scheduled_job_type.run_scheduled_jo..., site='erpnext.localhost', user='Administrator') (erpnext.localhost||scheduled_job||89ksvgnm5t)
2025-04-28 08:16:14,095 Successfully completed frappe.utils.background_jobs.execute_job(event=None, is_async=True, job_name='frappe.core.doctype.scheduled_job_type.scheduled_job_type.run_scheduled_jo..., kwargs={'job_type': 'erpnext.accounts.doctype.process_subscription.process_subscri..., method='frappe.core.doctype.scheduled_job_type.scheduled_job_type.run_scheduled_jo..., site='erpnext.localhost', user='Administrator') job in 0:00:00.213736s on worker 7400ef2fe4004155ba3aec4b8f04035a
2025-04-28 08:16:14,095 home-fy-Documents-GitHub-erpnext-frappe-bench:long: Job OK (erpnext.localhost||scheduled_job||89ksvgnm5t)
2025-04-28 08:16:14,095 Result is kept for 600 seconds
2025-04-28 08:16:14,100 home-fy-Documents-GitHub-erpnext-frappe-bench:long: frappe.utils.background_jobs.execute_job(event=None, is_async=True, job_name='frappe.core.doctype.scheduled_job_type.scheduled_job_type.run_scheduled_jo..., kwargs={'job_type': 'erpnext.crm.utils.open_leads_opportunities_based_on_todays_ev..., method='frappe.core.doctype.scheduled_job_type.scheduled_job_type.run_scheduled_jo..., site='erpnext.localhost', user='Administrator') (erpnext.localhost||scheduled_job||89k8konaha)
2025-04-28 08:16:14,231 Successfully completed frappe.utils.background_jobs.execute_job(event=None, is_async=True, job_name='frappe.core.doctype.scheduled_job_type.scheduled_job_type.run_scheduled_jo..., kwargs={'job_type': 'erpnext.crm.utils.open_leads_opportunities_based_on_todays_ev..., method='frappe.core.doctype.scheduled_job_type.scheduled_job_type.run_scheduled_jo..., site='erpnext.localhost', user='Administrator') job in 0:00:00.125505s on worker 7400ef2fe4004155ba3aec4b8f04035a
2025-04-28 08:16:14,231 home-fy-Documents-GitHub-erpnext-frappe-bench:long: Job OK (erpnext.localhost||scheduled_job||89k8konaha)
2025-04-28 08:16:14,231 Result is kept for 600 seconds
2025-04-28 08:16:14,236 home-fy-Documents-GitHub-erpnext-frappe-bench:long: frappe.utils.background_jobs.execute_job(event=None, is_async=True, job_name='frappe.core.doctype.scheduled_job_type.scheduled_job_type.run_scheduled_jo..., kwargs={'job_type': 'erpnext.stock.doctype.repost_item_valuation.repost_item_valua..., method='frappe.core.doctype.scheduled_job_type.scheduled_job_type.run_scheduled_jo..., site='erpnext.localhost', user='Administrator') (erpnext.localhost||scheduled_job||89ksk8uq3v)
2025-04-28 08:16:14,408 Successfully completed frappe.utils.background_jobs.execute_job(event=None, is_async=True, job_name='frappe.core.doctype.scheduled_job_type.scheduled_job_type.run_scheduled_jo..., kwargs={'job_type': 'erpnext.stock.doctype.repost_item_valuation.repost_item_valua..., method='frappe.core.doctype.scheduled_job_type.scheduled_job_type.run_scheduled_jo..., site='erpnext.localhost', user='Administrator') job in 0:00:00.166216s on worker 7400ef2fe4004155ba3aec4b8f04035a
2025-04-28 08:16:14,408 home-fy-Documents-GitHub-erpnext-frappe-bench:long: Job OK (erpnext.localhost||scheduled_job||89ksk8uq3v)
2025-04-28 08:16:14,408 Result is kept for 600 seconds
2025-04-28 08:16:14,413 home-fy-Documents-GitHub-erpnext-frappe-bench:long: frappe.utils.background_jobs.execute_job(event=None, is_async=True, job_name='frappe.core.doctype.scheduled_job_type.scheduled_job_type.run_scheduled_jo..., kwargs={'job_type': 'frappe.integrations.doctype.google_drive.google_drive.daily_b..., method='frappe.core.doctype.scheduled_job_type.scheduled_job_type.run_scheduled_jo..., site='erpnext.localhost', user='Administrator') (erpnext.localhost||scheduled_job||57fc6js90e)
2025-04-28 08:16:14,716 Successfully completed frappe.utils.background_jobs.execute_job(event=None, is_async=True, job_name='frappe.core.doctype.scheduled_job_type.scheduled_job_type.run_scheduled_jo..., kwargs={'job_type': 'frappe.integrations.doctype.google_drive.google_drive.daily_b..., method='frappe.core.doctype.scheduled_job_type.scheduled_job_type.run_scheduled_jo..., site='erpnext.localhost', user='Administrator') job in 0:00:00.296735s on worker 7400ef2fe4004155ba3aec4b8f04035a
2025-04-28 08:16:14,716 home-fy-Documents-GitHub-erpnext-frappe-bench:long: Job OK (erpnext.localhost||scheduled_job||57fc6js90e)
2025-04-28 08:16:14,716 Result is kept for 600 seconds
2025-04-28 08:16:14,722 home-fy-Documents-GitHub-erpnext-frappe-bench:long: frappe.utils.background_jobs.execute_job(event=None, is_async=True, job_name='frappe.automation.doctype.auto_repeat.auto_repeat.create_repeated_entries', kwargs={'data': []}, method='frappe.automation.doctype.auto_repeat.auto_repeat.create_repeated_entries', site='erpnext.localhost', user='Administrator') (erpnext.localhost||22f140e2-144c-48f6-b44b-92cc285bcb72)
2025-04-28 08:16:14,819 Successfully completed frappe.utils.background_jobs.execute_job(event=None, is_async=True, job_name='frappe.automation.doctype.auto_repeat.auto_repeat.create_repeated_entries', kwargs={'data': []}, method='frappe.automation.doctype.auto_repeat.auto_repeat.create_repeated_entries', site='erpnext.localhost', user='Administrator') job in 0:00:00.091241s on worker 7400ef2fe4004155ba3aec4b8f04035a
2025-04-28 08:16:14,819 home-fy-Documents-GitHub-erpnext-frappe-bench:long: Job OK (erpnext.localhost||22f140e2-144c-48f6-b44b-92cc285bcb72)
2025-04-28 08:16:14,819 Result is kept for 600 seconds
2025-04-28 08:18:42,081 Worker 7400ef2fe4004155ba3aec4b8f04035a [PID 4161]: warm shut down requested
2025-04-28 08:18:42,101 Unsubscribing from channel rq:pubsub:7400ef2fe4004155ba3aec4b8f04035a
2025-04-28 08:18:46,946 Worker rq:worker:17f3bb4d1aec4cbea908b03e21e32276 started with PID 5046, version 2.3.2
2025-04-28 08:18:46,946 Subscribing to channel rq:pubsub:17f3bb4d1aec4cbea908b03e21e32276
2025-04-28 08:18:46,948 *** Listening on home-fy-Documents-GitHub-erpnext-frappe-bench:short, home-fy-Documents-GitHub-erpnext-frappe-bench:default, home-fy-Documents-GitHub-erpnext-frappe-bench:long...
2025-04-28 08:18:46,949 Cleaning registries for queue: home-fy-Documents-GitHub-erpnext-frappe-bench:short
2025-04-28 08:18:46,950 Cleaning registries for queue: home-fy-Documents-GitHub-erpnext-frappe-bench:default
2025-04-28 08:18:46,952 Cleaning registries for queue: home-fy-Documents-GitHub-erpnext-frappe-bench:long
2025-04-28 08:20:00,738 home-fy-Documents-GitHub-erpnext-frappe-bench:default: frappe.utils.background_jobs.execute_job(event=None, is_async=True, job_name='frappe.core.doctype.scheduled_job_type.scheduled_job_type.run_scheduled_jo..., kwargs={'job_type': 'frappe.integrations.doctype.google_calendar.google_calendar.s..., method='frappe.core.doctype.scheduled_job_type.scheduled_job_type.run_scheduled_jo..., site='erpnext.localhost', user='Administrator') (erpnext.localhost||scheduled_job||57fp7enf9v)
2025-04-28 08:20:01,096 Successfully completed frappe.utils.background_jobs.execute_job(event=None, is_async=True, job_name='frappe.core.doctype.scheduled_job_type.scheduled_job_type.run_scheduled_jo..., kwargs={'job_type': 'frappe.integrations.doctype.google_calendar.google_calendar.s..., method='frappe.core.doctype.scheduled_job_type.scheduled_job_type.run_scheduled_jo..., site='erpnext.localhost', user='Administrator') job in 0:00:00.333358s on worker 17f3bb4d1aec4cbea908b03e21e32276
2025-04-28 08:20:01,096 home-fy-Documents-GitHub-erpnext-frappe-bench:default: Job OK (erpnext.localhost||scheduled_job||57fp7enf9v)
2025-04-28 08:20:01,097 Result is kept for 600 seconds
2025-04-28 08:20:01,102 home-fy-Documents-GitHub-erpnext-frappe-bench:default: frappe.utils.background_jobs.execute_job(event=None, is_async=True, job_name='frappe.core.doctype.scheduled_job_type.scheduled_job_type.run_scheduled_jo..., kwargs={'job_type': 'frappe.email.queue.flush', 'scheduled_job_type': '57fu68shpf'..., method='frappe.core.doctype.scheduled_job_type.scheduled_job_type.run_scheduled_jo..., site='erpnext.localhost', user='Administrator') (erpnext.localhost||scheduled_job||57fu68shpf)
2025-04-28 08:20:01,293 Successfully completed frappe.utils.background_jobs.execute_job(event=None, is_async=True, job_name='frappe.core.doctype.scheduled_job_type.scheduled_job_type.run_scheduled_jo..., kwargs={'job_type': 'frappe.email.queue.flush', 'scheduled_job_type': '57fu68shpf'..., method='frappe.core.doctype.scheduled_job_type.scheduled_job_type.run_scheduled_jo..., site='erpnext.localhost', user='Administrator') job in 0:00:00.184982s on worker 17f3bb4d1aec4cbea908b03e21e32276
2025-04-28 08:20:01,293 home-fy-Documents-GitHub-erpnext-frappe-bench:default: Job OK (erpnext.localhost||scheduled_job||57fu68shpf)
2025-04-28 08:20:01,293 Result is kept for 600 seconds
2025-04-28 08:20:01,298 home-fy-Documents-GitHub-erpnext-frappe-bench:default: frappe.utils.background_jobs.execute_job(event=None, is_async=True, job_name='frappe.core.doctype.scheduled_job_type.scheduled_job_type.run_scheduled_jo..., kwargs={'job_type': 'frappe.email.doctype.email_account.email_account.pull', 'sche..., method='frappe.core.doctype.scheduled_job_type.scheduled_job_type.run_scheduled_jo..., site='erpnext.localhost', user='Administrator') (erpnext.localhost||scheduled_job||57fv1s5ve3)
2025-04-28 08:20:01,440 Successfully completed frappe.utils.background_jobs.execute_job(event=None, is_async=True, job_name='frappe.core.doctype.scheduled_job_type.scheduled_job_type.run_scheduled_jo..., kwargs={'job_type': 'frappe.email.doctype.email_account.email_account.pull', 'sche..., method='frappe.core.doctype.scheduled_job_type.scheduled_job_type.run_scheduled_jo..., site='erpnext.localhost', user='Administrator') job in 0:00:00.135433s on worker 17f3bb4d1aec4cbea908b03e21e32276
2025-04-28 08:20:01,440 home-fy-Documents-GitHub-erpnext-frappe-bench:default: Job OK (erpnext.localhost||scheduled_job||57fv1s5ve3)
2025-04-28 08:20:01,440 Result is kept for 600 seconds
2025-04-28 08:20:01,447 home-fy-Documents-GitHub-erpnext-frappe-bench:default: frappe.utils.background_jobs.execute_job(event=None, is_async=True, job_name='frappe.core.doctype.scheduled_job_type.scheduled_job_type.run_scheduled_jo..., kwargs={'job_type': 'frappe.email.doctype.notification.notification.trigger_offset..., method='frappe.core.doctype.scheduled_job_type.scheduled_job_type.run_scheduled_jo..., site='erpnext.localhost', user='Administrator') (erpnext.localhost||scheduled_job||57fmqjdgf7)
2025-04-28 08:20:01,589 Successfully completed frappe.utils.background_jobs.execute_job(event=None, is_async=True, job_name='frappe.core.doctype.scheduled_job_type.scheduled_job_type.run_scheduled_jo..., kwargs={'job_type': 'frappe.email.doctype.notification.notification.trigger_offset..., method='frappe.core.doctype.scheduled_job_type.scheduled_job_type.run_scheduled_jo..., site='erpnext.localhost', user='Administrator') job in 0:00:00.134978s on worker 17f3bb4d1aec4cbea908b03e21e32276
2025-04-28 08:20:01,589 home-fy-Documents-GitHub-erpnext-frappe-bench:default: Job OK (erpnext.localhost||scheduled_job||57fmqjdgf7)
2025-04-28 08:20:01,589 Result is kept for 600 seconds
2025-04-28 08:20:01,594 home-fy-Documents-GitHub-erpnext-frappe-bench:default: frappe.utils.background_jobs.execute_job(event=None, is_async=True, job_name='frappe.core.doctype.scheduled_job_type.scheduled_job_type.run_scheduled_jo..., kwargs={'job_type': 'frappe.monitor.flush', 'scheduled_job_type': '57fcr9524j'}, method='frappe.core.doctype.scheduled_job_type.scheduled_job_type.run_scheduled_jo..., site='erpnext.localhost', user='Administrator') (erpnext.localhost||scheduled_job||57fcr9524j)
2025-04-28 08:20:01,709 Successfully completed frappe.utils.background_jobs.execute_job(event=None, is_async=True, job_name='frappe.core.doctype.scheduled_job_type.scheduled_job_type.run_scheduled_jo..., kwargs={'job_type': 'frappe.monitor.flush', 'scheduled_job_type': '57fcr9524j'}, method='frappe.core.doctype.scheduled_job_type.scheduled_job_type.run_scheduled_jo..., site='erpnext.localhost', user='Administrator') job in 0:00:00.109304s on worker 17f3bb4d1aec4cbea908b03e21e32276
2025-04-28 08:20:01,709 home-fy-Documents-GitHub-erpnext-frappe-bench:default: Job OK (erpnext.localhost||scheduled_job||57fcr9524j)
2025-04-28 08:20:01,709 Result is kept for 600 seconds
2025-04-28 08:24:02,320 home-fy-Documents-GitHub-erpnext-frappe-bench:default: frappe.utils.background_jobs.execute_job(event=None, is_async=True, job_name='frappe.core.doctype.scheduled_job_type.scheduled_job_type.run_scheduled_jo..., kwargs={'job_type': 'frappe.integrations.doctype.google_calendar.google_calendar.s..., method='frappe.core.doctype.scheduled_job_type.scheduled_job_type.run_scheduled_jo..., site='erpnext.localhost', user='Administrator') (erpnext.localhost||scheduled_job||57fp7enf9v)
2025-04-28 08:24:02,614 Successfully completed frappe.utils.background_jobs.execute_job(event=None, is_async=True, job_name='frappe.core.doctype.scheduled_job_type.scheduled_job_type.run_scheduled_jo..., kwargs={'job_type': 'frappe.integrations.doctype.google_calendar.google_calendar.s..., method='frappe.core.doctype.scheduled_job_type.scheduled_job_type.run_scheduled_jo..., site='erpnext.localhost', user='Administrator') job in 0:00:00.283141s on worker 17f3bb4d1aec4cbea908b03e21e32276
2025-04-28 08:24:02,615 home-fy-Documents-GitHub-erpnext-frappe-bench:default: Job OK (erpnext.localhost||scheduled_job||57fp7enf9v)
2025-04-28 08:24:02,615 Result is kept for 600 seconds
2025-04-28 08:24:02,620 home-fy-Documents-GitHub-erpnext-frappe-bench:default: frappe.utils.background_jobs.execute_job(event=None, is_async=True, job_name='frappe.core.doctype.scheduled_job_type.scheduled_job_type.run_scheduled_jo..., kwargs={'job_type': 'frappe.email.queue.flush', 'scheduled_job_type': '57fu68shpf'..., method='frappe.core.doctype.scheduled_job_type.scheduled_job_type.run_scheduled_jo..., site='erpnext.localhost', user='Administrator') (erpnext.localhost||scheduled_job||57fu68shpf)
2025-04-28 08:24:02,816 Successfully completed frappe.utils.background_jobs.execute_job(event=None, is_async=True, job_name='frappe.core.doctype.scheduled_job_type.scheduled_job_type.run_scheduled_jo..., kwargs={'job_type': 'frappe.email.queue.flush', 'scheduled_job_type': '57fu68shpf'..., method='frappe.core.doctype.scheduled_job_type.scheduled_job_type.run_scheduled_jo..., site='erpnext.localhost', user='Administrator') job in 0:00:00.189582s on worker 17f3bb4d1aec4cbea908b03e21e32276
2025-04-28 08:24:02,816 home-fy-Documents-GitHub-erpnext-frappe-bench:default: Job OK (erpnext.localhost||scheduled_job||57fu68shpf)
2025-04-28 08:24:02,816 Result is kept for 600 seconds
2025-04-28 08:24:02,821 home-fy-Documents-GitHub-erpnext-frappe-bench:default: frappe.utils.background_jobs.execute_job(event=None, is_async=True, job_name='frappe.core.doctype.scheduled_job_type.scheduled_job_type.run_scheduled_jo..., kwargs={'job_type': 'frappe.monitor.flush', 'scheduled_job_type': '57fcr9524j'}, method='frappe.core.doctype.scheduled_job_type.scheduled_job_type.run_scheduled_jo..., site='erpnext.localhost', user='Administrator') (erpnext.localhost||scheduled_job||57fcr9524j)
2025-04-28 08:24:02,935 Successfully completed frappe.utils.background_jobs.execute_job(event=None, is_async=True, job_name='frappe.core.doctype.scheduled_job_type.scheduled_job_type.run_scheduled_jo..., kwargs={'job_type': 'frappe.monitor.flush', 'scheduled_job_type': '57fcr9524j'}, method='frappe.core.doctype.scheduled_job_type.scheduled_job_type.run_scheduled_jo..., site='erpnext.localhost', user='Administrator') job in 0:00:00.108354s on worker 17f3bb4d1aec4cbea908b03e21e32276
2025-04-28 08:24:02,935 home-fy-Documents-GitHub-erpnext-frappe-bench:default: Job OK (erpnext.localhost||scheduled_job||57fcr9524j)
2025-04-28 08:24:02,935 Result is kept for 600 seconds
2025-04-28 08:27:59,048 home-fy-Documents-GitHub-erpnext-frappe-bench:default: frappe.utils.background_jobs.execute_job(event=None, is_async=True, job_name='frappe.core.doctype.scheduled_job_type.scheduled_job_type.run_scheduled_jo..., kwargs={'job_type': 'frappe.email.doctype.notification.notification.trigger_offset..., method='frappe.core.doctype.scheduled_job_type.scheduled_job_type.run_scheduled_jo..., site='erpnext.localhost', user='Administrator') (erpnext.localhost||scheduled_job||57fmqjdgf7)
2025-04-28 08:27:59,175 Successfully completed frappe.utils.background_jobs.execute_job(event=None, is_async=True, job_name='frappe.core.doctype.scheduled_job_type.scheduled_job_type.run_scheduled_jo..., kwargs={'job_type': 'frappe.email.doctype.notification.notification.trigger_offset..., method='frappe.core.doctype.scheduled_job_type.scheduled_job_type.run_scheduled_jo..., site='erpnext.localhost', user='Administrator') job in 0:00:00.113167s on worker 17f3bb4d1aec4cbea908b03e21e32276
2025-04-28 08:27:59,175 home-fy-Documents-GitHub-erpnext-frappe-bench:default: Job OK (erpnext.localhost||scheduled_job||57fmqjdgf7)
2025-04-28 08:27:59,175 Result is kept for 600 seconds
2025-04-28 08:28:00,113 home-fy-Documents-GitHub-erpnext-frappe-bench:default: frappe.utils.background_jobs.execute_job(event=None, is_async=True, job_name='frappe.core.doctype.scheduled_job_type.scheduled_job_type.run_scheduled_jo..., kwargs={'job_type': 'frappe.integrations.doctype.google_calendar.google_calendar.s..., method='frappe.core.doctype.scheduled_job_type.scheduled_job_type.run_scheduled_jo..., site='erpnext.localhost', user='Administrator') (erpnext.localhost||scheduled_job||57fp7enf9v)
2025-04-28 08:28:00,382 Successfully completed frappe.utils.background_jobs.execute_job(event=None, is_async=True, job_name='frappe.core.doctype.scheduled_job_type.scheduled_job_type.run_scheduled_jo..., kwargs={'job_type': 'frappe.integrations.doctype.google_calendar.google_calendar.s..., method='frappe.core.doctype.scheduled_job_type.scheduled_job_type.run_scheduled_jo..., site='erpnext.localhost', user='Administrator') job in 0:00:00.254871s on worker 17f3bb4d1aec4cbea908b03e21e32276
2025-04-28 08:28:00,382 home-fy-Documents-GitHub-erpnext-frappe-bench:default: Job OK (erpnext.localhost||scheduled_job||57fp7enf9v)
2025-04-28 08:28:00,382 Result is kept for 600 seconds
2025-04-28 08:28:00,392 home-fy-Documents-GitHub-erpnext-frappe-bench:default: frappe.utils.background_jobs.execute_job(event=None, is_async=True, job_name='frappe.core.doctype.scheduled_job_type.scheduled_job_type.run_scheduled_jo..., kwargs={'job_type': 'frappe.monitor.flush', 'scheduled_job_type': '57fcr9524j'}, method='frappe.core.doctype.scheduled_job_type.scheduled_job_type.run_scheduled_jo..., site='erpnext.localhost', user='Administrator') (erpnext.localhost||scheduled_job||57fcr9524j)
2025-04-28 08:28:00,501 Successfully completed frappe.utils.background_jobs.execute_job(event=None, is_async=True, job_name='frappe.core.doctype.scheduled_job_type.scheduled_job_type.run_scheduled_jo..., kwargs={'job_type': 'frappe.monitor.flush', 'scheduled_job_type': '57fcr9524j'}, method='frappe.core.doctype.scheduled_job_type.scheduled_job_type.run_scheduled_jo..., site='erpnext.localhost', user='Administrator') job in 0:00:00.101517s on worker 17f3bb4d1aec4cbea908b03e21e32276
2025-04-28 08:28:00,501 home-fy-Documents-GitHub-erpnext-frappe-bench:default: Job OK (erpnext.localhost||scheduled_job||57fcr9524j)
2025-04-28 08:28:00,501 Result is kept for 600 seconds
2025-04-28 08:28:00,506 home-fy-Documents-GitHub-erpnext-frappe-bench:default: frappe.utils.background_jobs.execute_job(event=None, is_async=True, job_name='frappe.core.doctype.scheduled_job_type.scheduled_job_type.run_scheduled_jo..., kwargs={'job_type': 'frappe.email.queue.flush', 'scheduled_job_type': '57fu68shpf'..., method='frappe.core.doctype.scheduled_job_type.scheduled_job_type.run_scheduled_jo..., site='erpnext.localhost', user='Administrator') (erpnext.localhost||scheduled_job||57fu68shpf)
2025-04-28 08:28:00,694 Successfully completed frappe.utils.background_jobs.execute_job(event=None, is_async=True, job_name='frappe.core.doctype.scheduled_job_type.scheduled_job_type.run_scheduled_jo..., kwargs={'job_type': 'frappe.email.queue.flush', 'scheduled_job_type': '57fu68shpf'..., method='frappe.core.doctype.scheduled_job_type.scheduled_job_type.run_scheduled_jo..., site='erpnext.localhost', user='Administrator') job in 0:00:00.182314s on worker 17f3bb4d1aec4cbea908b03e21e32276
2025-04-28 08:28:00,694 home-fy-Documents-GitHub-erpnext-frappe-bench:default: Job OK (erpnext.localhost||scheduled_job||57fu68shpf)
2025-04-28 08:28:00,694 Result is kept for 600 seconds
2025-04-28 08:32:00,227 home-fy-Documents-GitHub-erpnext-frappe-bench:default: frappe.utils.background_jobs.execute_job(event=None, is_async=True, job_name='frappe.core.doctype.scheduled_job_type.scheduled_job_type.run_scheduled_jo..., kwargs={'job_type': 'frappe.core.doctype.prepared_report.prepared_report.expire_st..., method='frappe.core.doctype.scheduled_job_type.scheduled_job_type.run_scheduled_jo..., site='erpnext.localhost', user='Administrator') (erpnext.localhost||scheduled_job||57f4gapu15)
2025-04-28 08:32:00,390 Successfully completed frappe.utils.background_jobs.execute_job(event=None, is_async=True, job_name='frappe.core.doctype.scheduled_job_type.scheduled_job_type.run_scheduled_jo..., kwargs={'job_type': 'frappe.core.doctype.prepared_report.prepared_report.expire_st..., method='frappe.core.doctype.scheduled_job_type.scheduled_job_type.run_scheduled_jo..., site='erpnext.localhost', user='Administrator') job in 0:00:00.149738s on worker 17f3bb4d1aec4cbea908b03e21e32276
2025-04-28 08:32:00,390 home-fy-Documents-GitHub-erpnext-frappe-bench:default: Job OK (erpnext.localhost||scheduled_job||57f4gapu15)
2025-04-28 08:32:00,390 Result is kept for 600 seconds
2025-04-28 08:32:00,399 Cleaning registries for queue: home-fy-Documents-GitHub-erpnext-frappe-bench:short
2025-04-28 08:32:00,401 Cleaning registries for queue: home-fy-Documents-GitHub-erpnext-frappe-bench:default
2025-04-28 08:32:00,402 Cleaning registries for queue: home-fy-Documents-GitHub-erpnext-frappe-bench:long
2025-04-28 08:32:00,405 home-fy-Documents-GitHub-erpnext-frappe-bench:default: frappe.utils.background_jobs.execute_job(event=None, is_async=True, job_name='frappe.core.doctype.scheduled_job_type.scheduled_job_type.run_scheduled_jo..., kwargs={'job_type': 'frappe.email.doctype.email_account.email_account.notify_unrep..., method='frappe.core.doctype.scheduled_job_type.scheduled_job_type.run_scheduled_jo..., site='erpnext.localhost', user='Administrator') (erpnext.localhost||scheduled_job||57frb6dct5)
2025-04-28 08:32:00,533 Successfully completed frappe.utils.background_jobs.execute_job(event=None, is_async=True, job_name='frappe.core.doctype.scheduled_job_type.scheduled_job_type.run_scheduled_jo..., kwargs={'job_type': 'frappe.email.doctype.email_account.email_account.notify_unrep..., method='frappe.core.doctype.scheduled_job_type.scheduled_job_type.run_scheduled_jo..., site='erpnext.localhost', user='Administrator') job in 0:00:00.120918s on worker 17f3bb4d1aec4cbea908b03e21e32276
2025-04-28 08:32:00,533 home-fy-Documents-GitHub-erpnext-frappe-bench:default: Job OK (erpnext.localhost||scheduled_job||57frb6dct5)
2025-04-28 08:32:00,533 Result is kept for 600 seconds
2025-04-28 08:32:00,537 home-fy-Documents-GitHub-erpnext-frappe-bench:default: frappe.utils.background_jobs.execute_job(event=None, is_async=True, job_name='frappe.core.doctype.scheduled_job_type.scheduled_job_type.run_scheduled_jo..., kwargs={'job_type': 'frappe.automation.doctype.reminder.reminder.send_reminders', ..., method='frappe.core.doctype.scheduled_job_type.scheduled_job_type.run_scheduled_jo..., site='erpnext.localhost', user='Administrator') (erpnext.localhost||scheduled_job||57fmah7t11)
2025-04-28 08:32:00,681 Successfully completed frappe.utils.background_jobs.execute_job(event=None, is_async=True, job_name='frappe.core.doctype.scheduled_job_type.scheduled_job_type.run_scheduled_jo..., kwargs={'job_type': 'frappe.automation.doctype.reminder.reminder.send_reminders', ..., method='frappe.core.doctype.scheduled_job_type.scheduled_job_type.run_scheduled_jo..., site='erpnext.localhost', user='Administrator') job in 0:00:00.138095s on worker 17f3bb4d1aec4cbea908b03e21e32276
2025-04-28 08:32:00,681 home-fy-Documents-GitHub-erpnext-frappe-bench:default: Job OK (erpnext.localhost||scheduled_job||57fmah7t11)
2025-04-28 08:32:00,681 Result is kept for 600 seconds
2025-04-28 08:32:00,686 home-fy-Documents-GitHub-erpnext-frappe-bench:default: frappe.utils.background_jobs.execute_job(event=None, is_async=True, job_name='frappe.core.doctype.scheduled_job_type.scheduled_job_type.run_scheduled_jo..., kwargs={'job_type': 'frappe.oauth.delete_oauth2_data', 'scheduled_job_type': '57fh..., method='frappe.core.doctype.scheduled_job_type.scheduled_job_type.run_scheduled_jo..., site='erpnext.localhost', user='Administrator') (erpnext.localhost||scheduled_job||57fh804btu)
2025-04-28 08:32:00,817 Successfully completed frappe.utils.background_jobs.execute_job(event=None, is_async=True, job_name='frappe.core.doctype.scheduled_job_type.scheduled_job_type.run_scheduled_jo..., kwargs={'job_type': 'frappe.oauth.delete_oauth2_data', 'scheduled_job_type': '57fh..., method='frappe.core.doctype.scheduled_job_type.scheduled_job_type.run_scheduled_jo..., site='erpnext.localhost', user='Administrator') job in 0:00:00.125341s on worker 17f3bb4d1aec4cbea908b03e21e32276
2025-04-28 08:32:00,817 home-fy-Documents-GitHub-erpnext-frappe-bench:default: Job OK (erpnext.localhost||scheduled_job||57fh804btu)
2025-04-28 08:32:00,818 Result is kept for 600 seconds
2025-04-28 08:32:00,822 home-fy-Documents-GitHub-erpnext-frappe-bench:default: frappe.utils.background_jobs.execute_job(event=None, is_async=True, job_name='frappe.core.doctype.scheduled_job_type.scheduled_job_type.run_scheduled_jo..., kwargs={'job_type': 'frappe.email.queue.flush', 'scheduled_job_type': '57fu68shpf'..., method='frappe.core.doctype.scheduled_job_type.scheduled_job_type.run_scheduled_jo..., site='erpnext.localhost', user='Administrator') (erpnext.localhost||scheduled_job||57fu68shpf)
2025-04-28 08:32:01,010 Successfully completed frappe.utils.background_jobs.execute_job(event=None, is_async=True, job_name='frappe.core.doctype.scheduled_job_type.scheduled_job_type.run_scheduled_jo..., kwargs={'job_type': 'frappe.email.queue.flush', 'scheduled_job_type': '57fu68shpf'..., method='frappe.core.doctype.scheduled_job_type.scheduled_job_type.run_scheduled_jo..., site='erpnext.localhost', user='Administrator') job in 0:00:00.182483s on worker 17f3bb4d1aec4cbea908b03e21e32276
2025-04-28 08:32:01,011 home-fy-Documents-GitHub-erpnext-frappe-bench:default: Job OK (erpnext.localhost||scheduled_job||57fu68shpf)
2025-04-28 08:32:01,011 Result is kept for 600 seconds
2025-04-28 08:32:01,016 home-fy-Documents-GitHub-erpnext-frappe-bench:default: frappe.utils.background_jobs.execute_job(event=None, is_async=True, job_name='frappe.core.doctype.scheduled_job_type.scheduled_job_type.run_scheduled_jo..., kwargs={'job_type': 'frappe.utils.global_search.sync_global_search', 'scheduled_jo..., method='frappe.core.doctype.scheduled_job_type.scheduled_job_type.run_scheduled_jo..., site='erpnext.localhost', user='Administrator') (erpnext.localhost||scheduled_job||57f1qn3d5q)
2025-04-28 08:32:01,132 Successfully completed frappe.utils.background_jobs.execute_job(event=None, is_async=True, job_name='frappe.core.doctype.scheduled_job_type.scheduled_job_type.run_scheduled_jo..., kwargs={'job_type': 'frappe.utils.global_search.sync_global_search', 'scheduled_jo..., method='frappe.core.doctype.scheduled_job_type.scheduled_job_type.run_scheduled_jo..., site='erpnext.localhost', user='Administrator') job in 0:00:00.109704s on worker 17f3bb4d1aec4cbea908b03e21e32276
2025-04-28 08:32:01,133 home-fy-Documents-GitHub-erpnext-frappe-bench:default: Job OK (erpnext.localhost||scheduled_job||57f1qn3d5q)
2025-04-28 08:32:01,133 Result is kept for 600 seconds
2025-04-28 08:32:01,140 home-fy-Documents-GitHub-erpnext-frappe-bench:default: frappe.utils.background_jobs.execute_job(event=None, is_async=True, job_name='frappe.core.doctype.scheduled_job_type.scheduled_job_type.run_scheduled_jo..., kwargs={'job_type': 'frappe.twofactor.delete_all_barcodes_for_users', 'scheduled_j..., method='frappe.core.doctype.scheduled_job_type.scheduled_job_type.run_scheduled_jo..., site='erpnext.localhost', user='Administrator') (erpnext.localhost||scheduled_job||57f9udt3kh)
2025-04-28 08:32:01,262 Successfully completed frappe.utils.background_jobs.execute_job(event=None, is_async=True, job_name='frappe.core.doctype.scheduled_job_type.scheduled_job_type.run_scheduled_jo..., kwargs={'job_type': 'frappe.twofactor.delete_all_barcodes_for_users', 'scheduled_j..., method='frappe.core.doctype.scheduled_job_type.scheduled_job_type.run_scheduled_jo..., site='erpnext.localhost', user='Administrator') job in 0:00:00.113301s on worker 17f3bb4d1aec4cbea908b03e21e32276
2025-04-28 08:32:01,262 home-fy-Documents-GitHub-erpnext-frappe-bench:default: Job OK (erpnext.localhost||scheduled_job||57f9udt3kh)
2025-04-28 08:32:01,262 Result is kept for 600 seconds
2025-04-28 08:32:01,267 home-fy-Documents-GitHub-erpnext-frappe-bench:default: frappe.utils.background_jobs.execute_job(event=None, is_async=True, job_name='frappe.core.doctype.scheduled_job_type.scheduled_job_type.run_scheduled_jo..., kwargs={'job_type': 'erpnext.accounts.doctype.gl_entry.gl_entry.rename_gle_sle_doc..., method='frappe.core.doctype.scheduled_job_type.scheduled_job_type.run_scheduled_jo..., site='erpnext.localhost', user='Administrator') (erpnext.localhost||scheduled_job||89i8pcirqt)
2025-04-28 08:32:01,460 Successfully completed frappe.utils.background_jobs.execute_job(event=None, is_async=True, job_name='frappe.core.doctype.scheduled_job_type.scheduled_job_type.run_scheduled_jo..., kwargs={'job_type': 'erpnext.accounts.doctype.gl_entry.gl_entry.rename_gle_sle_doc..., method='frappe.core.doctype.scheduled_job_type.scheduled_job_type.run_scheduled_jo..., site='erpnext.localhost', user='Administrator') job in 0:00:00.187724s on worker 17f3bb4d1aec4cbea908b03e21e32276
2025-04-28 08:32:01,461 home-fy-Documents-GitHub-erpnext-frappe-bench:default: Job OK (erpnext.localhost||scheduled_job||89i8pcirqt)
2025-04-28 08:32:01,461 Result is kept for 600 seconds
2025-04-28 08:32:01,466 home-fy-Documents-GitHub-erpnext-frappe-bench:default: frappe.utils.background_jobs.execute_job(event=None, is_async=True, job_name='frappe.core.doctype.scheduled_job_type.scheduled_job_type.run_scheduled_jo..., kwargs={'job_type': 'frappe.integrations.doctype.google_calendar.google_calendar.s..., method='frappe.core.doctype.scheduled_job_type.scheduled_job_type.run_scheduled_jo..., site='erpnext.localhost', user='Administrator') (erpnext.localhost||scheduled_job||57fp7enf9v)
2025-04-28 08:32:01,728 Successfully completed frappe.utils.background_jobs.execute_job(event=None, is_async=True, job_name='frappe.core.doctype.scheduled_job_type.scheduled_job_type.run_scheduled_jo..., kwargs={'job_type': 'frappe.integrations.doctype.google_calendar.google_calendar.s..., method='frappe.core.doctype.scheduled_job_type.scheduled_job_type.run_scheduled_jo..., site='erpnext.localhost', user='Administrator') job in 0:00:00.256739s on worker 17f3bb4d1aec4cbea908b03e21e32276
2025-04-28 08:32:01,728 home-fy-Documents-GitHub-erpnext-frappe-bench:default: Job OK (erpnext.localhost||scheduled_job||57fp7enf9v)
2025-04-28 08:32:01,728 Result is kept for 600 seconds
2025-04-28 08:32:01,734 home-fy-Documents-GitHub-erpnext-frappe-bench:default: frappe.utils.background_jobs.execute_job(event=None, is_async=True, job_name='frappe.core.doctype.scheduled_job_type.scheduled_job_type.run_scheduled_jo..., kwargs={'job_type': 'frappe.email.doctype.notification.notification.trigger_offset..., method='frappe.core.doctype.scheduled_job_type.scheduled_job_type.run_scheduled_jo..., site='erpnext.localhost', user='Administrator') (erpnext.localhost||scheduled_job||57fmqjdgf7)
2025-04-28 08:32:01,869 Successfully completed frappe.utils.background_jobs.execute_job(event=None, is_async=True, job_name='frappe.core.doctype.scheduled_job_type.scheduled_job_type.run_scheduled_jo..., kwargs={'job_type': 'frappe.email.doctype.notification.notification.trigger_offset..., method='frappe.core.doctype.scheduled_job_type.scheduled_job_type.run_scheduled_jo..., site='erpnext.localhost', user='Administrator') job in 0:00:00.129412s on worker 17f3bb4d1aec4cbea908b03e21e32276
2025-04-28 08:32:01,869 home-fy-Documents-GitHub-erpnext-frappe-bench:default: Job OK (erpnext.localhost||scheduled_job||57fmqjdgf7)
2025-04-28 08:32:01,869 Result is kept for 600 seconds
2025-04-28 08:32:01,876 home-fy-Documents-GitHub-erpnext-frappe-bench:default: frappe.utils.background_jobs.execute_job(event=None, is_async=True, job_name='frappe.core.doctype.scheduled_job_type.scheduled_job_type.run_scheduled_jo..., kwargs={'job_type': 'erpnext.manufacturing.doctype.bom_update_log.bom_update_log.r..., method='frappe.core.doctype.scheduled_job_type.scheduled_job_type.run_scheduled_jo..., site='erpnext.localhost', user='Administrator') (erpnext.localhost||scheduled_job||89h36b9fje)
2025-04-28 08:32:02,016 Successfully completed frappe.utils.background_jobs.execute_job(event=None, is_async=True, job_name='frappe.core.doctype.scheduled_job_type.scheduled_job_type.run_scheduled_jo..., kwargs={'job_type': 'erpnext.manufacturing.doctype.bom_update_log.bom_update_log.r..., method='frappe.core.doctype.scheduled_job_type.scheduled_job_type.run_scheduled_jo..., site='erpnext.localhost', user='Administrator') job in 0:00:00.133845s on worker 17f3bb4d1aec4cbea908b03e21e32276
2025-04-28 08:32:02,017 home-fy-Documents-GitHub-erpnext-frappe-bench:default: Job OK (erpnext.localhost||scheduled_job||89h36b9fje)
2025-04-28 08:32:02,017 Result is kept for 600 seconds
2025-04-28 08:32:02,022 home-fy-Documents-GitHub-erpnext-frappe-bench:default: frappe.utils.background_jobs.execute_job(event=None, is_async=True, job_name='frappe.core.doctype.scheduled_job_type.scheduled_job_type.run_scheduled_jo..., kwargs={'job_type': 'frappe.email.doctype.email_account.email_account.pull', 'sche..., method='frappe.core.doctype.scheduled_job_type.scheduled_job_type.run_scheduled_jo..., site='erpnext.localhost', user='Administrator') (erpnext.localhost||scheduled_job||57fv1s5ve3)
2025-04-28 08:32:02,154 Successfully completed frappe.utils.background_jobs.execute_job(event=None, is_async=True, job_name='frappe.core.doctype.scheduled_job_type.scheduled_job_type.run_scheduled_jo..., kwargs={'job_type': 'frappe.email.doctype.email_account.email_account.pull', 'sche..., method='frappe.core.doctype.scheduled_job_type.scheduled_job_type.run_scheduled_jo..., site='erpnext.localhost', user='Administrator') job in 0:00:00.126963s on worker 17f3bb4d1aec4cbea908b03e21e32276
2025-04-28 08:32:02,155 home-fy-Documents-GitHub-erpnext-frappe-bench:default: Job OK (erpnext.localhost||scheduled_job||57fv1s5ve3)
2025-04-28 08:32:02,155 Result is kept for 600 seconds
2025-04-28 08:32:02,159 home-fy-Documents-GitHub-erpnext-frappe-bench:default: frappe.utils.background_jobs.execute_job(event=None, is_async=True, job_name='frappe.core.doctype.scheduled_job_type.scheduled_job_type.run_scheduled_jo..., kwargs={'job_type': 'frappe.website.doctype.web_page.web_page.check_publish_status..., method='frappe.core.doctype.scheduled_job_type.scheduled_job_type.run_scheduled_jo..., site='erpnext.localhost', user='Administrator') (erpnext.localhost||scheduled_job||57fgj7ebgg)
2025-04-28 08:32:02,355 Successfully completed frappe.utils.background_jobs.execute_job(event=None, is_async=True, job_name='frappe.core.doctype.scheduled_job_type.scheduled_job_type.run_scheduled_jo..., kwargs={'job_type': 'frappe.website.doctype.web_page.web_page.check_publish_status..., method='frappe.core.doctype.scheduled_job_type.scheduled_job_type.run_scheduled_jo..., site='erpnext.localhost', user='Administrator') job in 0:00:00.189622s on worker 17f3bb4d1aec4cbea908b03e21e32276
2025-04-28 08:32:02,355 home-fy-Documents-GitHub-erpnext-frappe-bench:default: Job OK (erpnext.localhost||scheduled_job||57fgj7ebgg)
2025-04-28 08:32:02,355 Result is kept for 600 seconds
2025-04-28 08:32:02,360 home-fy-Documents-GitHub-erpnext-frappe-bench:default: frappe.utils.background_jobs.execute_job(event=None, is_async=True, job_name='frappe.core.doctype.scheduled_job_type.scheduled_job_type.run_scheduled_jo..., kwargs={'job_type': 'erpnext.utilities.doctype.video.video.update_youtube_data', '..., method='frappe.core.doctype.scheduled_job_type.scheduled_job_type.run_scheduled_jo..., site='erpnext.localhost', user='Administrator') (erpnext.localhost||scheduled_job||89iu8e1d0s)
2025-04-28 08:32:02,686 Successfully completed frappe.utils.background_jobs.execute_job(event=None, is_async=True, job_name='frappe.core.doctype.scheduled_job_type.scheduled_job_type.run_scheduled_jo..., kwargs={'job_type': 'erpnext.utilities.doctype.video.video.update_youtube_data', '..., method='frappe.core.doctype.scheduled_job_type.scheduled_job_type.run_scheduled_jo..., site='erpnext.localhost', user='Administrator') job in 0:00:00.320517s on worker 17f3bb4d1aec4cbea908b03e21e32276
2025-04-28 08:32:02,686 home-fy-Documents-GitHub-erpnext-frappe-bench:default: Job OK (erpnext.localhost||scheduled_job||89iu8e1d0s)
2025-04-28 08:32:02,686 Result is kept for 600 seconds
2025-04-28 08:32:02,691 home-fy-Documents-GitHub-erpnext-frappe-bench:default: frappe.utils.background_jobs.execute_job(event=None, is_async=True, job_name='frappe.core.doctype.scheduled_job_type.scheduled_job_type.run_scheduled_jo..., kwargs={'job_type': 'frappe.deferred_insert.save_to_db', 'scheduled_job_type': '57..., method='frappe.core.doctype.scheduled_job_type.scheduled_job_type.run_scheduled_jo..., site='erpnext.localhost', user='Administrator') (erpnext.localhost||scheduled_job||57faianiv7)
2025-04-28 08:32:02,919 Successfully completed frappe.utils.background_jobs.execute_job(event=None, is_async=True, job_name='frappe.core.doctype.scheduled_job_type.scheduled_job_type.run_scheduled_jo..., kwargs={'job_type': 'frappe.deferred_insert.save_to_db', 'scheduled_job_type': '57..., method='frappe.core.doctype.scheduled_job_type.scheduled_job_type.run_scheduled_jo..., site='erpnext.localhost', user='Administrator') job in 0:00:00.220792s on worker 17f3bb4d1aec4cbea908b03e21e32276
2025-04-28 08:32:02,919 home-fy-Documents-GitHub-erpnext-frappe-bench:default: Job OK (erpnext.localhost||scheduled_job||57faianiv7)
2025-04-28 08:32:02,919 Result is kept for 600 seconds
2025-04-28 08:32:02,927 home-fy-Documents-GitHub-erpnext-frappe-bench:default: frappe.utils.background_jobs.execute_job(event=None, is_async=True, job_name='frappe.core.doctype.scheduled_job_type.scheduled_job_type.run_scheduled_jo..., kwargs={'job_type': 'frappe.monitor.flush', 'scheduled_job_type': '57fcr9524j'}, method='frappe.core.doctype.scheduled_job_type.scheduled_job_type.run_scheduled_jo..., site='erpnext.localhost', user='Administrator') (erpnext.localhost||scheduled_job||57fcr9524j)
2025-04-28 08:32:03,036 Successfully completed frappe.utils.background_jobs.execute_job(event=None, is_async=True, job_name='frappe.core.doctype.scheduled_job_type.scheduled_job_type.run_scheduled_jo..., kwargs={'job_type': 'frappe.monitor.flush', 'scheduled_job_type': '57fcr9524j'}, method='frappe.core.doctype.scheduled_job_type.scheduled_job_type.run_scheduled_jo..., site='erpnext.localhost', user='Administrator') job in 0:00:00.102280s on worker 17f3bb4d1aec4cbea908b03e21e32276
2025-04-28 08:32:03,036 home-fy-Documents-GitHub-erpnext-frappe-bench:default: Job OK (erpnext.localhost||scheduled_job||57fcr9524j)
2025-04-28 08:32:03,036 Result is kept for 600 seconds
2025-04-28 08:36:00,427 home-fy-Documents-GitHub-erpnext-frappe-bench:default: frappe.utils.background_jobs.execute_job(event=None, is_async=True, job_name='frappe.core.doctype.scheduled_job_type.scheduled_job_type.run_scheduled_jo..., kwargs={'job_type': 'frappe.integrations.doctype.google_calendar.google_calendar.s..., method='frappe.core.doctype.scheduled_job_type.scheduled_job_type.run_scheduled_jo..., site='erpnext.localhost', user='Administrator') (erpnext.localhost||scheduled_job||57fp7enf9v)
2025-04-28 08:36:00,690 Successfully completed frappe.utils.background_jobs.execute_job(event=None, is_async=True, job_name='frappe.core.doctype.scheduled_job_type.scheduled_job_type.run_scheduled_jo..., kwargs={'job_type': 'frappe.integrations.doctype.google_calendar.google_calendar.s..., method='frappe.core.doctype.scheduled_job_type.scheduled_job_type.run_scheduled_jo..., site='erpnext.localhost', user='Administrator') job in 0:00:00.255000s on worker 17f3bb4d1aec4cbea908b03e21e32276
2025-04-28 08:36:00,691 home-fy-Documents-GitHub-erpnext-frappe-bench:default: Job OK (erpnext.localhost||scheduled_job||57fp7enf9v)
2025-04-28 08:36:00,691 Result is kept for 600 seconds
2025-04-28 08:36:00,696 home-fy-Documents-GitHub-erpnext-frappe-bench:default: frappe.utils.background_jobs.execute_job(event=None, is_async=True, job_name='frappe.core.doctype.scheduled_job_type.scheduled_job_type.run_scheduled_jo..., kwargs={'job_type': 'frappe.monitor.flush', 'scheduled_job_type': '57fcr9524j'}, method='frappe.core.doctype.scheduled_job_type.scheduled_job_type.run_scheduled_jo..., site='erpnext.localhost', user='Administrator') (erpnext.localhost||scheduled_job||57fcr9524j)
2025-04-28 08:36:00,807 Successfully completed frappe.utils.background_jobs.execute_job(event=None, is_async=True, job_name='frappe.core.doctype.scheduled_job_type.scheduled_job_type.run_scheduled_jo..., kwargs={'job_type': 'frappe.monitor.flush', 'scheduled_job_type': '57fcr9524j'}, method='frappe.core.doctype.scheduled_job_type.scheduled_job_type.run_scheduled_jo..., site='erpnext.localhost', user='Administrator') job in 0:00:00.105364s on worker 17f3bb4d1aec4cbea908b03e21e32276
2025-04-28 08:36:00,807 home-fy-Documents-GitHub-erpnext-frappe-bench:default: Job OK (erpnext.localhost||scheduled_job||57fcr9524j)
2025-04-28 08:36:00,807 Result is kept for 600 seconds
2025-04-28 08:36:00,812 home-fy-Documents-GitHub-erpnext-frappe-bench:default: frappe.utils.background_jobs.execute_job(event=None, is_async=True, job_name='frappe.core.doctype.scheduled_job_type.scheduled_job_type.run_scheduled_jo..., kwargs={'job_type': 'frappe.email.doctype.notification.notification.trigger_offset..., method='frappe.core.doctype.scheduled_job_type.scheduled_job_type.run_scheduled_jo..., site='erpnext.localhost', user='Administrator') (erpnext.localhost||scheduled_job||57fmqjdgf7)
2025-04-28 08:36:00,933 Successfully completed frappe.utils.background_jobs.execute_job(event=None, is_async=True, job_name='frappe.core.doctype.scheduled_job_type.scheduled_job_type.run_scheduled_jo..., kwargs={'job_type': 'frappe.email.doctype.notification.notification.trigger_offset..., method='frappe.core.doctype.scheduled_job_type.scheduled_job_type.run_scheduled_jo..., site='erpnext.localhost', user='Administrator') job in 0:00:00.114459s on worker 17f3bb4d1aec4cbea908b03e21e32276
2025-04-28 08:36:00,933 home-fy-Documents-GitHub-erpnext-frappe-bench:default: Job OK (erpnext.localhost||scheduled_job||57fmqjdgf7)
2025-04-28 08:36:00,933 Result is kept for 600 seconds
2025-04-28 08:36:00,940 home-fy-Documents-GitHub-erpnext-frappe-bench:default: frappe.utils.background_jobs.execute_job(event=None, is_async=True, job_name='frappe.core.doctype.scheduled_job_type.scheduled_job_type.run_scheduled_jo..., kwargs={'job_type': 'frappe.email.queue.flush', 'scheduled_job_type': '57fu68shpf'..., method='frappe.core.doctype.scheduled_job_type.scheduled_job_type.run_scheduled_jo..., site='erpnext.localhost', user='Administrator') (erpnext.localhost||scheduled_job||57fu68shpf)
2025-04-28 08:36:01,124 Successfully completed frappe.utils.background_jobs.execute_job(event=None, is_async=True, job_name='frappe.core.doctype.scheduled_job_type.scheduled_job_type.run_scheduled_jo..., kwargs={'job_type': 'frappe.email.queue.flush', 'scheduled_job_type': '57fu68shpf'..., method='frappe.core.doctype.scheduled_job_type.scheduled_job_type.run_scheduled_jo..., site='erpnext.localhost', user='Administrator') job in 0:00:00.177110s on worker 17f3bb4d1aec4cbea908b03e21e32276
2025-04-28 08:36:01,125 home-fy-Documents-GitHub-erpnext-frappe-bench:default: Job OK (erpnext.localhost||scheduled_job||57fu68shpf)
2025-04-28 08:36:01,125 Result is kept for 600 seconds
2025-04-28 08:40:00,115 home-fy-Documents-GitHub-erpnext-frappe-bench:default: frappe.utils.background_jobs.execute_job(event=None, is_async=True, job_name='frappe.core.doctype.scheduled_job_type.scheduled_job_type.run_scheduled_jo..., kwargs={'job_type': 'frappe.email.doctype.notification.notification.trigger_offset..., method='frappe.core.doctype.scheduled_job_type.scheduled_job_type.run_scheduled_jo..., site='erpnext.localhost', user='Administrator') (erpnext.localhost||scheduled_job||57fmqjdgf7)
2025-04-28 08:40:00,239 Successfully completed frappe.utils.background_jobs.execute_job(event=None, is_async=True, job_name='frappe.core.doctype.scheduled_job_type.scheduled_job_type.run_scheduled_jo..., kwargs={'job_type': 'frappe.email.doctype.notification.notification.trigger_offset..., method='frappe.core.doctype.scheduled_job_type.scheduled_job_type.run_scheduled_jo..., site='erpnext.localhost', user='Administrator') job in 0:00:00.114036s on worker 17f3bb4d1aec4cbea908b03e21e32276
2025-04-28 08:40:00,240 home-fy-Documents-GitHub-erpnext-frappe-bench:default: Job OK (erpnext.localhost||scheduled_job||57fmqjdgf7)
2025-04-28 08:40:00,240 Result is kept for 600 seconds
2025-04-28 08:40:00,244 home-fy-Documents-GitHub-erpnext-frappe-bench:default: frappe.utils.background_jobs.execute_job(event=None, is_async=True, job_name='frappe.core.doctype.scheduled_job_type.scheduled_job_type.run_scheduled_jo..., kwargs={'job_type': 'frappe.email.doctype.email_account.email_account.pull', 'sche..., method='frappe.core.doctype.scheduled_job_type.scheduled_job_type.run_scheduled_jo..., site='erpnext.localhost', user='Administrator') (erpnext.localhost||scheduled_job||57fv1s5ve3)
2025-04-28 08:40:00,386 Successfully completed frappe.utils.background_jobs.execute_job(event=None, is_async=True, job_name='frappe.core.doctype.scheduled_job_type.scheduled_job_type.run_scheduled_jo..., kwargs={'job_type': 'frappe.email.doctype.email_account.email_account.pull', 'sche..., method='frappe.core.doctype.scheduled_job_type.scheduled_job_type.run_scheduled_jo..., site='erpnext.localhost', user='Administrator') job in 0:00:00.135658s on worker 17f3bb4d1aec4cbea908b03e21e32276
2025-04-28 08:40:00,386 home-fy-Documents-GitHub-erpnext-frappe-bench:default: Job OK (erpnext.localhost||scheduled_job||57fv1s5ve3)
2025-04-28 08:40:00,386 Result is kept for 600 seconds
2025-04-28 08:40:00,391 home-fy-Documents-GitHub-erpnext-frappe-bench:default: frappe.utils.background_jobs.execute_job(event=None, is_async=True, job_name='frappe.core.doctype.scheduled_job_type.scheduled_job_type.run_scheduled_jo..., kwargs={'job_type': 'frappe.monitor.flush', 'scheduled_job_type': '57fcr9524j'}, method='frappe.core.doctype.scheduled_job_type.scheduled_job_type.run_scheduled_jo..., site='erpnext.localhost', user='Administrator') (erpnext.localhost||scheduled_job||57fcr9524j)
2025-04-28 08:40:00,501 Successfully completed frappe.utils.background_jobs.execute_job(event=None, is_async=True, job_name='frappe.core.doctype.scheduled_job_type.scheduled_job_type.run_scheduled_jo..., kwargs={'job_type': 'frappe.monitor.flush', 'scheduled_job_type': '57fcr9524j'}, method='frappe.core.doctype.scheduled_job_type.scheduled_job_type.run_scheduled_jo..., site='erpnext.localhost', user='Administrator') job in 0:00:00.104263s on worker 17f3bb4d1aec4cbea908b03e21e32276
2025-04-28 08:40:00,501 home-fy-Documents-GitHub-erpnext-frappe-bench:default: Job OK (erpnext.localhost||scheduled_job||57fcr9524j)
2025-04-28 08:40:00,501 Result is kept for 600 seconds
2025-04-28 08:40:00,506 home-fy-Documents-GitHub-erpnext-frappe-bench:default: frappe.utils.background_jobs.execute_job(event=None, is_async=True, job_name='frappe.core.doctype.scheduled_job_type.scheduled_job_type.run_scheduled_jo..., kwargs={'job_type': 'frappe.integrations.doctype.google_calendar.google_calendar.s..., method='frappe.core.doctype.scheduled_job_type.scheduled_job_type.run_scheduled_jo..., site='erpnext.localhost', user='Administrator') (erpnext.localhost||scheduled_job||57fp7enf9v)
2025-04-28 08:40:00,777 Successfully completed frappe.utils.background_jobs.execute_job(event=None, is_async=True, job_name='frappe.core.doctype.scheduled_job_type.scheduled_job_type.run_scheduled_jo..., kwargs={'job_type': 'frappe.integrations.doctype.google_calendar.google_calendar.s..., method='frappe.core.doctype.scheduled_job_type.scheduled_job_type.run_scheduled_jo..., site='erpnext.localhost', user='Administrator') job in 0:00:00.265747s on worker 17f3bb4d1aec4cbea908b03e21e32276
2025-04-28 08:40:00,778 home-fy-Documents-GitHub-erpnext-frappe-bench:default: Job OK (erpnext.localhost||scheduled_job||57fp7enf9v)
2025-04-28 08:40:00,778 Result is kept for 600 seconds
2025-04-28 08:40:00,783 home-fy-Documents-GitHub-erpnext-frappe-bench:default: frappe.utils.background_jobs.execute_job(event=None, is_async=True, job_name='frappe.core.doctype.scheduled_job_type.scheduled_job_type.run_scheduled_jo..., kwargs={'job_type': 'frappe.email.queue.flush', 'scheduled_job_type': '57fu68shpf'..., method='frappe.core.doctype.scheduled_job_type.scheduled_job_type.run_scheduled_jo..., site='erpnext.localhost', user='Administrator') (erpnext.localhost||scheduled_job||57fu68shpf)
2025-04-28 08:40:00,973 Successfully completed frappe.utils.background_jobs.execute_job(event=None, is_async=True, job_name='frappe.core.doctype.scheduled_job_type.scheduled_job_type.run_scheduled_jo..., kwargs={'job_type': 'frappe.email.queue.flush', 'scheduled_job_type': '57fu68shpf'..., method='frappe.core.doctype.scheduled_job_type.scheduled_job_type.run_scheduled_jo..., site='erpnext.localhost', user='Administrator') job in 0:00:00.182708s on worker 17f3bb4d1aec4cbea908b03e21e32276
2025-04-28 08:40:00,973 home-fy-Documents-GitHub-erpnext-frappe-bench:default: Job OK (erpnext.localhost||scheduled_job||57fu68shpf)
2025-04-28 08:40:00,973 Result is kept for 600 seconds
2025-04-28 08:42:50,953 Worker 17f3bb4d1aec4cbea908b03e21e32276 [PID 5046]: warm shut down requested
Traceback (most recent call last):
  File "/home/fy/Documents/GitHub/erpnext/frappe-bench/apps/frappe/frappe/utils/bench_helper.py", line 48, in invoke
    return super().invoke(ctx)
  File "/home/fy/Documents/GitHub/erpnext/frappe-bench/env/lib/python3.10/site-packages/click/core.py", line 1697, in invoke
    return _process_result(sub_ctx.command.invoke(sub_ctx))
  File "/home/fy/Documents/GitHub/erpnext/frappe-bench/env/lib/python3.10/site-packages/click/core.py", line 1443, in invoke
    return ctx.invoke(self.callback, **ctx.params)
  File "/home/fy/Documents/GitHub/erpnext/frappe-bench/env/lib/python3.10/site-packages/click/core.py", line 788, in invoke
    return __callback(*args, **kwargs)
  File "/home/fy/Documents/GitHub/erpnext/frappe-bench/apps/frappe/frappe/commands/scheduler.py", line 206, in start_worker
    start_worker(
  File "/home/fy/Documents/GitHub/erpnext/frappe-bench/apps/frappe/frappe/utils/background_jobs.py", line 350, in start_worker
    worker.work(
  File "/home/fy/Documents/GitHub/erpnext/frappe-bench/env/lib/python3.10/site-packages/rq/worker.py", line 649, in work
    self.teardown()
  File "/home/fy/Documents/GitHub/erpnext/frappe-bench/env/lib/python3.10/site-packages/rq/worker.py", line 1150, in teardown
    self.register_death()
  File "/home/fy/Documents/GitHub/erpnext/frappe-bench/env/lib/python3.10/site-packages/rq/worker.py", line 897, in register_death
    p.execute()
  File "/home/fy/Documents/GitHub/erpnext/frappe-bench/env/lib/python3.10/site-packages/redis/client.py", line 1524, in execute
    conn = self.connection_pool.get_connection("MULTI", self.shard_hint)
  File "/home/fy/Documents/GitHub/erpnext/frappe-bench/env/lib/python3.10/site-packages/redis/connection.py", line 1422, in get_connection
    connection.connect()
  File "/home/fy/Documents/GitHub/erpnext/frappe-bench/env/lib/python3.10/site-packages/redis/connection.py", line 369, in connect
    self.on_connect()
  File "/home/fy/Documents/GitHub/erpnext/frappe-bench/env/lib/python3.10/site-packages/redis/connection.py", line 471, in on_connect
    self.read_response()
  File "/home/fy/Documents/GitHub/erpnext/frappe-bench/env/lib/python3.10/site-packages/redis/connection.py", line 592, in read_response
    response = self._parser.read_response(disable_decoding=disable_decoding)
  File "/home/fy/Documents/GitHub/erpnext/frappe-bench/env/lib/python3.10/site-packages/redis/_parsers/hiredis.py", line 128, in read_response
    self.read_from_socket()
  File "/home/fy/Documents/GitHub/erpnext/frappe-bench/env/lib/python3.10/site-packages/redis/_parsers/hiredis.py", line 90, in read_from_socket
    raise ConnectionError(SERVER_CLOSED_CONNECTION_ERROR)
redis.exceptions.ConnectionError: Connection closed by server.

Connection closed by server.
2025-04-28 08:42:56,048 Worker rq:worker:cc550e725d074a1bba5a6dc7a6fe4e92 started with PID 7624, version 2.3.2
2025-04-28 08:42:56,048 Subscribing to channel rq:pubsub:cc550e725d074a1bba5a6dc7a6fe4e92
2025-04-28 08:42:56,049 *** Listening on home-fy-Documents-GitHub-erpnext-frappe-bench:short, home-fy-Documents-GitHub-erpnext-frappe-bench:default, home-fy-Documents-GitHub-erpnext-frappe-bench:long...
2025-04-28 08:42:56,050 Cleaning registries for queue: home-fy-Documents-GitHub-erpnext-frappe-bench:short
2025-04-28 08:42:56,051 Cleaning registries for queue: home-fy-Documents-GitHub-erpnext-frappe-bench:default
2025-04-28 08:42:56,052 Cleaning registries for queue: home-fy-Documents-GitHub-erpnext-frappe-bench:long
2025-04-28 08:44:00,666 home-fy-Documents-GitHub-erpnext-frappe-bench:default: frappe.utils.background_jobs.execute_job(event=None, is_async=True, job_name='frappe.core.doctype.scheduled_job_type.scheduled_job_type.run_scheduled_jo..., kwargs={'job_type': 'frappe.integrations.doctype.google_calendar.google_calendar.s..., method='frappe.core.doctype.scheduled_job_type.scheduled_job_type.run_scheduled_jo..., site='erpnext.localhost', user='Administrator') (erpnext.localhost||scheduled_job||57fp7enf9v)
2025-04-28 08:44:01,018 Successfully completed frappe.utils.background_jobs.execute_job(event=None, is_async=True, job_name='frappe.core.doctype.scheduled_job_type.scheduled_job_type.run_scheduled_jo..., kwargs={'job_type': 'frappe.integrations.doctype.google_calendar.google_calendar.s..., method='frappe.core.doctype.scheduled_job_type.scheduled_job_type.run_scheduled_jo..., site='erpnext.localhost', user='Administrator') job in 0:00:00.326181s on worker cc550e725d074a1bba5a6dc7a6fe4e92
2025-04-28 08:44:01,018 home-fy-Documents-GitHub-erpnext-frappe-bench:default: Job OK (erpnext.localhost||scheduled_job||57fp7enf9v)
2025-04-28 08:44:01,019 Result is kept for 600 seconds
2025-04-28 08:44:01,024 home-fy-Documents-GitHub-erpnext-frappe-bench:default: frappe.utils.background_jobs.execute_job(event=None, is_async=True, job_name='frappe.core.doctype.scheduled_job_type.scheduled_job_type.run_scheduled_jo..., kwargs={'job_type': 'frappe.email.queue.flush', 'scheduled_job_type': '57fu68shpf'..., method='frappe.core.doctype.scheduled_job_type.scheduled_job_type.run_scheduled_jo..., site='erpnext.localhost', user='Administrator') (erpnext.localhost||scheduled_job||57fu68shpf)
2025-04-28 08:44:01,253 Successfully completed frappe.utils.background_jobs.execute_job(event=None, is_async=True, job_name='frappe.core.doctype.scheduled_job_type.scheduled_job_type.run_scheduled_jo..., kwargs={'job_type': 'frappe.email.queue.flush', 'scheduled_job_type': '57fu68shpf'..., method='frappe.core.doctype.scheduled_job_type.scheduled_job_type.run_scheduled_jo..., site='erpnext.localhost', user='Administrator') job in 0:00:00.221199s on worker cc550e725d074a1bba5a6dc7a6fe4e92
2025-04-28 08:44:01,253 home-fy-Documents-GitHub-erpnext-frappe-bench:default: Job OK (erpnext.localhost||scheduled_job||57fu68shpf)
2025-04-28 08:44:01,253 Result is kept for 600 seconds
2025-04-28 08:44:01,259 home-fy-Documents-GitHub-erpnext-frappe-bench:default: frappe.utils.background_jobs.execute_job(event=None, is_async=True, job_name='frappe.core.doctype.scheduled_job_type.scheduled_job_type.run_scheduled_jo..., kwargs={'job_type': 'frappe.monitor.flush', 'scheduled_job_type': '57fcr9524j'}, method='frappe.core.doctype.scheduled_job_type.scheduled_job_type.run_scheduled_jo..., site='erpnext.localhost', user='Administrator') (erpnext.localhost||scheduled_job||57fcr9524j)
2025-04-28 08:44:01,375 Successfully completed frappe.utils.background_jobs.execute_job(event=None, is_async=True, job_name='frappe.core.doctype.scheduled_job_type.scheduled_job_type.run_scheduled_jo..., kwargs={'job_type': 'frappe.monitor.flush', 'scheduled_job_type': '57fcr9524j'}, method='frappe.core.doctype.scheduled_job_type.scheduled_job_type.run_scheduled_jo..., site='erpnext.localhost', user='Administrator') job in 0:00:00.108895s on worker cc550e725d074a1bba5a6dc7a6fe4e92
2025-04-28 08:44:01,375 home-fy-Documents-GitHub-erpnext-frappe-bench:default: Job OK (erpnext.localhost||scheduled_job||57fcr9524j)
2025-04-28 08:44:01,375 Result is kept for 600 seconds
